g,mkt,Δ A 等权（不调仓）,Δ B 按当前波幅,Δ C 按检索波动预期,Δ D 随机置换(对照),Δ E 上帝视角(上限),date,year
0,-0.05035620927810669,0.0,0.023989565179727633,0.016823065694117574,-0.0013529431118963764,0.029315455459413296,2017-08-18 00:00:00+00:00,2017
1,0.01989674459804188,3.469446951953614e-18,-0.013634652102968738,-0.012428493993050242,-0.005183795672493328,-0.012988334474150409,2017-08-19 00:00:00+00:00,2017
2,-0.01250386129726063,1.734723475976807e-18,0.008445871387114993,0.0069419156264019285,0.004497507985391702,0.00910187551199832,2017-08-20 00:00:00+00:00,2017
3,0.003476706418124112,0.0,-0.002764491581997897,-0.002438368174857394,0.002314421470537186,-0.004120884795291743,2017-08-21 00:00:00+00:00,2017
4,0.024363811449571088,-3.469446951953614e-18,-0.010202266831362371,-0.011842063058584665,0.027551711735366927,-0.0125536788688171,2017-08-22 00:00:00+00:00,2017
5,-0.0020210547880692917,-4.336808689942018e-19,0.0020847829861474773,0.001421600321267682,0.003448424351969701,0.0017464571411125217,2017-08-23 00:00:00+00:00,2017
6,-0.010554775324734774,0.0,0.001551272059730633,0.002600316487766598,-0.009314938176881808,-0.000915386780773424,2017-08-24 00:00:00+00:00,2017
7,-0.0071420452811501245,1.734723475976807e-18,0.004026189128309446,0.003834434053714109,0.003420646252868006,0.003009460343905301,2017-08-25 00:00:00+00:00,2017
8,-0.03874620632691817,6.938893903907228e-18,0.016887040480286813,0.014532361980903599,7.357878660745748e-05,0.015316127029545525,2017-08-26 00:00:00+00:00,2017
9,0.033052162690596146,-6.938893903907228e-18,-0.010409946309004863,-0.007184206780848818,-0.004878808075555376,-0.017845345529704397,2017-08-27 00:00:00+00:00,2017
10,0.012420862913131714,0.0,-0.004955698600927971,-0.00367329514386008,-0.001818024154148199,-0.0070114759846021495,2017-08-28 00:00:00+00:00,2017
11,0.0004552964653287615,7.589415207398531e-19,0.0006931250503092815,0.0005657796301594468,0.008527406477988811,-0.0026182688082021805,2017-08-29 00:00:00+00:00,2017
12,-0.015028946101665497,1.734723475976807e-18,0.005544657466639864,0.003585733776244923,0.001993727533242357,0.0034842773217496122,2017-08-30 00:00:00+00:00,2017
13,-0.031199754348823,0.0,0.016356566092880987,0.015192428132657011,-0.029230294410334708,0.018416079528761592,2017-08-31 00:00:00+00:00,2017
14,-0.0014294950025422232,0.0,0.00042836858997124323,0.00018065633629517678,0.0043007320446300495,-0.0006839379506899876,2017-09-01 00:00:00+00:00,2017
15,0.00803782684462411,0.0,-0.006885802054587093,-0.00454117752510844,-0.019415334536334636,-0.0072297415507462,2017-09-02 00:00:00+00:00,2017
16,0.007983412061418806,0.0,0.0014923286301525372,-0.0008903144622920117,-0.00015099893156727585,-0.003312255275754865,2017-09-03 00:00:00+00:00,2017
17,0.008654022855418069,0.0,-0.004142356411303267,-0.003319362901715979,0.015353778742955305,-0.006646248018239221,2017-09-04 00:00:00+00:00,2017
18,0.0021467145000185284,-8.673617379884035e-19,0.0013972793826810765,1.9630248578296483e-05,-0.007522535314117603,-0.0017711790404078315,2017-09-05 00:00:00+00:00,2017
19,0.044867495340960364,0.0,-0.016042606251738804,-0.018272759146652086,-0.018071415208228896,-0.0273070815491611,2017-09-06 00:00:00+00:00,2017
20,0.04850957755531583,0.0,-0.02121206550614664,-0.017817330320527215,0.002475564393976566,-0.031504779483294464,2017-09-07 00:00:00+00:00,2017
21,-0.02819086185523442,3.469446951953614e-18,0.015453022040361676,0.011596557054190756,-0.0005219490865955717,0.00902642262705378,2017-09-08 00:00:00+00:00,2017
22,0.001227229310755144,-8.673617379884035e-19,4.275004337739156e-05,-7.302982779823974e-05,-0.0054259817376294,-0.004167398268858227,2017-09-09 00:00:00+00:00,2017
23,-0.005315793187994706,8.673617379884035e-19,-0.0013732708449691123,-0.0004104106449479934,0.029076252042871897,9.274680076031341e-05,2017-09-10 00:00:00+00:00,2017
24,-0.038150842847495245,0.0,0.03494823167082212,0.03298512826553715,0.005711820107626213,0.033727589190060615,2017-09-11 00:00:00+00:00,2017
25,-0.04573744021613022,0.0,0.040394647528741036,0.03966044547219405,-0.04810124036356838,0.04107698566307437,2017-09-12 00:00:00+00:00,2017
26,-0.15698576281810628,-2.7755575615628914e-17,0.1349592414305942,0.12597921840079998,-0.06763995257204136,0.044378816086063616,2017-09-13 00:00:00+00:00,2017
27,0.007316185482617082,8.673617379884035e-19,-0.001373434434708113,0.0007000319571030091,-0.0042814745306370035,-0.0031205945942384718,2017-09-14 00:00:00+00:00,2017
28,-0.023951412257501633,3.469446951953614e-18,0.009709345920116156,0.006839049198235081,-0.0030643414626562206,0.01618489893026381,2017-09-15 00:00:00+00:00,2017
29,0.024330487993896983,3.469446951953614e-18,-0.017136967317976787,-0.013169226159161485,-0.001815948513662978,-0.016666874297607874,2017-09-16 00:00:00+00:00,2017
30,0.009607757701248418,0.0,-0.005981592613009434,-0.00548835729812983,-0.005770545850367021,-0.006674659015201007,2017-09-17 00:00:00+00:00,2017
31,-0.01562491596722212,-1.734723475976807e-18,0.006792583009329049,0.006869532972646593,0.0025103597606003017,0.00891907197214578,2017-09-18 00:00:00+00:00,2017
32,0.028698457069084294,0.0,-0.016627179182912018,-0.014236203619959103,0.01704151607913564,-0.01735942861291979,2017-09-19 00:00:00+00:00,2017
33,-0.0003214689993089245,-1.5720931501039814e-18,0.0012054768950381144,0.00030047340087026363,0.0003293185600319972,-0.001862784070885367,2017-09-20 00:00:00+00:00,2017
34,0.016552850123374693,0.0,-0.009767112924302818,-0.008939112146506115,-0.00497034470183407,-0.01147059006215333,2017-09-21 00:00:00+00:00,2017
35,-0.002747635687551191,4.336808689942018e-19,0.001932620308539528,0.0018704294388453375,0.003448060289735887,0.000741122282567432,2017-09-22 00:00:00+00:00,2017
36,0.007958537147891137,0.0,-0.004658031440138122,-0.004586376591461255,-0.0043602070900003115,-0.00618662499655167,2017-09-23 00:00:00+00:00,2017
37,0.00745554797111019,0.0,-0.003979762614491216,-0.004029650136177863,0.015018425010357042,-0.006425591414716882,2017-09-24 00:00:00+00:00,2017
38,-0.028928952832375805,3.469446951953614e-18,0.016604994953109957,0.01704784722015466,0.01737686633671425,0.016505851103199784,2017-09-25 00:00:00+00:00,2017
39,0.056469041493631175,0.0,-0.02996478037664082,-0.02699615176224141,-0.01140624371333114,-0.03800172400654102,2017-09-26 00:00:00+00:00,2017
40,0.025231699789724043,0.0,-0.016555494818280093,-0.012576804205951758,-0.000713949837078065,-0.019566520138694754,2017-09-27 00:00:00+00:00,2017
41,0.03278648757165478,6.938893903907228e-18,-0.015430529772711747,-0.017159820984148238,-0.010095599190781276,-0.02109105369122071,2017-09-28 00:00:00+00:00,2017
42,-0.014941732729634932,1.734723475976807e-18,0.006405622905993526,0.00520830459676324,-0.005402219892827766,0.0058528221708436055,2017-09-29 00:00:00+00:00,2017
43,-0.012071686406289377,0.0,0.00485348923741675,0.004286461955270531,-0.0009763630543860903,0.004339509904245447,2017-09-30 00:00:00+00:00,2017
44,0.0049974504978426044,-8.673617379884035e-19,-0.002270206123871596,-0.002471128246659682,0.0016443741109993725,-0.0034407759110379682,2017-10-01 00:00:00+00:00,2017
45,-0.010597912092057486,1.734723475976807e-18,0.010097805544900732,0.00827787656330154,-0.01173655063842174,0.007865292127606362,2017-10-02 00:00:00+00:00,2017
46,0.03390946936985803,-6.938893903907228e-18,-0.023085960650788905,-0.020697203020127192,-0.013958902867878053,-0.02724765961882821,2017-10-03 00:00:00+00:00,2017
47,-0.02749324507183499,3.469446951953614e-18,0.01680435573259464,0.01731938804963341,-0.008225662768732211,0.01769350995792661,2017-10-04 00:00:00+00:00,2017
48,-0.031177970152052623,0.0,0.01897859138491911,0.01906651803422449,-0.010185853677658206,0.021727054660549087,2017-10-05 00:00:00+00:00,2017
49,0.023021769902062793,0.0,-0.015926395500748113,-0.015132283041450806,0.008308099934996118,-0.01634461502128782,2017-10-06 00:00:00+00:00,2017
50,-0.02380085937560551,3.469446951953614e-18,0.015306747444559838,0.015386859689970625,-0.011565149503550889,0.016397582845693245,2017-10-07 00:00:00+00:00,2017
51,-0.005991719071827237,8.673617379884035e-19,0.00439725814099504,0.004530576329405169,-0.010646638357328056,0.0037540491902190195,2017-10-08 00:00:00+00:00,2017
52,0.022620031757960245,-6.938893903907228e-18,-0.016484589904696288,-0.016688100097709817,0.05292010078928487,-0.01700148850783756,2017-10-09 00:00:00+00:00,2017
53,0.003176681579105438,0.0,-0.001339706446066059,-0.0014329578896470974,0.006784358033388609,-0.0028481478718963577,2017-10-10 00:00:00+00:00,2017
54,-0.013784744436778719,0.0,0.006911673236009946,0.008324280391938508,0.01728920124696067,0.006665649171653802,2017-10-11 00:00:00+00:00,2017
55,-0.07569207369335114,0.0,0.03933520446182147,0.04459852242885825,-0.00471197502705506,0.056133220318716745,2017-10-12 00:00:00+00:00,2017
56,0.018853998373425197,-3.469446951953614e-18,-0.014721846136620535,-0.011845310171843131,-0.008203963058860527,-0.012400748259337065,2017-10-13 00:00:00+00:00,2017
57,0.07289879473428877,1.3877787807814457e-17,-0.03658306271086232,-0.03880216991680869,0.006611651852408293,-0.04279301681772665,2017-10-14 00:00:00+00:00,2017
58,-0.01822860657222687,3.469446951953614e-18,0.008705006411651523,0.005983793216009389,0.029077634138525134,0.0054596507259932325,2017-10-15 00:00:00+00:00,2017
59,0.06409992988292988,0.0,-0.022407720497992903,-0.014358793751910515,0.010796337010034587,-0.051720337774010534,2017-10-16 00:00:00+00:00,2017
60,0.015541413197150597,1.734723475976807e-18,-0.009469531554632564,-0.00808330460706777,0.008407428410281694,-0.011745144707945847,2017-10-17 00:00:00+00:00,2017
61,0.001006595905010517,2.168404344971009e-19,0.0008254153728653592,0.0011036866785402153,-0.03648311189301672,-0.0010771073320423512,2017-10-18 00:00:00+00:00,2017
62,-0.017785539993873008,0.0,0.010140411745850696,0.009296630794144793,0.0014976332490062583,0.008782133226564272,2017-10-19 00:00:00+00:00,2017
63,0.0026717598621661845,4.336808689942018e-19,-0.0016509158814583744,-0.0012934851553986718,-0.01661611293165589,-0.0032753823941657966,2017-10-20 00:00:00+00:00,2017
64,0.018971578891460714,0.0,-0.012132043441668159,-0.012117946171788175,-0.013586980046641203,-0.014266506167021586,2017-10-21 00:00:00+00:00,2017
65,0.014327550851381743,0.0,-0.007623887806705101,-0.008075244704425274,-0.008323239621420321,-0.012076493082396821,2017-10-22 00:00:00+00:00,2017
66,0.012445451663090632,3.469446951953614e-18,-0.010069535741381641,-0.00882724779904593,-0.012198149133880629,-0.012505816706931483,2017-10-23 00:00:00+00:00,2017
67,0.014783992217137264,0.0,-0.004670241882223989,-0.007252652652227613,-0.026322971621347762,-0.008666753448537616,2017-10-24 00:00:00+00:00,2017
68,0.01903307712995089,3.469446951953614e-18,-0.007814482949584403,-0.00815415100456036,-0.0022563933399595594,-0.01268513730741774,2017-10-25 00:00:00+00:00,2017
69,0.0006613080318157489,5.421010862427522e-19,0.002519909546528638,0.0012573674413898948,0.01963202361674673,-0.0005305906912563909,2017-10-26 00:00:00+00:00,2017
70,-0.0021669772955087516,8.673617379884035e-19,0.0004769721286493119,0.0010304923340222674,-0.010842787083471231,-0.003295453820288806,2017-10-27 00:00:00+00:00,2017
71,-0.03710057067148613,0.0,0.019895929432021054,0.01878855456652039,0.014553274836770012,0.01696948135738354,2017-10-28 00:00:00+00:00,2017
72,0.011426628539056488,3.469446951953614e-18,-0.005099590117611323,-0.0037161371977581124,-0.0032624365380127737,-0.008001896373526857,2017-10-29 00:00:00+00:00,2017
73,0.01774600057890921,0.0,-0.007170907682840979,-0.009183401000940719,0.0030411588457416316,-0.011417676099604236,2017-10-30 00:00:00+00:00,2017
74,-0.017046638510443947,0.0,0.00933743915510784,0.009451334168920685,0.00118661533831102,0.007540997730389295,2017-10-31 00:00:00+00:00,2017
75,0.0071992431626175385,0.0,-0.0032142207552936924,-0.003416753030469124,0.006323426858767366,-0.00480884376275576,2017-11-01 00:00:00+00:00,2017
76,0.00898151235146956,0.0,-0.0034186629974192135,-0.0031996421109777963,-0.0018013695674241473,-0.006805187929037163,2017-11-02 00:00:00+00:00,2017
77,-0.013031880060831705,-1.734723475976807e-18,0.003994945119432627,0.005383898568391259,-0.005416603664788968,0.003996017097240309,2017-11-03 00:00:00+00:00,2017
78,-0.012938329667756052,0.0,0.005025851724729144,0.004706597919877516,-0.009442697859981029,0.004541018344885064,2017-11-04 00:00:00+00:00,2017
79,0.012711195384754854,-1.734723475976807e-18,-0.005842896301315486,-0.00635486928133086,0.013472752373764493,-0.010802851784814847,2017-11-05 00:00:00+00:00,2017
80,-0.0018058752312379725,6.505213034913027e-19,0.0013442517568966498,0.0006334946663522798,-0.011106984324192482,-0.0007509488202123334,2017-11-06 00:00:00+00:00,2017
81,-0.0514132757397259,6.938893903907228e-18,0.027903327279902523,0.030596017317412613,-0.010965093763883695,0.027217070209854578,2017-11-07 00:00:00+00:00,2017
82,-0.013195341124254115,0.0,0.006220760005423645,0.00553684735540857,-0.016033935392183077,0.006492272667649235,2017-11-08 00:00:00+00:00,2017
83,-0.014289956759004033,1.734723475976807e-18,0.008669900019525925,0.007791568455667862,0.003704329422590193,0.007454073099529789,2017-11-09 00:00:00+00:00,2017
84,-0.06208403671489043,-6.938893903907228e-18,0.028808509715686312,0.03160423128094131,-0.0065905224437573726,0.027455003814834386,2017-11-10 00:00:00+00:00,2017
85,-0.062429919838905334,6.938893903907228e-18,0.026579891176106568,0.018020477087631936,0.004517055572577526,0.0337671208531814,2017-11-11 00:00:00+00:00,2017
86,0.0414606700925266,0.0,-0.026256258034016405,-0.015467777523522588,0.015409321354463698,-0.02981680248851296,2017-11-12 00:00:00+00:00,2017
87,-0.06320429971252663,1.3877787807814457e-17,0.04103533657529289,0.0373951584281975,-0.007792078525840684,0.043781711894096825,2017-11-13 00:00:00+00:00,2017
88,0.02794957160949707,0.0,-0.02036446734496991,-0.01899569786913574,0.015552693522668144,-0.022132611546757747,2017-11-14 00:00:00+00:00,2017
89,0.030269888000211853,0.0,-0.0210538683450805,-0.01648506977657502,-0.002460574489760184,-0.02103181547133171,2017-11-15 00:00:00+00:00,2017
90,0.027474780013595802,0.0,-0.015114392092397119,-0.014161423537424698,0.021205103037755364,-0.0211228204803417,2017-11-16 00:00:00+00:00,2017
91,0.005053629909736523,0.0,-0.0032046505887910067,-0.0027502526199777396,0.04748571235185245,-0.006154676452426588,2017-11-17 00:00:00+00:00,2017
92,0.02934837945993396,-3.469446951953614e-18,-0.01739848544404169,-0.018347356225953466,0.002196618954676148,-0.019512057698548697,2017-11-18 00:00:00+00:00,2017
93,-0.024669203587940763,0.0,0.013173370825334025,0.015119433368281419,-0.0022335632149352268,0.016355667781962294,2017-11-19 00:00:00+00:00,2017
94,-0.014705439124788557,1.734723475976807e-18,0.01078508621323216,0.009884034517262108,0.012990482079676364,0.009488236490527688,2017-11-20 00:00:00+00:00,2017
95,-0.013576874562672207,1.734723475976807e-18,0.008715377410463075,0.008710791948025012,-0.019993112264331283,0.007142572217628084,2017-11-21 00:00:00+00:00,2017
96,0.008246794768742153,0.0,-0.005495145329022021,-0.00550312751435788,-0.0017916997152817695,-0.007378722830121885,2017-11-22 00:00:00+00:00,2017
97,-0.018018754039491925,3.469446951953614e-18,0.010443419939727028,0.011920206813114061,0.03632496317854092,0.010585065558957458,2017-11-23 00:00:00+00:00,2017
98,0.017037808043616157,3.469446951953614e-18,-0.012823375138141437,-0.011945552872078683,0.010344660815144811,-0.012704378950320217,2017-11-24 00:00:00+00:00,2017
99,0.025127254213605607,0.0,-0.0176748625911377,-0.0176391580203585,0.007863812773766327,-0.019691679039795296,2017-11-25 00:00:00+00:00,2017
100,0.008234463946920045,1.734723475976807e-18,-0.005911994575621599,-0.005820276375090699,0.02079126000152346,-0.006907197979501336,2017-11-26 00:00:00+00:00,2017
101,0.01917985711299198,-3.469446951953614e-18,-0.01237759166514939,-0.013566333348696964,0.010593878144148836,-0.016755698095885282,2017-11-27 00:00:00+00:00,2017
102,-0.02516405683168223,0.0,0.019122927344796307,0.01877077186880394,-0.009460298099262524,0.0154845853189579,2017-11-28 00:00:00+00:00,2017
103,-0.0711889560793487,-1.3877787807814457e-17,0.05068922718963649,0.04555091251759556,0.029771435907188157,0.05609298778854087,2017-11-29 00:00:00+00:00,2017
104,0.018701080705078556,0.0,-0.015788857534947506,-0.013627705357301408,0.009023249738742724,-0.0157783495136753,2017-11-30 00:00:00+00:00,2017
105,-0.004239279619404968,0.0,0.0035467020875949154,0.002901852202029118,-0.0029922763513824833,0.002005844381003125,2017-12-01 00:00:00+00:00,2017
106,0.011075660376481607,0.0,-0.00472875390344084,-0.0059128490935689915,-0.0020003130993797302,-0.007337557762173032,2017-12-02 00:00:00+00:00,2017
107,-0.034647937391845275,6.938893903907228e-18,0.019821427552798962,0.022817035277491304,0.003640907585967485,0.023855017714427242,2017-12-03 00:00:00+00:00,2017
108,0.021666154265403748,-3.469446951953614e-18,-0.016792246098514683,-0.015271274005266518,-0.009839815136598241,-0.018102810698114043,2017-12-04 00:00:00+00:00,2017
109,-0.05251934710476133,0.0,0.0349060195803062,0.03760325306580754,-0.0032197014534016064,0.03324365331722267,2017-12-05 00:00:00+00:00,2017
110,-0.07276696711778641,0.0,0.04601371442544084,0.035898824086463874,-0.004686549243411817,0.04736383670992282,2017-12-06 00:00:00+00:00,2017
111,0.09041794637839,-1.3877787807814457e-17,-0.0618613003560635,-0.04645827087720181,0.028371851691640054,-0.06193496353912632,2017-12-07 00:00:00+00:00,2017
112,-0.005231295194890764,8.673617379884035e-19,0.002628430419103545,0.0019386377615900293,0.03877722045312941,-0.0019250911357671392,2017-12-08 00:00:00+00:00,2017
113,0.018545302251974743,-3.469446951953614e-18,-0.008250852861554492,-0.008129551157341718,-0.006922445249310103,-0.014247608407739115,2017-12-09 00:00:00+00:00,2017
114,-0.011582595606644949,1.734723475976807e-18,0.005866291842095441,0.006434851880927302,-0.00566813621070286,0.006909224177168043,2017-12-10 00:00:00+00:00,2017
115,0.020119576421502517,3.469446951953614e-18,-0.00785102891730159,-0.011190739191407855,0.01859393919783261,-0.013697667802981298,2017-12-11 00:00:00+00:00,2017
116,-0.03179711266739728,0.0,0.019836750745064552,0.020341768351903943,-0.0009589210411635046,0.019230123786407368,2017-12-12 00:00:00+00:00,2017
117,0.011405579847832248,1.734723475976807e-18,-0.006728409151990072,-0.0066815642789164725,-0.012791311867427638,-0.009936118441098625,2017-12-13 00:00:00+00:00,2017
118,-0.01940553808865482,0.0,0.011827599668584515,0.012737000183870372,-0.0027769990673123662,0.011770847314204549,2017-12-14 00:00:00+00:00,2017
119,0.004787620616285768,0.0,-0.002503368307362854,-0.0021734423782620634,-0.004389968192735097,-0.004722549488752001,2017-12-15 00:00:00+00:00,2017
120,0.008623991927055463,0.0,-0.004333331667409582,-0.005495219861480617,0.00649076253911157,-0.0046618855427523215,2017-12-16 00:00:00+00:00,2017
121,0.010774413200273905,0.0,-0.0025217013360376937,-0.003546955572808444,-0.009248560258204397,-0.006482590246822002,2017-12-17 00:00:00+00:00,2017
122,-0.0008046994470570185,-3.2526065174565133e-19,0.0025899651340738476,0.000549132274583959,0.017643089689680497,0.0006157982507322574,2017-12-18 00:00:00+00:00,2017
123,-0.017893262921947324,0.0,0.009180801603303408,0.008767586536988628,0.0017638922269232332,0.008448033708496241,2017-12-19 00:00:00+00:00,2017
124,-0.020502162306276085,0.0,0.00898562198665969,0.009162413325874544,-0.01199953862977518,0.010621849350278,2017-12-20 00:00:00+00:00,2017
125,0.012792321917128889,1.734723475976807e-18,-0.006991756954692846,-0.007347847325515317,0.010035842251447803,-0.0084077332635238,2017-12-21 00:00:00+00:00,2017
126,-0.035204652237565554,0.0,0.01682675225442338,0.01826011724553469,-0.009258746948090653,0.020629012969064463,2017-12-22 00:00:00+00:00,2017
127,0.040015354548415094,0.0,-0.021451223431686706,-0.022496802347575843,0.0022569653219030664,-0.02158578931630061,2017-12-23 00:00:00+00:00,2017
128,0.010663074173339426,-1.734723475976807e-18,-0.00442949207634614,-0.003607519100757216,-0.003363530195513614,-0.008040352189939943,2017-12-24 00:00:00+00:00,2017
129,0.0006648793413832381,-3.2526065174565133e-19,7.745953643296477e-05,-7.4313934038003305e-06,0.010994414115586526,-0.0012289150841669253,2017-12-25 00:00:00+00:00,2017
130,0.03406784260595167,6.938893903907228e-18,-0.01621369297809899,-0.02037408301574422,0.0027604970351435207,-0.02309986600525432,2017-12-26 00:00:00+00:00,2017
131,-0.012596997860315684,-3.469446951953614e-18,0.0069478653547987825,0.00679535666636427,0.01307134569864492,0.00635661230157653,2017-12-27 00:00:00+00:00,2017
132,-0.012212693691253662,0.0,0.006627783852108309,0.005555259764757031,-0.009443868016654929,0.0058866290994636855,2017-12-28 00:00:00+00:00,2017
133,-0.01850533968693501,0.0,0.010273100948880618,0.008750730298409694,-0.002653428798398187,0.010445386010010391,2017-12-29 00:00:00+00:00,2017
134,0.02500375863668081,0.0,-0.012945530454622914,-0.01547702187138179,0.0200415341474614,-0.016257655755943068,2017-12-30 00:00:00+00:00,2017
135,0.009002638657887778,0.0,-0.0050341951127638165,-0.004660435995868803,0.008028248941572022,-0.007088491023447582,2017-12-31 00:00:00+00:00,2017
136,0.01337703545888265,0.0,-0.0065511223108263225,-0.007263133457562526,0.0022560112646103844,-0.010137387165804205,2018-01-01 00:00:00+00:00,2018
137,-0.0044940757751464845,-8.673617379884035e-19,0.0019163615728696429,0.0025828442380236476,0.014868346349009416,0.0001135377461815093,2018-01-02 00:00:00+00:00,2018
138,0.05757184187571208,6.938893903907228e-18,-0.022295193453622734,-0.02678327679552288,0.046943586888923854,-0.044332092117549744,2018-01-03 00:00:00+00:00,2018
139,0.037394803365071616,-6.938893903907228e-18,-0.02424865979604006,-0.021814851201875707,0.06083406349370196,-0.02605857233371601,2018-01-04 00:00:00+00:00,2018
140,-0.0035841472943623862,4.336808689942018e-19,0.0008330550415046795,0.0006654576345202137,-0.014068573795796088,-0.0011233790437822407,2018-01-05 00:00:00+00:00,2018
141,0.04159102598826091,0.0,-0.022845155732664102,-0.019212856117034563,-0.013641039221164636,-0.027851480002403957,2018-01-06 00:00:00+00:00,2018
142,-0.01546293418658407,1.734723475976807e-18,0.01051686949298012,0.008576774989104764,-0.005423042481658735,0.009986215256452696,2018-01-07 00:00:00+00:00,2018
143,-0.042693995331463064,6.938893903907228e-18,0.025041957657143444,0.02564858041276554,-0.008050328572844462,0.02237601777576244,2018-01-08 00:00:00+00:00,2018
144,0.006780847122794704,0.0,-0.003867354697057381,-0.0029418297939799187,-0.0031833184180499715,-0.00580864006789052,2018-01-09 00:00:00+00:00,2018
145,0.015355852873701798,0.0,-0.006975106552221373,-0.008223552528866803,0.009744358707610836,-0.009816636517001359,2018-01-10 00:00:00+00:00,2018
146,0.0058667871512864764,-8.673617379884035e-19,-0.002559451751559924,-0.0023109813832141654,-0.001997943052754798,-0.005124674535130707,2018-01-11 00:00:00+00:00,2018
147,-0.03637268668726871,-6.938893903907228e-18,0.01714889231297169,0.017975863369439096,-0.008165406715517756,0.01830117423740938,2018-01-12 00:00:00+00:00,2018
148,0.0014115548447558755,-6.505213034913027e-19,-0.0009518425194933369,-0.0010213004139327548,-4.620209047144323e-05,-0.0019129885971879215,2018-01-13 00:00:00+00:00,2018
149,0.004723715939019856,0.0,-0.0019648109667295415,-0.0024964875957812723,0.017813739072390356,-0.006361769881315253,2018-01-14 00:00:00+00:00,2018
150,0.01892876076070886,-6.938893903907228e-18,-0.007232673572608681,-0.008526346971312925,-0.0037767491891791214,-0.011553564593408778,2018-01-15 00:00:00+00:00,2018
151,0.013020078602590059,0.0,-0.007663305785199179,-0.007129397671553039,0.01627238271960252,-0.009249794941567538,2018-01-16 00:00:00+00:00,2018
152,0.013622282367003592,0.0,-0.008625700450420876,-0.008738073000845274,0.006582402632292194,-0.008326872571614068,2018-01-17 00:00:00+00:00,2018
153,0.0043405874779349875,8.673617379884035e-19,-0.0024905438334753187,-0.0023218352087017065,0.015714726684356226,-0.0051177723450937795,2018-01-18 00:00:00+00:00,2018
154,0.026256587160261052,0.0,-0.012023260202515828,-0.013295942860933508,0.001061451634825395,-0.018775616820175874,2018-01-19 00:00:00+00:00,2018
155,0.011805011253607901,0.0,-0.0021111845486972217,-0.0028438582351626544,-0.011827239681319922,-0.010170827704561822,2018-01-20 00:00:00+00:00,2018
156,0.011069108781061675,0.0,-0.005360827487603556,-0.0060107799160244784,-0.0035752225705130754,-0.007537511305817253,2018-01-21 00:00:00+00:00,2018
157,0.021283568520294994,0.0,-0.011717951020433373,-0.013072284182702766,-0.02125837612967114,-0.01697582166321354,2018-01-22 00:00:00+00:00,2018
158,0.01735507736080571,-3.469446951953614e-18,-0.011405985290674416,-0.010979839450271856,0.005275854844397,-0.012734839963573118,2018-01-23 00:00:00+00:00,2018
159,0.04636202282027194,-6.938893903907228e-18,-0.024377081610330628,-0.024338318167232083,-0.02919162229823405,-0.03598554388477865,2018-01-24 00:00:00+00:00,2018
160,0.025903214749537017,0.0,-0.011080068253855718,-0.009023095433390974,0.00410882166909227,-0.014244328192930276,2018-01-25 00:00:00+00:00,2018
161,0.06688554663407176,0.0,-0.021745249136438383,-0.022761561090791166,-0.02581074963640543,-0.05085723871139685,2018-01-26 00:00:00+00:00,2018
162,0.022335989134652273,0.0,-0.01198847515092385,-0.011967137841329474,0.014434577718991409,-0.018197382973335882,2018-01-27 00:00:00+00:00,2018
163,-0.009388237814360026,-1.734723475976807e-18,0.004860798455742182,0.004515398138663096,-0.012507146890588584,0.0017425327499900759,2018-01-28 00:00:00+00:00,2018
164,0.045614585280418396,6.938893903907228e-18,-0.02820586972992647,-0.024649817537248927,-0.011544822501967526,-0.03142764517501667,2018-01-29 00:00:00+00:00,2018
165,-0.0044078797101974486,-8.673617379884035e-19,0.00402239778813341,0.004188390272504951,0.03181018635278072,-0.0003126611645768648,2018-01-30 00:00:00+00:00,2018
166,0.05439367592334747,0.0,-0.02580631381592139,-0.024181247098619213,0.03163253050764314,-0.03333304893291169,2018-01-31 00:00:00+00:00,2018
167,0.06893100216984749,0.0,-0.0307188002418243,-0.02955526159544681,-0.008169571548285876,-0.0469276002298683,2018-02-01 00:00:00+00:00,2018
168,-0.017036590725183487,0.0,0.01164378095977455,0.009898732791794351,-0.0014599341389565576,0.008206145752844509,2018-02-02 00:00:00+00:00,2018
169,0.04466668516397476,0.0,-0.02102804770737813,-0.015246731739308975,-0.00010007134802881429,-0.0274807383035751,2018-02-03 00:00:00+00:00,2018
170,-0.07103728652000427,0.0,0.03182708142707098,0.027873680828617825,0.01787973344709369,0.04389505559207886,2018-02-04 00:00:00+00:00,2018
171,-0.04384336769580841,0.0,0.030039602569218424,0.019346881398269386,0.00297614002923597,0.030114371067310693,2018-02-05 00:00:00+00:00,2018
172,-0.013913363218307495,0.0,0.009125728567989667,0.006053238192402536,-0.011857164229068587,0.007407605783303175,2018-02-06 00:00:00+00:00,2018
173,0.042387797683477405,0.0,-0.028236959157634266,-0.021413579555761425,-0.0064581313884624,-0.025152897723450883,2018-02-07 00:00:00+00:00,2018
174,-0.08359679952263832,0.0,0.04725600941186463,0.04045237256190716,-0.014991023000231668,0.049932788256438126,2018-02-08 00:00:00+00:00,2018
175,-0.009787444770336152,0.0,0.005375128279989885,0.0042124846548638566,0.005923672228812356,0.004539512939750541,2018-02-09 00:00:00+00:00,2018
176,0.017772745341062546,0.0,-0.01071174331891434,-0.009259560995822754,0.0009455232779584689,-0.013545209508099655,2018-02-10 00:00:00+00:00,2018
177,-0.009540320187807084,0.0,0.0061234974689277025,0.005431051761766129,-0.0016872216879908093,0.005498688487999884,2018-02-11 00:00:00+00:00,2018
178,0.037969888728341936,0.0,-0.02164399736549819,-0.02484041379295407,0.03059985061393146,-0.023438724409342627,2018-02-12 00:00:00+00:00,2018
179,-0.05248811215530207,6.938893903907228e-18,0.030612408689830575,0.03196657340705187,0.01077475175784634,0.02752388566694759,2018-02-13 00:00:00+00:00,2018
180,-0.06785102538120599,0.0,0.035286972573872546,0.028884683189293395,0.0013851724773152468,0.042691514912707174,2018-02-14 00:00:00+00:00,2018
181,-0.0950418276551329,-1.3877787807814457e-17,0.05761414648922899,0.05564375142348468,-0.0028948016210795513,0.06495726662432587,2018-02-15 00:00:00+00:00,2018
182,0.029905491405063205,3.469446951953614e-18,-0.020909331117118984,-0.01591278596085735,-0.01183967201609664,-0.0210810524559798,2018-02-16 00:00:00+00:00,2018
183,-0.00035190364209617054,3.7947076036992655e-19,-0.001760160785221273,-0.0016038009014023,0.011871238150949912,-0.0019893672351122293,2018-02-17 00:00:00+00:00,2018
184,-0.020491865349978936,0.0,0.012180549738099051,0.010093727968613663,0.0028405808867359265,0.011623190027475165,2018-02-18 00:00:00+00:00,2018
185,-0.008865719161382535,1.734723475976807e-18,0.0049378812007323065,0.005599073133254346,0.029770102735356477,0.004525893156006756,2018-02-19 00:00:00+00:00,2018
186,0.06760678858291812,0.0,-0.03669768604056072,-0.033472662249565556,0.03085757879297278,-0.04223199357065516,2018-02-20 00:00:00+00:00,2018
187,0.0034327666933943587,0.0,-0.003726076528738282,-0.003281053708121605,0.006408304542348899,-0.0065214759402066206,2018-02-21 00:00:00+00:00,2018
188,0.04945239279328323,0.0,-0.028266494721775455,-0.029010280724437804,0.0001058871860072294,-0.03746019839461376,2018-02-22 00:00:00+00:00,2018
189,0.042625418523462806,-6.938893903907228e-18,-0.023988628814956614,-0.02331154041919836,0.001111010148497904,-0.030693390037910537,2018-02-23 00:00:00+00:00,2018
190,0.020091033563381287,3.469446951953614e-18,-0.0135075446730578,-0.012295887288288721,-0.008992674099053648,-0.01491760962805954,2018-02-24 00:00:00+00:00,2018
191,-0.021396817957482685,0.0,0.005271311908665921,0.008900867240289424,-0.009032534969414537,0.010068580690704727,2018-02-25 00:00:00+00:00,2018
192,-0.12567033709549322,0.0,0.08033670966363457,0.06466040028100181,0.009062208979329814,0.08822271293907301,2018-02-26 00:00:00+00:00,2018
193,-0.030654305365027452,3.469446951953614e-18,0.022795816000740307,0.01612323966395756,0.005189149649483315,0.02047172257379533,2018-02-27 00:00:00+00:00,2018
194,0.043337408362365354,-6.938893903907228e-18,-0.03092085351858697,-0.025339529845940727,-0.014518728913130434,-0.034539450709367335,2018-02-28 00:00:00+00:00,2018
195,-0.03360080137485411,-6.938893903907228e-18,0.02037797081580775,0.01979273655217132,-0.00195680698839322,0.023334715236237973,2018-03-01 00:00:00+00:00,2018
196,-0.4086395502090454,0.0,0.30205476712178486,0.2376971588654142,-0.02361560970233295,0.10886274297938864,2018-03-02 00:00:00+00:00,2018
197,0.10949752534308084,1.3877787807814457e-17,-0.06384686707856638,-0.022000256613163613,-0.004013988089231174,-0.05773261898717095,2018-03-03 00:00:00+00:00,2018
198,-0.05657775881813794,0.0,0.03324829440034262,0.009237707665267672,0.00679563794859904,0.017108883841191573,2018-03-04 00:00:00+00:00,2018
199,0.03619423508644104,0.0,-0.00907051446687394,-0.002825215449065374,0.0008996387086133636,-0.019902024632028135,2018-03-05 00:00:00+00:00,2018
200,-0.1359515393652567,-2.7755575615628914e-17,0.06419228837768425,0.0334112698774255,-0.008278645936920848,0.07732458276053861,2018-03-06 00:00:00+00:00,2018
201,0.10098086624610715,0.0,-0.06929291421004882,-0.04131428019771162,0.012991027039949019,-0.05977333966210682,2018-03-07 00:00:00+00:00,2018
202,-0.005474209058575514,0.0,0.005022616993891654,0.0036862306250728307,-0.006388193268648228,0.0011287418770843287,2018-03-08 00:00:00+00:00,2018
203,0.1658093464083788,0.0,-0.08712495833523716,-0.07154023250011403,-0.02716501752110198,-0.10807954295212657,2018-03-09 00:00:00+00:00,2018
204,-0.017438323032565234,0.0,0.01271772250251304,0.008501442246387199,-0.03815919318453911,0.010891115291228624,2018-03-10 00:00:00+00:00,2018
205,0.007987763096646564,1.734723475976807e-18,-0.0059626414509217655,-0.0029295847192227697,0.0007936498228660587,-0.005708410963294433,2018-03-11 00:00:00+00:00,2018
206,-0.08316821950237925,-1.3877787807814457e-17,0.050451525042500334,0.03809499170332918,0.0053130953749526005,0.05908886863864006,2018-03-12 00:00:00+00:00,2018
207,0.09141311849035867,1.3877787807814457e-17,-0.06784137910919695,-0.043981731477316786,0.0068049151382180845,-0.049694492786299865,2018-03-13 00:00:00+00:00,2018
208,0.025807270916496833,0.0,-0.01181698628613236,-0.008019475057365315,-0.001449608381090279,-0.01313474176827037,2018-03-14 00:00:00+00:00,2018
209,0.0001981309274347817,-5.963111948670274e-19,-0.00044403254204057813,0.0017831265538993117,-0.0043101504971687936,-0.004942504555843808,2018-03-15 00:00:00+00:00,2018
210,0.027773789516309412,-3.469446951953614e-18,-0.013220040024042791,-0.011948728019948469,-0.0006290189585713389,-0.019184083202697537,2018-03-16 00:00:00+00:00,2018
211,-0.004457782550030444,-8.673617379884035e-19,0.002950564539549089,0.0031224798618349927,-0.016671791057662234,-0.004073353435246298,2018-03-17 00:00:00+00:00,2018
212,-0.03788778221750834,0.0,0.016868336895204894,0.013906505773003265,-0.004824760319105663,0.023041084916676086,2018-03-18 00:00:00+00:00,2018
213,-0.04839333855962179,-6.938893903907228e-18,0.03206799750462734,0.02572691097811338,0.007172891949566454,0.0275083974594293,2018-03-19 00:00:00+00:00,2018
214,0.07666858923004334,1.3877787807814457e-17,-0.04436777893498632,-0.03975139267844455,0.00239610861981035,-0.0458281620825297,2018-03-20 00:00:00+00:00,2018
215,0.013160877917186323,1.734723475976807e-18,-0.0066092221621558275,-0.004793231023079521,0.0005759398269342113,-0.009294689894433224,2018-03-21 00:00:00+00:00,2018
216,0.007572383765714714,0.0,-0.00289218258133691,-0.003928054745670248,0.015372252504449372,-0.006104344073030361,2018-03-22 00:00:00+00:00,2018
217,0.026044118117137128,3.469446951953614e-18,-0.012066038872368443,-0.010930267993411916,-0.002878670963728021,-0.01456459125067689,2018-03-23 00:00:00+00:00,2018
218,0.010529728539018747,-1.734723475976807e-18,-0.00552206276527537,-0.00469184790723412,-0.007252367033915222,-0.008039735855138418,2018-03-24 00:00:00+00:00,2018
219,0.007757725485836167,0.0,-0.004087963752567243,-0.0029786572275190557,0.0014431426275013292,-0.004719513945779949,2018-03-25 00:00:00+00:00,2018
220,-0.011649103767900583,1.734723475976807e-18,0.006548262840634395,0.006509940527608924,0.0037028051028624703,0.006170099462586781,2018-03-26 00:00:00+00:00,2018
221,0.07785916472055826,0.0,-0.03419417458711715,-0.04002762532427459,0.0028844167161333756,-0.05488586613400588,2018-03-27 00:00:00+00:00,2018
222,-0.008687810007348118,0.0,0.006655827308779555,0.006362910160765137,0.0404169813241095,0.004309975167180762,2018-03-28 00:00:00+00:00,2018
223,0.03841110956237977,6.938893903907228e-18,-0.024712971648954557,-0.02193891668916823,-0.003258757804377156,-0.02507800580355583,2018-03-29 00:00:00+00:00,2018
224,0.005449564342039177,-8.673617379884035e-19,-0.0023197274269787403,-0.0025108055190282575,0.009126857419892734,-0.006222457623111916,2018-03-30 00:00:00+00:00,2018
225,-0.08786789193210831,-1.3877787807814457e-17,0.05584163014515277,0.055265130057996936,0.01766459282851511,0.0630715899524236,2018-03-31 00:00:00+00:00,2018
226,0.006256209080477795,0.0,-0.004700175799315845,-0.00436487529578128,0.006972142186808198,-0.0050158487258035855,2018-04-01 00:00:00+00:00,2018
227,0.01931724921766534,0.0,-0.013404975374446126,-0.013271136470358127,0.002073166598911571,-0.011537512715552731,2018-04-02 00:00:00+00:00,2018
228,-0.020766450698117177,0.0,0.011177641489637702,0.008835129253817919,-4.547854023486189e-05,0.009857890600332094,2018-04-03 00:00:00+00:00,2018
229,0.013849498995815415,1.734723475976807e-18,-0.007442769753224361,-0.0064490788951992875,-0.009753792708298428,-0.009098245974240558,2018-04-04 00:00:00+00:00,2018
230,-0.03297147047088807,0.0,0.016773589355302085,0.017620984084370482,-0.007403445093297774,0.017154117198435043,2018-04-05 00:00:00+00:00,2018
231,0.06873236865882414,0.0,-0.03633801875121978,-0.03650172571579969,0.013312383000124203,-0.04584482908038051,2018-04-06 00:00:00+00:00,2018
232,-0.0008322266210992653,-7.589415207398531e-19,0.0017280650224918235,0.0012116306992304877,0.0032914985249214955,-0.001480776403688202,2018-04-07 00:00:00+00:00,2018
233,0.04120541624276035,1.3877787807814457e-17,-0.020230554747091577,-0.022605831223740953,0.020663637714225004,-0.028483783998849863,2018-04-08 00:00:00+00:00,2018
234,-0.017561684171837497,0.0,0.012137352680743722,0.011943534023576648,0.004092850324960904,0.010662792983048392,2018-04-09 00:00:00+00:00,2018
235,-0.05009571256407772,-6.938893903907228e-18,0.033175775884696744,0.032547787314178386,-0.008180419598176829,0.033921522996049766,2018-04-10 00:00:00+00:00,2018
236,0.00783916697444686,0.0,-0.00589352851463461,-0.0052945962049085445,-0.00518050856661241,-0.006001886694271587,2018-04-11 00:00:00+00:00,2018
237,0.039308888366423454,0.0,-0.022250630860059985,-0.02339183565846821,0.01619400395925366,-0.02922941605645886,2018-04-12 00:00:00+00:00,2018
238,0.029948463641017317,3.469446951953614e-18,-0.021235903098829577,-0.021211562112371917,0.029092428346391863,-0.021112331344830083,2018-04-13 00:00:00+00:00,2018
239,0.023229806538087774,3.469446951953614e-18,-0.015030690313513412,-0.013769100911812887,0.0022864269905791233,-0.01629471873647586,2018-04-14 00:00:00+00:00,2018
240,0.0369990547019315,6.938893903907228e-18,-0.022209482643739023,-0.023156618737021108,0.009077601596182816,-0.0280459927270916,2018-04-15 00:00:00+00:00,2018
241,0.01867126413138516,0.0,-0.010924179590586319,-0.011327554203145343,-0.01578614865970979,-0.013856853722422253,2018-04-16 00:00:00+00:00,2018
242,-0.0030418454882610276,-1.3010426069826053e-18,0.002689928929544172,0.0021282021764095303,-0.0004911370153302913,0.0018454600139277658,2018-04-17 00:00:00+00:00,2018
243,0.00837261346449335,0.0,-0.005180635976103321,-0.005163588924144115,-0.015415520200193478,-0.006807075469638423,2018-04-18 00:00:00+00:00,2018
244,0.046182863059498015,6.938893903907228e-18,-0.02272150920574402,-0.02680043573134026,0.02686267286537628,-0.029082696129997903,2018-04-19 00:00:00+00:00,2018
245,-0.02663506070772807,0.0,0.01694433240173298,0.014081348070130992,-0.008542331421000946,0.01545403686588976,2018-04-20 00:00:00+00:00,2018
246,0.02942569979599544,-3.469446951953614e-18,-0.019037865016887624,-0.01331674064635488,-0.020315851973091742,-0.018702811532733732,2018-04-21 00:00:00+00:00,2018
247,0.025339351523490178,0.0,-0.014319935255356016,-0.012444206590060162,-0.011960682030827646,-0.01896689332308778,2018-04-22 00:00:00+00:00,2018
248,-0.025352576900930967,0.0,0.012476068230983841,0.014506233265871395,-0.014587052983225813,0.015229674305080309,2018-04-23 00:00:00+00:00,2018
249,-0.002146747533012839,4.336808689942018e-19,0.0004602330273495998,0.0007942029685955338,-0.0015056486047399131,-0.00025969107714093843,2018-04-24 00:00:00+00:00,2018
250,0.005896651043611414,0.0,-0.003972252179683576,-0.0028162384045816113,0.013603308360956278,-0.00579613962059927,2018-04-25 00:00:00+00:00,2018
251,-0.01057663454728968,1.734723475976807e-18,0.0064441299490805215,0.006395791421012377,0.01301957629940322,0.005619494629523393,2018-04-26 00:00:00+00:00,2018
252,0.01050876449136173,0.0,-0.005435288613342194,-0.006023100950589404,0.010990369060742144,-0.00847150522838766,2018-04-27 00:00:00+00:00,2018
253,0.036539532156551584,0.0,-0.022432190543803528,-0.02036527276804243,-0.017086933932669687,-0.029179570557007956,2018-04-28 00:00:00+00:00,2018
254,-0.005189081957173902,-1.734723475976807e-18,0.004182010103429974,0.003980333003487362,0.023014998779655738,0.0004709626119590044,2018-04-29 00:00:00+00:00,2018
255,-0.09147544447765794,0.0,0.04387872352646385,0.048352387792538726,0.0026984782560644793,0.05630327941618745,2018-04-30 00:00:00+00:00,2018
256,-0.016143649123435796,0.0,0.01084731897060395,0.007471831635427261,0.014042996747034346,0.010171884743486608,2018-05-01 00:00:00+00:00,2018
257,0.04939631944478944,0.0,-0.03295769731291302,-0.03047918229278884,-0.009935263400253996,-0.038069936637946486,2018-05-02 00:00:00+00:00,2018
258,0.029019073691478995,3.469446951953614e-18,-0.019892203873510136,-0.019815992143091387,0.05812082097504283,-0.02019291040734359,2018-05-03 00:00:00+00:00,2018
259,0.020709999078928037,0.0,-0.013199538835063168,-0.01304046302144825,-0.017630202695261145,-0.015474937341640278,2018-05-04 00:00:00+00:00,2018
260,-0.009927242301231208,1.734723475976807e-18,0.005114832504450423,0.0053654997876770106,-0.0033055565006687767,0.002529585216105249,2018-05-05 00:00:00+00:00,2018
261,0.027455591878225636,0.0,-0.01579226847471876,-0.01382314277118679,0.002670626790654145,-0.021610766614207497,2018-05-06 00:00:00+00:00,2018
262,0.011157218752236202,-1.734723475976807e-18,-0.005727478704764079,-0.005836843765137778,0.01856668653162563,-0.00926161549149773,2018-05-07 00:00:00+00:00,2018
263,0.017740668921635068,0.0,-0.0099580726358681,-0.011226056558645808,0.0011702055214994796,-0.01120593937865131,2018-05-08 00:00:00+00:00,2018
264,0.010909277132187766,1.734723475976807e-18,-0.0053595630788014345,-0.0053100808469135835,0.0030521792482137936,-0.009010546010959852,2018-05-09 00:00:00+00:00,2018
265,0.0006151123978625769,7.589415207398531e-19,-0.0023932262638247164,-0.0018101990127254064,0.0016585545822707338,-0.004260843189405033,2018-05-10 00:00:00+00:00,2018
266,-0.006283407238708146,3.469446951953614e-18,-0.0017112557690327152,-0.0016152166836459836,0.036260467803949765,-0.004430615426067856,2018-05-11 00:00:00+00:00,2018
267,0.05613682050814574,-6.938893903907228e-18,-0.03325310219365807,-0.028891663640823306,-0.0035164933593006195,-0.040388491112001136,2018-05-12 00:00:00+00:00,2018
268,0.007913773772360265,0.0,-0.006644209478570348,-0.00550811785380016,0.01052078461060496,-0.009854260145219935,2018-05-13 00:00:00+00:00,2018
269,0.0004910736583000005,-2.168404344971009e-19,-0.002756911502653025,-0.001794624100617053,-0.06087336910502387,-0.00507988892559615,2018-05-14 00:00:00+00:00,2018
270,0.05905551266396183,6.938893903907228e-18,-0.0430870016196881,-0.03786334700249627,-0.013195500927395666,-0.05095384288572295,2018-05-15 00:00:00+00:00,2018
271,0.007847783894374454,-1.734723475976807e-18,-0.0061652133863203985,-0.0050308165743872795,-0.057847128403997077,-0.008509345861745109,2018-05-16 00:00:00+00:00,2018
272,-0.0013978392228312876,2.168404344971009e-18,0.0038526644396529013,0.00309189028034907,-0.07957615475365921,0.0018497567946680604,2018-05-17 00:00:00+00:00,2018
273,0.020852576727154612,-3.469446951953614e-18,-0.009177244741708957,-0.011640984860345947,-0.002724179419656872,-0.014210275691853,2018-05-18 00:00:00+00:00,2018
274,0.0033164332652914114,0.0,-0.001302964918614593,-0.0011359331266370784,-0.005642293312554102,-0.0033383887437215725,2018-05-19 00:00:00+00:00,2018
275,0.0240775422118176,-3.469446951953614e-18,-0.008899446895418143,-0.01326665986422785,-0.007873341642656968,-0.016397988144284715,2018-05-20 00:00:00+00:00,2018
276,-0.03994025101606873,0.0,0.026029136930648858,0.02382440536723425,0.007688144492590511,0.026485747532615057,2018-05-21 00:00:00+00:00,2018
277,0.04911385802016861,0.0,-0.03375791475609451,-0.02837275462163246,0.0009864475790633473,-0.02319981609695689,2018-05-22 00:00:00+00:00,2018
278,-0.017185400957348704,-3.469446951953614e-18,0.0066809516206439365,0.006987342604774344,-0.009307528461132218,0.006792548658485649,2018-05-23 00:00:00+00:00,2018
279,0.034933105282399846,0.0,-0.015628892488827987,-0.009931802841958003,0.002990389519870053,-0.02661499296655885,2018-05-24 00:00:00+00:00,2018
280,0.008755407799249408,0.0,-0.004985222409978866,-0.005733241620383134,-0.002920206054962065,-0.006786355768495737,2018-05-25 00:00:00+00:00,2018
281,-0.0036833238327640227,4.336808689942018e-19,0.002859074098886043,0.00268024422240475,0.03252998960811832,0.0008909064971767367,2018-05-26 00:00:00+00:00,2018
282,0.01232088434285131,0.0,-0.0060736784796627235,-0.006820879751623227,-0.00263183448658723,-0.011243484712360908,2018-05-27 00:00:00+00:00,2018
283,0.004559281874786724,-8.673617379884035e-19,-0.003274080877832567,-0.0035027778270987466,-0.006825524542097236,-0.004991758991423685,2018-05-28 00:00:00+00:00,2018
284,0.013760782778263092,0.0,-0.007839985102176143,-0.007795453005036284,-0.002738358673452299,-0.010663137002555653,2018-05-29 00:00:00+00:00,2018
285,0.006997025825760581,8.673617379884035e-19,-0.00470100914211514,-0.0044415661990905644,-0.013907479248907135,-0.0068455600595598905,2018-05-30 00:00:00+00:00,2018
286,0.017318655144084583,0.0,-0.009433849986230345,-0.010453501901672364,-0.009956495535268534,-0.01325395654902699,2018-05-31 00:00:00+00:00,2018
287,-0.07980151271278207,0.0,0.04251016586430344,0.0454330200724206,-0.024114270677083854,0.045008538265778754,2018-06-01 00:00:00+00:00,2018
288,0.05282871357419274,6.938893903907228e-18,-0.03379785709601227,-0.024339920322349745,0.09240169510095339,-0.03772072878588274,2018-06-02 00:00:00+00:00,2018
289,0.02168898636035705,-3.469446951953614e-18,-0.01394042134470461,-0.01287663288297777,-0.004025656400273966,-0.017145337174128167,2018-06-03 00:00:00+00:00,2018
290,-0.02709457311001453,0.0,0.0184228985707916,0.01900253230414751,0.004867419510960418,0.01835361247765965,2018-06-04 00:00:00+00:00,2018
291,-0.003635014151478862,8.673617379884035e-19,0.0013498349636812809,0.0013509027144749963,0.007807811094910291,0.0003897139561153595,2018-06-05 00:00:00+00:00,2018
292,0.01848565549640865,3.469446951953614e-18,-0.010001399681675191,-0.007593752460979139,-0.014975519093368469,-0.012344369599667768,2018-06-06 00:00:00+00:00,2018
293,0.0006195260928227351,3.2526065174565133e-19,0.0019157658133616006,0.0007507573510584527,-0.0020236049539313714,-0.0011096385236722007,2018-06-07 00:00:00+00:00,2018
294,0.012514675711537455,1.734723475976807e-18,-0.0074533193668862375,-0.006243141339831715,-0.013272233923096724,-0.01356589843493623,2018-06-08 00:00:00+00:00,2018
295,-0.0005957608694558616,-2.168404344971009e-19,0.00010797824914730668,0.0005547489682509596,0.0005297036377838769,-0.002795939932007721,2018-06-09 00:00:00+00:00,2018
296,0.007042290745200692,8.673617379884035e-19,-0.004094716145983866,-0.004622546623712052,-0.0038973594009423526,-0.006510340814784694,2018-06-10 00:00:00+00:00,2018
297,-0.007716787385416555,0.0,0.005725160689543421,0.005914993713539201,-0.0031160729796441385,0.004099841880127116,2018-06-11 00:00:00+00:00,2018
298,0.029825309475699623,3.469446951953614e-18,-0.012175382552746132,-0.01543037396460377,-0.008802207392103623,-0.01834936880679388,2018-06-12 00:00:00+00:00,2018
299,0.009199718197623451,1.734723475976807e-18,-0.005897356853479264,-0.004277553354100146,-0.0009771384170115908,-0.008633321256698868,2018-06-13 00:00:00+00:00,2018
300,-0.029147442225571515,-3.469446951953614e-18,0.015464409859264172,0.017612604404145252,0.018537233834746807,0.016127234070438427,2018-06-14 00:00:00+00:00,2018
301,-0.006906980996603494,-8.673617379884035e-19,0.003675896659758875,0.0027439991809094996,-0.00998527354326055,0.000587840227163061,2018-06-15 00:00:00+00:00,2018
302,-0.01549845671915746,-3.469446951953614e-18,0.0078912477883009,0.007167293999311928,-0.014891007485137529,0.006187313796313695,2018-06-16 00:00:00+00:00,2018
303,-0.06622706094513768,0.0,0.03636750087825814,0.03722684387150847,-0.003092940119324733,0.05136950444537017,2018-06-17 00:00:00+00:00,2018
304,0.038758969177370484,0.0,-0.030234189643559374,-0.02521159472086208,-0.01122051194643391,-0.029690146554338832,2018-06-18 00:00:00+00:00,2018
305,0.01913910650688669,3.469446951953614e-18,-0.013576954836869326,-0.012090255012045647,0.007866272921729523,-0.012633987087867865,2018-06-19 00:00:00+00:00,2018
306,-0.007121644590211951,0.0,0.004798660063912424,0.0044711785373938075,-0.03532876037329229,0.0035061005611349122,2018-06-20 00:00:00+00:00,2018
307,0.014621629663135694,-1.734723475976807e-18,-0.008261233593491617,-0.009379139965499805,-0.0036819392694602097,-0.010201641146389506,2018-06-21 00:00:00+00:00,2018
308,-0.002798255371010822,4.336808689942018e-19,0.0009293952542564394,0.0008172916412926075,-0.004096181395700917,-0.0016998813050372401,2018-06-22 00:00:00+00:00,2018
309,0.02514819217764813,0.0,-0.018731797164426578,-0.01706178715527713,-0.00556918357307757,-0.022800318285422443,2018-06-23 00:00:00+00:00,2018
310,0.0224158420510914,0.0,-0.015245307130176845,-0.015815712944487713,-0.01600423373964677,-0.01833205654632236,2018-06-24 00:00:00+00:00,2018
311,-0.008995670339335566,-1.734723475976807e-18,0.0064743872229933875,0.006401406694420863,-0.001718045008329944,0.0053573716316365596,2018-06-25 00:00:00+00:00,2018
312,0.046795997930609665,-6.938893903907228e-18,-0.03055561796567439,-0.031194930601981113,0.018930775940425942,-0.03614178492619752,2018-06-26 00:00:00+00:00,2018
313,0.012963808101156483,0.0,-0.010395216149382856,-0.00995262742978052,0.027125358425748963,-0.012084613704217297,2018-06-27 00:00:00+00:00,2018
314,0.053845711845032715,0.0,-0.037010944301978876,-0.039165305451200276,0.014950287241474847,-0.0413792820246129,2018-06-28 00:00:00+00:00,2018
315,-0.0036050632913061913,-4.336808689942018e-19,0.0005710938616513245,0.00048108287835348573,-0.012310375527078437,-0.0010997557145371699,2018-06-29 00:00:00+00:00,2018
316,0.014712756618540337,-1.734723475976807e-18,-0.008895792660471165,-0.009564235268164373,0.008230890506469891,-0.013931742536852993,2018-06-30 00:00:00+00:00,2018
317,0.02185137397364566,6.938893903907228e-18,-0.013657077542320444,-0.013396629264699082,-0.01275119211379584,-0.018270027244081492,2018-07-01 00:00:00+00:00,2018
318,0.005966178994429739,0.0,-0.004452841235944396,-0.004561805880291449,-0.006097906463848092,-0.006023713681715934,2018-07-02 00:00:00+00:00,2018
319,-0.012692948391563014,-1.734723475976807e-18,0.010387436064677326,0.009399490775247103,0.015465880384349512,0.00821987014653255,2018-07-03 00:00:00+00:00,2018
320,0.01654338899411653,3.469446951953614e-18,-0.013111810404978089,-0.01264577372477844,-0.011524696777453169,-0.014049323365209032,2018-07-04 00:00:00+00:00,2018
321,0.010911913294541208,1.734723475976807e-18,-0.00926900043179665,-0.007993118427175507,-0.022190471426482908,-0.013747170647318717,2018-07-05 00:00:00+00:00,2018
322,-0.011701678602319014,0.0,0.0037478370725548583,0.004352917837198419,0.003468457524649776,0.005535185175297025,2018-07-06 00:00:00+00:00,2018
323,0.025887676289207056,0.0,-0.020219413409277857,-0.01861866776106771,-0.023412233521227375,-0.02255673370552386,2018-07-07 00:00:00+00:00,2018
324,0.019759489988025868,0.0,-0.012801234113834391,-0.012824322625756118,-0.0027253014289567376,-0.017772781331861096,2018-07-08 00:00:00+00:00,2018
325,0.016630037998159725,0.0,-0.009676939157703847,-0.010319768298663627,-0.03255961180216921,-0.01495377183321853,2018-07-09 00:00:00+00:00,2018
326,0.00496915727853775,-8.673617379884035e-19,-0.003414680698793084,-0.0031507778632348746,0.028618341981290978,-0.006805061213127505,2018-07-10 00:00:00+00:00,2018
327,0.020413731535275776,0.0,-0.014873383527073456,-0.0147303716035273,-0.017039599496232828,-0.015327583549599767,2018-07-11 00:00:00+00:00,2018
328,0.020765985153159316,0.0,-0.010967410229196275,-0.010156322205193738,0.004764200014828846,-0.013167586873295728,2018-07-12 00:00:00+00:00,2018
329,0.0057436659628031204,-8.673617379884035e-19,-0.003323388604292673,-0.002617093710392258,0.0005589980777123285,-0.005307642833367039,2018-07-13 00:00:00+00:00,2018
330,-0.005499479722003548,8.673617379884035e-19,-0.0013293774015735857,0.00037273752130276023,-0.009520039836382957,-0.001384552152181139,2018-07-14 00:00:00+00:00,2018
331,0.01914080104442558,-3.469446951953614e-18,-0.00899868571399493,-0.010955655068214032,0.004176014984532128,-0.012225471192711685,2018-07-15 00:00:00+00:00,2018
332,-0.009735666742228498,0.0,0.0035324309060869993,0.004526007125084859,-0.027843477969506147,0.0011336652644342703,2018-07-16 00:00:00+00:00,2018
333,-0.043055503055302785,-1.3877787807814457e-17,0.023483225610515322,0.015573302751191037,0.024320319878606226,0.027757730151529048,2018-07-17 00:00:00+00:00,2018
334,0.04444213467414933,0.0,-0.028619653729205292,-0.0218906234932919,0.0601892906388726,-0.02531011537073168,2018-07-18 00:00:00+00:00,2018
335,-0.0025689963138464727,8.673617379884035e-19,0.0036463213011239874,0.0018369023463516206,-0.005531984447048132,-0.0006981128768658684,2018-07-19 00:00:00+00:00,2018
336,0.021382848421732586,0.0,-0.010069312235538405,-0.00935547056599051,-0.0015773825396627472,-0.015032351013856762,2018-07-20 00:00:00+00:00,2018
337,-0.0033871495362484093,-4.336808689942018e-19,0.004212296761447597,0.003082391834910781,-0.008673438790406853,0.0022764028951847435,2018-07-21 00:00:00+00:00,2018
338,0.028915064759773783,6.938893903907228e-18,-0.007753155815426658,-0.012134716525992472,0.034555501939092466,-0.01460853776145249,2018-07-22 00:00:00+00:00,2018
339,-0.03778812348842621,6.938893903907228e-18,0.01391988952564301,0.012287861488902933,-0.002296942545580667,0.024125490192790675,2018-07-23 00:00:00+00:00,2018
340,0.021684778928756712,0.0,-0.01512666406408172,-0.012248366427341596,0.018933741827632057,-0.01534496740583307,2018-07-24 00:00:00+00:00,2018
341,0.029804461598396302,0.0,-0.01570966763423403,-0.015478854670302446,-0.006324713631442668,-0.022299035154021964,2018-07-25 00:00:00+00:00,2018
342,0.026037976741790772,-3.469446951953614e-18,-0.01715124227538717,-0.01757759796130659,-0.017481156122424027,-0.020718970616664445,2018-07-26 00:00:00+00:00,2018
343,0.042463951110839844,-6.938893903907228e-18,-0.020562693897182148,-0.018276151480360943,0.0020005554252375962,-0.034916385771180024,2018-07-27 00:00:00+00:00,2018
344,0.0042327481508255,8.673617379884035e-19,-0.004138698879970833,-0.0030796105649860865,0.014858791270752528,-0.004432377118207673,2018-07-28 00:00:00+00:00,2018
345,0.05246978821140705,0.0,-0.038622116382841215,-0.03655182414922588,-0.014245355672585537,-0.04213833166951569,2018-07-29 00:00:00+00:00,2018
346,0.032054930040151766,0.0,-0.02508780728962648,-0.022769700054128462,0.01694250734969705,-0.027957205257371748,2018-07-30 00:00:00+00:00,2018
347,0.05455115408000379,0.0,-0.03801433833788728,-0.03641164981627838,-0.01080453039891216,-0.04217320202452031,2018-07-31 00:00:00+00:00,2018
348,-0.05074842849580368,0.0,0.03302444225657089,0.029556067538255182,-0.040864942998809085,0.0338556459925996,2018-08-01 00:00:00+00:00,2018
349,0.06278553605079651,0.0,-0.045023586890579406,-0.03709857027973938,-0.0038840439034794824,-0.04728238878437779,2018-08-02 00:00:00+00:00,2018
350,0.01866214749989686,0.0,-0.009829110673884471,-0.008479836652402225,-0.015710512431471143,-0.01691199557743641,2018-08-03 00:00:00+00:00,2018
351,0.035139334974465544,-6.938893903907228e-18,-0.02273989938492184,-0.016639455552214126,-0.01205727730627211,-0.02799524578966378,2018-08-04 00:00:00+00:00,2018
352,-0.002760927434320803,0.0,0.004531890351438948,0.0034115915138203034,-0.02097996106860897,-0.0004101952889031769,2018-08-05 00:00:00+00:00,2018
353,0.04136884704642339,1.3877787807814457e-17,-0.02668471766794469,-0.024890268202480182,0.005838927629597757,-0.03458892887359996,2018-08-06 00:00:00+00:00,2018
354,0.006160006739876487,-1.734723475976807e-18,-0.0034253313580479973,-0.004282988428310032,0.043104322643618534,-0.0055044783652001385,2018-08-07 00:00:00+00:00,2018
355,-0.022797065431421452,-3.469446951953614e-18,0.013531255928503644,0.011515371948388883,0.005064670873278568,0.014320525961427827,2018-08-08 00:00:00+00:00,2018
356,-0.053139877319335935,0.0,0.03508909255290385,0.0288250967923449,0.010828146023930882,0.03805519483762802,2018-08-09 00:00:00+00:00,2018
357,0.06840462834985407,0.0,-0.05268771493550316,-0.04627894965238785,-0.01059008012821848,-0.05314346227776129,2018-08-10 00:00:00+00:00,2018
358,-0.0616207809320518,6.938893903907228e-18,0.041126736894058095,0.04248470412196758,0.05294946850908984,0.039187617454900604,2018-08-11 00:00:00+00:00,2018
359,0.04807115825159209,-6.938893903907228e-18,-0.03324763806284957,-0.026926032862617,-0.0034672546973054455,-0.03946539673121113,2018-08-12 00:00:00+00:00,2018
360,-0.0030518258567404956,0.0,0.0028884578885516785,0.002536087513666403,0.03509509941683682,0.00015620023947307419,2018-08-13 00:00:00+00:00,2018
361,0.03185234607848446,0.0,-0.023277387350092264,-0.02262878139471148,-0.009502163266458263,-0.025558369673338195,2018-08-14 00:00:00+00:00,2018
362,-0.05557789897496721,0.0,0.038547357993162626,0.03806149080004011,0.010767690370761612,0.041499749657882494,2018-08-15 00:00:00+00:00,2018
363,0.03328353273017066,0.0,-0.027059065249206815,-0.02434411842675429,-0.013889015675732572,-0.027023840084089708,2018-08-16 00:00:00+00:00,2018
364,-0.04252440739521938,-6.938893903907228e-18,0.027886568217593416,0.028025963986475375,-0.016971667751681373,0.030522728418336816,2018-08-17 00:00:00+00:00,2018
365,0.053955273290651036,0.0,-0.0404653770615927,-0.03520798331189513,0.08487050864801104,-0.04069437354300905,2018-08-18 00:00:00+00:00,2018
366,0.022535313116876704,0.0,-0.014869629750992479,-0.014866302470158122,0.003340649899773649,-0.01836000662449031,2018-08-19 00:00:00+00:00,2018
367,0.02024730858595475,3.469446951953614e-18,-0.011745687068229661,-0.013277749814729888,-0.011442619477151339,-0.016388311685139583,2018-08-20 00:00:00+00:00,2018
368,0.0021932376869793595,1.3010426069826053e-18,-0.0025035165542602895,-0.0021480202337994607,0.015221062635444253,-0.005525741157375077,2018-08-21 00:00:00+00:00,2018
369,-0.00011215436047521131,5.963111948670274e-19,0.003227024889135494,0.0017984730822175584,-0.01716559396864954,-0.002401883197597945,2018-08-22 00:00:00+00:00,2018
370,-0.05310344284978406,0.0,0.030353939772976384,0.023003527125551138,-0.019337007915455076,0.030375831235800375,2018-08-23 00:00:00+00:00,2018
371,-0.15586522654590443,-2.7755575615628914e-17,0.10057891598083657,0.08137222750184374,0.011167450723640032,0.10760332409448545,2018-08-24 00:00:00+00:00,2018
372,0.011196568990365053,0.0,-0.010940017610007902,-0.009701019559444635,-0.015047757742833161,-0.00940827131167688,2018-08-25 00:00:00+00:00,2018
373,-0.14169873827594823,2.7755575615628914e-17,0.11267509397278941,0.09640423281316195,-0.0009272408095279128,0.1091664491823792,2018-08-26 00:00:00+00:00,2018
374,0.08250476639778888,0.0,-0.06623223618651855,-0.05200294129308695,-0.0018409680614376311,-0.06470591222238421,2018-08-27 00:00:00+00:00,2018
375,-0.00920141866949738,0.0,0.00813386517231457,0.006681281275218225,0.013623822498705602,0.007634453923563204,2018-08-28 00:00:00+00:00,2018
376,-0.023324591214539576,0.0,0.018486305588215176,0.016407286501125384,-0.006230940026952885,0.014101972827951267,2018-08-29 00:00:00+00:00,2018
377,0.05386947168678534,0.0,-0.037537968383133155,-0.03217169434008789,0.03754512167960147,-0.04083648792427574,2018-08-30 00:00:00+00:00,2018
378,0.029681136862176362,0.0,-0.01821161166282169,-0.01717521134230434,0.029865772772188354,-0.020812354158058374,2018-08-31 00:00:00+00:00,2018
379,0.011753298402801761,3.469446951953614e-18,-0.007720000793133467,-0.006325324088162426,-0.0014020515176019002,-0.010293566849265454,2018-09-01 00:00:00+00:00,2018
380,0.027032521682056953,6.938893903907228e-18,-0.018944756852858458,-0.017736606713854915,-0.017108979707274104,-0.021166449593511345,2018-09-02 00:00:00+00:00,2018
381,-0.05580103978878114,-6.938893903907228e-18,0.03727376745311457,0.03627189685335118,-0.028351660225752855,0.04176434693738562,2018-09-03 00:00:00+00:00,2018
382,0.016006092230478924,0.0,-0.011743923056845254,-0.010535979036810889,-0.009888115168540925,-0.013075365942381265,2018-09-04 00:00:00+00:00,2018
383,-0.05982834730691057,-6.938893903907228e-18,0.040370556524717806,0.040614441681228075,0.0010977856431655802,0.049005914071538245,2018-09-05 00:00:00+00:00,2018
384,-0.0031092006985734147,4.336808689942018e-19,0.0029699290214228865,0.002543994203876073,-0.00020942741515263437,0.0005941202389098108,2018-09-06 00:00:00+00:00,2018
385,0.0010078688783030356,0.0,0.0009986503588699357,0.0005872059665547999,-0.005585525518870664,0.00024761761142030273,2018-09-07 00:00:00+00:00,2018
386,-0.012066597938537598,0.0,0.007581045895167891,0.0074455077348412006,-0.0006692010696644456,0.0071508349579161926,2018-09-08 00:00:00+00:00,2018
387,0.015993171741092015,0.0,-0.012717278671411788,-0.010977557586324089,0.0027166080987356643,-0.013731928388857747,2018-09-09 00:00:00+00:00,2018
388,-0.03697175071353004,0.0,0.02859851232238888,0.027753439134983564,0.03440116442803961,0.02674640315171344,2018-09-10 00:00:00+00:00,2018
389,-0.08947681150739155,-1.3877787807814457e-17,0.06536412438507419,0.06076258859698844,-0.06425728085601988,0.06951547832404957,2018-09-11 00:00:00+00:00,2018
390,0.008566358259746007,-1.734723475976807e-18,-0.006398529170120343,-0.005177044889125985,0.017958402109000272,-0.007251529724697597,2018-09-12 00:00:00+00:00,2018
391,-0.07218382367864251,0.0,0.05646816426161874,0.05362670864863309,-0.02878763615985022,0.05392245189279792,2018-09-13 00:00:00+00:00,2018
392,0.09601266624391541,0.0,-0.07388443409474678,-0.06849221068089584,0.003587763330452784,-0.07547643762865253,2018-09-14 00:00:00+00:00,2018
393,0.023477293724237486,0.0,-0.01790138990060474,-0.016448600933696066,0.017950555788163715,-0.018679783266301594,2018-09-15 00:00:00+00:00,2018
394,0.013940113459446634,-1.734723475976807e-18,-0.009508322430448439,-0.008694142241359566,-0.0013920344405119606,-0.011156230047338714,2018-09-16 00:00:00+00:00,2018
395,-0.01162527790365293,0.0,0.00852525570323219,0.008441702484009633,-0.011235944958313964,0.008338758002898053,2018-09-17 00:00:00+00:00,2018
396,0.009933344615522281,0.0,-0.005638720651187012,-0.0065788910201611695,0.021803119738600357,-0.00813163943025249,2018-09-18 00:00:00+00:00,2018
397,0.0036750204803407656,-1.3010426069826053e-18,-0.002155919483103546,-0.002227724176015817,-0.005692090334139176,-0.0031744073900768057,2018-09-19 00:00:00+00:00,2018
398,0.006971892026754526,8.673617379884035e-19,-0.0049843961645016956,-0.004954679210859452,-0.014987949079376686,-0.007009495369744427,2018-09-20 00:00:00+00:00,2018
399,-0.031226485050641573,0.0,0.021153126769601568,0.021045279028034342,-0.00995681835177973,0.02180608070956699,2018-09-21 00:00:00+00:00,2018
400,-0.03772542176355843,6.938893903907228e-18,0.02586982486725375,0.023424447959429835,-0.0006328652309099542,0.025929554315939168,2018-09-22 00:00:00+00:00,2018
401,0.0032932034885610334,-4.336808689942018e-19,-0.0019560329345952097,-0.001534396457361989,-0.01460667436008325,-0.003001442354525516,2018-09-23 00:00:00+00:00,2018
402,-0.003559118418982535,-4.336808689942018e-19,0.004773879012577024,0.0035216285486287693,0.00861377649302839,0.003402390242649587,2018-09-24 00:00:00+00:00,2018
403,-0.004540070439829971,0.0,0.00483916271773857,0.004077964299957599,0.002848082784157581,0.003536609624265501,2018-09-25 00:00:00+00:00,2018
404,-0.08311281375812762,1.3877787807814457e-17,0.059609887218223495,0.05927775798765844,0.0023175244105498316,0.06027982325285073,2018-09-26 00:00:00+00:00,2018
405,0.020381424463156498,3.469446951953614e-18,-0.016023365964280924,-0.014344054676381657,-0.002970043550406056,-0.016211306371319865,2018-09-27 00:00:00+00:00,2018
406,0.03584639425564529,6.938893903907228e-18,-0.025056701228885293,-0.025042687536276927,0.025403091834300284,-0.029195730522463673,2018-09-28 00:00:00+00:00,2018
407,0.051018243893644864,-6.938893903907228e-18,-0.03828802753595109,-0.03657123781850111,0.013698949489208141,-0.038618090372381064,2018-09-29 00:00:00+00:00,2018
408,0.008982458957155845,0.0,-0.006039150238826743,-0.005643109584834134,0.020071560687195913,-0.007165226645066615,2018-09-30 00:00:00+00:00,2018
409,0.009673746904932466,0.0,-0.005566248395289714,-0.005884629683375852,-0.017917872370454706,-0.009102774969424073,2018-10-01 00:00:00+00:00,2018
410,0.014390549552974417,0.0,-0.009345975823719266,-0.009731369627958727,-0.007731627624898198,-0.012090389343588803,2018-10-02 00:00:00+00:00,2018
411,-0.00786018994317126,1.734723475976807e-18,0.004868899848613595,0.004856145844420492,0.01802925470273915,0.003648107940170609,2018-10-03 00:00:00+00:00,2018
412,-0.02384140509278027,-3.469446951953614e-18,0.01647583205407138,0.015419603752655546,-0.007698722399064304,0.018780007058281763,2018-10-04 00:00:00+00:00,2018
413,-0.014975086521746507,1.734723475976807e-18,0.012582051863498284,0.011429230220932902,-0.013486477035243824,0.010844187723402609,2018-10-05 00:00:00+00:00,2018
414,-0.04218939498618797,0.0,0.02945673249613898,0.0302849859637215,0.002218117604543726,0.03053366608357821,2018-10-06 00:00:00+00:00,2018
415,0.01714113724492762,0.0,-0.013300764810152951,-0.011897760660080718,-0.005021689287339343,-0.01426636790889646,2018-10-07 00:00:00+00:00,2018
416,0.0165160646403793,3.469446951953614e-18,-0.010761429333663601,-0.01096286832026704,0.0032391504791638263,-0.012331670248782735,2018-10-08 00:00:00+00:00,2018
417,-0.016094450968025375,3.469446951953614e-18,0.013576210559277074,0.012369386504658086,-0.0053800290321666284,0.010722029338762562,2018-10-09 00:00:00+00:00,2018
418,-0.05234851802352571,6.938893903907228e-18,0.034219884445410825,0.03356099610736134,0.006723592216860648,0.03890745662409771,2018-10-10 00:00:00+00:00,2018
419,0.04098996802838179,0.0,-0.028651065719419937,-0.027995554759268227,-0.013036713014903199,-0.022491371019969588,2018-10-11 00:00:00+00:00,2018
420,0.02884555254539434,0.0,-0.012445630942516366,-0.010565232146033377,0.022841479001149172,-0.017020953103302268,2018-10-12 00:00:00+00:00,2018
421,-0.003183210241621819,4.336808689942018e-19,0.0003222929629575831,0.0004258085203314101,-0.0013263754111551575,-0.0008298701095701606,2018-10-13 00:00:00+00:00,2018
422,0.009457950574764307,0.0,-0.005019007845655331,-0.004637457855932885,-0.0176071641629778,-0.007244259195339936,2018-10-14 00:00:00+00:00,2018
423,-0.01495241775787134,0.0,0.006565752939596497,0.0075664453153117105,-0.012051151177938991,0.007376703573866529,2018-10-15 00:00:00+00:00,2018
424,-0.028383576612678364,0.0,0.01835920785107991,0.017904335356641436,-0.007565712757213416,0.019923989906965194,2018-10-16 00:00:00+00:00,2018
425,-0.0012287364589224617,2.168404344971009e-19,0.0011964057906577751,0.0010264805987771474,-0.0065687186066893406,-6.942167738121802e-06,2018-10-17 00:00:00+00:00,2018
426,-0.05315544450883385,0.0,0.03224288834993184,0.033788531091279286,2.0930150250321466e-05,0.0399766725845251,2018-10-18 00:00:00+00:00,2018
427,-0.02869731400694166,3.469446951953614e-18,0.02055375630844959,0.019077709901825356,-0.004478909153212248,0.01874892961390638,2018-10-19 00:00:00+00:00,2018
428,-0.00946222586291177,0.0,0.004648478067954343,0.005447114280238627,0.03194702224849522,0.005436903513222411,2018-10-20 00:00:00+00:00,2018
429,0.0026255548000335693,-4.336808689942018e-19,-0.0013163813867244519,-0.001465809055452637,-0.003387535417693436,-0.0028341381098485035,2018-10-21 00:00:00+00:00,2018
430,0.012526520235197885,3.469446951953614e-18,-0.007323775063744209,-0.007374513082911146,-0.006656586480591133,-0.009973228960721225,2018-10-22 00:00:00+00:00,2018
431,-0.034422884242875235,0.0,0.0217737399471053,0.022599605713701808,-0.00913507987898897,0.02384369574356691,2018-10-23 00:00:00+00:00,2018
432,-0.02797007943902697,0.0,0.02005261395970702,0.018515716439197503,0.0018561953489005106,0.020036840116420204,2018-10-24 00:00:00+00:00,2018
433,-0.009899765041703028,-1.734723475976807e-18,0.006577093594242739,0.0061649580818837705,0.01810460515786941,0.006289798096372947,2018-10-25 00:00:00+00:00,2018
434,0.04667040177270876,0.0,-0.028582686436830332,-0.028601148018732904,0.007772468432448096,-0.031940547349786456,2018-10-26 00:00:00+00:00,2018
435,0.10709144363940602,0.0,-0.069334254714527,-0.06774766715029383,-0.01837512879779167,-0.08233984717623688,2018-10-27 00:00:00+00:00,2018
436,-0.04256040319590501,0.0,0.02924247697582931,0.027364931571922234,0.005990874785784868,0.028671024978806393,2018-10-28 00:00:00+00:00,2018
437,0.06330828483288105,0.0,-0.04727744688822379,-0.03811206833285459,0.005301068799858519,-0.0490256629221858,2018-10-29 00:00:00+00:00,2018
438,-0.0064214933925951035,8.673617379884035e-19,0.0025441087294657927,0.0028363717895972377,-0.00749591402598646,0.0011372582055022163,2018-10-30 00:00:00+00:00,2018
439,0.06505847769183712,0.0,-0.043510208511469764,-0.04122506823858416,-0.03009867057258242,-0.05199863835863278,2018-10-31 00:00:00+00:00,2018
440,-0.015328586101531982,-1.734723475976807e-18,0.013207988948264745,0.011858572749526881,0.02607338478024024,0.009426400230929234,2018-11-01 00:00:00+00:00,2018
441,-0.02834628762065114,-6.938893903907228e-18,0.019936622254961577,0.01849123544594087,-0.031885846828775814,0.018041501679511806,2018-11-02 00:00:00+00:00,2018
442,0.05729231342569098,-6.938893903907228e-18,-0.03900904086476021,-0.035425437401572266,0.00656620730124903,-0.04365695408540224,2018-11-03 00:00:00+00:00,2018
443,-0.00859458754946302,1.734723475976807e-18,0.003364702650754764,0.003632213871334119,-0.012893233214659917,0.0034792265323619065,2018-11-04 00:00:00+00:00,2018
444,-0.0018655870344255355,8.673617379884035e-19,-0.000810704750477744,-0.00011178938023840602,-0.007224344383692301,-0.0010927914276296254,2018-11-05 00:00:00+00:00,2018
445,0.043544487102882015,0.0,-0.033510616126600376,-0.033214041259386116,-0.02270205989988417,-0.0342380426828886,2018-11-06 00:00:00+00:00,2018
446,0.023860018570106348,0.0,-0.01621644171995806,-0.016445286448432277,-6.967550685473001e-06,-0.016356123888258953,2018-11-07 00:00:00+00:00,2018
447,-0.03062388696870604,3.469446951953614e-18,0.01962850270959189,0.01835008330518725,-0.0028675457748129525,0.021064315347515378,2018-11-08 00:00:00+00:00,2018
448,0.00032262076864709386,-3.7947076036992655e-19,-0.0011298396941377058,-0.0009481676645302867,-0.0039149765442845355,-0.002773231512577756,2018-11-09 00:00:00+00:00,2018
449,0.039011078576246895,0.0,-0.02624554860582581,-0.025893095550868876,-0.006089476471937812,-0.028532984609701287,2018-11-10 00:00:00+00:00,2018
450,0.07547383602351358,0.0,-0.046783339199312726,-0.047445085031953174,0.009874864813768883,-0.05741727423329926,2018-11-11 00:00:00+00:00,2018
451,-0.011582907748548952,1.734723475976807e-18,0.007415532080777827,0.007062233046617668,-0.012445093970837148,0.005603658116665539,2018-11-12 00:00:00+00:00,2018
452,0.061922998052753815,-6.938893903907228e-18,-0.04612641872295489,-0.04067473733063673,-0.02327239360866412,-0.047968176346016723,2018-11-13 00:00:00+00:00,2018
453,0.03903803433457466,0.0,-0.025320817980073254,-0.024266406198389656,0.00975371703590966,-0.030185308730151326,2018-11-14 00:00:00+00:00,2018
454,-0.0213141864743726,-3.469446951953614e-18,0.015403431592461096,0.012362716300190608,-0.0002495150161243957,0.014985201484702077,2018-11-15 00:00:00+00:00,2018
455,-0.10680149607106942,0.0,0.07880784376676486,0.05999953633453936,-0.008917203118776224,0.07230255253280603,2018-11-16 00:00:00+00:00,2018
456,0.0075804011351397246,0.0,-0.005515514162831318,-0.004043173758038823,-0.0028253108581183933,-0.0071577160432501,2018-11-17 00:00:00+00:00,2018
457,0.0492677124990087,-6.938893903907228e-18,-0.03147205205264836,-0.030180601238170075,-0.0034585372565519718,-0.036711413649814784,2018-11-18 00:00:00+00:00,2018
458,0.008094073152866494,0.0,-0.005053337458025619,-0.004641324521320436,0.01282212356492193,-0.007243873393171503,2018-11-19 00:00:00+00:00,2018
459,0.03100828978480125,-3.469446951953614e-18,-0.015421273360650758,-0.017110331469689988,0.010934858153463577,-0.016344701956011946,2018-11-20 00:00:00+00:00,2018
460,-0.028615833545217708,0.0,0.014442219972102458,0.013707752746149686,-0.007430462864364471,0.01725357536661461,2018-11-21 00:00:00+00:00,2018
461,0.05805952451667007,0.0,-0.03952919242880434,-0.033823874200298774,0.0026905496715762464,-0.04471068701736798,2018-11-22 00:00:00+00:00,2018
462,0.023696151134130115,0.0,-0.016686297247452273,-0.015969442694480963,-0.026190718185742097,-0.020497767806573374,2018-11-23 00:00:00+00:00,2018
463,-0.07221730133971653,0.0,0.04844792288595446,0.04961564389581491,0.002482731906902777,0.05538962905286321,2018-11-24 00:00:00+00:00,2018
464,0.051002991360587044,0.0,-0.04074772203234062,-0.03633011497063103,0.015026153199466583,-0.038626118478325325,2018-11-25 00:00:00+00:00,2018
465,-0.004952115787042154,0.0,0.004300826000113959,0.003982157741892802,0.031454875331272364,0.0033041429067928135,2018-11-26 00:00:00+00:00,2018
466,0.01743293895914748,3.469446951953614e-18,-0.014222115888831547,-0.013359675365572957,0.003304497905196744,-0.016796069965140027,2018-11-27 00:00:00+00:00,2018
467,-0.05340840043248357,0.0,0.03248977369872315,0.0331108603004658,-0.003763803493912393,0.03469762805009549,2018-11-28 00:00:00+00:00,2018
468,0.03437378962297697,6.938893903907228e-18,-0.026535799769902245,-0.023144163442084906,-0.017324372195765672,-0.027702047354399253,2018-11-29 00:00:00+00:00,2018
469,-0.03260014266581149,0.0,0.024367843623319868,0.02053426003809113,-0.010859704824786917,0.019274471938837096,2018-11-30 00:00:00+00:00,2018
470,-0.038255049167452634,0.0,0.024939818057601346,0.022777686817137245,-0.006044600294542804,0.026337529616290503,2018-12-01 00:00:00+00:00,2018
471,0.04808384300889196,0.0,-0.03376060107551515,-0.03228923624016734,-0.03219509259458424,-0.03767248629371819,2018-12-02 00:00:00+00:00,2018
472,0.022619916377840815,3.469446951953614e-18,-0.014811131123449419,-0.014209577656822306,-0.00026755781627526773,-0.015050051971088113,2018-12-03 00:00:00+00:00,2018
473,0.014905593685201696,1.734723475976807e-18,-0.00889510562511002,-0.008472136112370583,0.010524571976484653,-0.01352935960756546,2018-12-04 00:00:00+00:00,2018
474,0.009378382483044186,0.0,-0.006452143752394571,-0.006817392544321121,-0.011546891098994927,-0.00942888630305275,2018-12-05 00:00:00+00:00,2018
475,0.03817399087789897,0.0,-0.022754880689783014,-0.024189874852375472,0.005709435399684604,-0.026197737162151544,2018-12-06 00:00:00+00:00,2018
476,-0.014013622258160566,-1.734723475976807e-18,0.008979655600863435,0.008875646762079935,0.010328272886937554,0.00731416837110891,2018-12-07 00:00:00+00:00,2018
477,0.03035206247020412,3.469446951953614e-18,-0.018062180567813464,-0.01795149969191974,0.01385855086426949,-0.02029689390212126,2018-12-08 00:00:00+00:00,2018
478,0.017521572593074516,3.469446951953614e-18,-0.01062575035529741,-0.01006894059150664,0.014089083933533437,-0.014276731669911858,2018-12-09 00:00:00+00:00,2018
479,-0.022434395431672166,0.0,0.01227266124007527,0.010849454770077234,-0.010038797399655505,0.01260689260419273,2018-12-10 00:00:00+00:00,2018
480,-0.03883977064350307,0.0,0.026659347398915748,0.023777840485288894,-0.010755568437058494,0.024611698248468344,2018-12-11 00:00:00+00:00,2018
481,0.003212976775713415,-1.3010426069826053e-18,-0.002670196879795265,-0.002614693024653742,0.007761599669212008,-0.005228304426304014,2018-12-12 00:00:00+00:00,2018
482,-0.13015994804584427,-2.7755575615628914e-17,0.08068299370625043,0.07648566608175478,-0.024695615763444395,0.10412093808806896,2018-12-13 00:00:00+00:00,2018
483,0.07866615017518302,0.0,-0.06512894272707709,-0.05702601469866325,-0.019260186236547655,-0.06318799485549395,2018-12-14 00:00:00+00:00,2018
484,-0.0003467774549067415,8.131516293641283e-19,0.0016545243235796462,0.001227402806246195,-0.037258864791114,0.00018440660173259859,2018-12-15 00:00:00+00:00,2018
485,0.010232516077180571,0.0,-0.008267995372092923,-0.007427143927205761,-0.024598382263258587,-0.011872733934196196,2018-12-16 00:00:00+00:00,2018
486,0.019129470775001926,0.0,-0.009153277330515987,-0.009261320859153498,0.020542005001005066,-0.012860716197602044,2018-12-17 00:00:00+00:00,2018
487,0.026899363257383044,-3.469446951953614e-18,-0.016608553140800626,-0.013931155006735037,0.00964826579551083,-0.020620403867559884,2018-12-18 00:00:00+00:00,2018
488,-0.02612746193220741,3.469446951953614e-18,0.014961369325153257,0.012906485710077213,0.034732311660932616,0.014047338843776538,2018-12-19 00:00:00+00:00,2018
489,-0.0035712518974354394,-4.336808689942018e-19,0.002801938924777759,0.002484357421848644,0.026613865120226985,-0.0014485055431675614,2018-12-20 00:00:00+00:00,2018
490,0.005200871903645365,-8.673617379884035e-19,-0.004690899934923311,-0.004235438454119944,-0.008707183380586675,-0.008387389063320701,2018-12-21 00:00:00+00:00,2018
491,0.02996984335684007,3.469446951953614e-18,-0.013466981783394321,-0.01477791328887712,-0.02173971914696731,-0.021216006801875395,2018-12-22 00:00:00+00:00,2018
492,0.005902118407762968,-2.6020852139652106e-18,-0.0017110969960857404,-0.002354705230586222,0.03939475681869605,-0.01024045797014673,2018-12-23 00:00:00+00:00,2018
493,0.06859102042821738,0.0,-0.021611454581979536,-0.015166896461933699,-0.021564274795675055,-0.039538718635432415,2018-12-24 00:00:00+00:00,2018
494,0.0028671064437964023,4.336808689942018e-19,-0.0004983240106730745,-0.0010000181317315914,0.009760621334835991,-0.004561528113724606,2018-12-25 00:00:00+00:00,2018
495,0.05101933846106896,0.0,-0.019255021356044275,-0.013967398261688718,-0.009052213039295876,-0.030947916378791476,2018-12-26 00:00:00+00:00,2018
496,0.07654580473899841,0.0,-0.03270784571786005,-0.02684378309223652,0.008339018587072755,-0.0468007439115905,2018-12-27 00:00:00+00:00,2018
497,0.013939929236272339,0.0,-0.001771176693216782,-0.0018483648831529448,-0.008798551794125812,-0.012263511085739864,2018-12-28 00:00:00+00:00,2018
498,0.018216762573096405,0.0,-0.011008366939770317,-0.006728897484487585,-0.016265718815033876,-0.020562909392143048,2018-12-29 00:00:00+00:00,2018
499,0.07235387646699254,-1.3877787807814457e-17,-0.041022569077016034,-0.03143354276384835,0.02638936537535698,-0.04272127558406219,2018-12-30 00:00:00+00:00,2018
500,-0.026519664857960954,3.469446951953614e-18,0.015514920970701722,0.010221076334242452,0.01198102864391699,0.009049218251407993,2018-12-31 00:00:00+00:00,2018
501,-0.10815161353425135,0.0,0.044490830302456014,0.02544076306765601,0.019291142385219506,0.04400294369186193,2019-01-01 00:00:00+00:00,2019
502,0.001263910079304176,6.505213034913027e-19,-0.00032675427584557876,0.0005731505348432094,0.001361505988260381,-0.004442163867532006,2019-01-02 00:00:00+00:00,2019
503,0.09546689470862127,1.3877787807814457e-17,-0.051520023374374696,-0.04335424940194932,0.0014213609707462993,-0.062407196296580536,2019-01-03 00:00:00+00:00,2019
504,0.017271672245822375,0.0,-0.008662744097390141,-0.006262452006804838,0.010814128790825283,-0.009795676905472318,2019-01-04 00:00:00+00:00,2019
505,0.01984429359436035,-3.469446951953614e-18,-0.008881162668480408,-0.006850267519887635,-0.0134982445978465,-0.017087269717196728,2019-01-05 00:00:00+00:00,2019
506,0.054236492401436916,-6.938893903907228e-18,-0.024148132765329587,-0.01696061029369328,0.008965296195446552,-0.039415740921979456,2019-01-06 00:00:00+00:00,2019
507,0.04676019013682498,-6.938893903907228e-18,-0.030903633830930553,-0.02388783830193588,-0.02052149709103751,-0.0353183304013456,2019-01-07 00:00:00+00:00,2019
508,0.03736767776404755,0.0,-0.020197318599882406,-0.01576731049883659,-0.022510508400207057,-0.0290771596268413,2019-01-08 00:00:00+00:00,2019
509,-0.00021229891837397708,7.318364664277155e-19,0.0026595528099822687,0.00172430632385646,-0.006568450056634408,-0.005574368032615324,2019-01-09 00:00:00+00:00,2019
510,0.009887490845933745,0.0,-0.0048278120970944825,-0.004458034277736497,-0.010501248014716073,-0.010528079874078455,2019-01-10 00:00:00+00:00,2019
511,-0.09964558482170105,1.3877787807814457e-17,0.06450351689475652,0.05893441844165561,-0.003827999851050784,0.06090260716972539,2019-01-11 00:00:00+00:00,2019
512,0.06816444082080193,0.0,-0.04573335461267758,-0.029349851379314618,-0.004851303610725902,-0.04495353378502094,2019-01-12 00:00:00+00:00,2019
513,0.036820081794786755,0.0,-0.021086173719927277,-0.014281387118460834,-0.002877063003466261,-0.03014689333709324,2019-01-13 00:00:00+00:00,2019
514,0.02842081755212268,3.469446951953614e-18,-0.01944043541906599,-0.018453301578076745,-0.02004955445748131,-0.022545680028663036,2019-01-14 00:00:00+00:00,2019
515,-0.012906941602814873,-3.469446951953614e-18,0.009494682131496898,0.008824085242909216,-0.004224950347311289,0.0025644204769445338,2019-01-15 00:00:00+00:00,2019
516,0.030176123358168692,3.469446951953614e-18,-0.018958865574047988,-0.015608703720317882,-0.016854673740564048,-0.02530384020231512,2019-01-16 00:00:00+00:00,2019
517,-0.06515815347995398,-1.3877787807814457e-17,0.03454025644867534,0.030772016253986817,-0.005156869796532695,0.03311383138023307,2019-01-17 00:00:00+00:00,2019
518,0.08317911250036468,0.0,-0.04689041438656028,-0.03484195382895688,-0.01889040301803893,-0.05586602014771603,2019-01-18 00:00:00+00:00,2019
519,0.01853525231343619,0.0,-0.007696204862749176,-0.006466063151150021,-0.0033294114789398383,-0.01907577609269195,2019-01-19 00:00:00+00:00,2019
520,0.03164334697012575,0.0,-0.004511367655094495,-0.0027605306709008945,0.0160761285800287,-0.025251066334691805,2019-01-20 00:00:00+00:00,2019
521,-0.005511900157104304,8.673617379884035e-19,0.001957045587834716,0.0014560698459211074,-0.0006539992778761992,-2.8515063856613364e-05,2019-01-21 00:00:00+00:00,2019
522,0.04734671263047206,0.0,-0.02990893105329396,-0.02475099757052083,0.017875018469240028,-0.033733814692775775,2019-01-22 00:00:00+00:00,2019
523,0.04704383330315537,-6.938893903907228e-18,-0.023202226153183642,-0.02221846477062786,-0.01930557561228168,-0.03467438773856603,2019-01-23 00:00:00+00:00,2019
524,0.07051751739490106,0.0,-0.04334012269614837,-0.03802735198234603,-0.016334618773322727,-0.0498141887902471,2019-01-24 00:00:00+00:00,2019
525,0.026509482786059378,3.469446951953614e-18,-0.017234122118030448,-0.013561611464431701,-0.0027646160408872147,-0.025933583504815737,2019-01-25 00:00:00+00:00,2019
526,0.10203274399597452,-1.3877787807814457e-17,-0.04876660732089846,-0.04179134130510537,0.005653836316014113,-0.0688666234312347,2019-01-26 00:00:00+00:00,2019
527,-0.02300140666372982,3.469446951953614e-18,0.013097221419129154,0.009655111453413672,0.0213237984034323,0.009821983917595433,2019-01-27 00:00:00+00:00,2019
528,0.006865733567579293,-2.6020852139652106e-18,-0.0040165983745366635,-0.0043237835120641145,0.05835933315192892,-0.009466587765434601,2019-01-28 00:00:00+00:00,2019
529,0.10494765013824274,1.3877787807814457e-17,-0.06504506456296302,-0.05321123612168926,-0.014209392005984103,-0.06587815952412561,2019-01-29 00:00:00+00:00,2019
530,0.11185814090716986,0.0,-0.05466685497030673,-0.03288300375310621,0.0019386638733643047,-0.07897130948393295,2019-01-30 00:00:00+00:00,2019
531,0.040377270590308253,0.0,-0.016278414391091827,-0.012199855523887387,-0.0015802994315390617,-0.03246195813404351,2019-01-31 00:00:00+00:00,2019
532,0.09778783681951923,-1.3877787807814457e-17,-0.05801212402760698,-0.03230167074042381,-0.033635872626411684,-0.07615742317186515,2019-02-01 00:00:00+00:00,2019
533,0.08249125670801642,0.0,-0.06064908694901132,-0.048112256413686286,0.00641967634805414,-0.05608426592733086,2019-02-02 00:00:00+00:00,2019
534,0.05150378298905729,0.0,-0.02343532609639737,-0.014199560741791531,-0.007633939506326633,-0.041216244388218415,2019-02-03 00:00:00+00:00,2019
535,-0.02905638232552932,-3.469446951953614e-18,0.017351920367176706,0.013786535880074297,-0.03508676610066151,0.011719216673118479,2019-02-04 00:00:00+00:00,2019
536,-0.026209363176778782,-3.469446951953614e-18,0.018510624608470735,0.013230777471958277,-0.02019985936722522,0.012534943003358643,2019-02-05 00:00:00+00:00,2019
537,-0.011020741214050106,1.734723475976807e-18,0.008097444381568704,0.00525097456817051,-0.008173838782442015,0.003718761044954372,2019-02-06 00:00:00+00:00,2019
538,0.04628455346347364,0.0,-0.0263119637704342,-0.024331239197674923,0.001725202327045601,-0.03429076895506433,2019-02-07 00:00:00+00:00,2019
539,0.06876871885697534,0.0,-0.04523729468814277,-0.03959290364584659,-0.016883027746414696,-0.04772360238754997,2019-02-08 00:00:00+00:00,2019
540,0.03632858889234578,-6.938893903907228e-18,-0.019008013567206824,-0.015623428416005745,0.001756073577957172,-0.03305763989669411,2019-02-09 00:00:00+00:00,2019
541,-0.032673979098080126,0.0,0.018847725704098442,0.013431726386827613,-0.017385231434369902,0.015136882258635364,2019-02-10 00:00:00+00:00,2019
542,0.05632381005720659,0.0,-0.033008173277996766,-0.02498275980649589,-0.005202417320051847,-0.045836230618275395,2019-02-11 00:00:00+00:00,2019
543,-0.0728196281375307,0.0,0.04094974463151653,0.03294714940768413,-0.022518573526373223,0.03426287524844884,2019-02-12 00:00:00+00:00,2019
544,-0.14949065410729612,0.0,0.08572010470560823,0.04148130106805613,-0.016537095237176697,0.08651089728725014,2019-02-13 00:00:00+00:00,2019
545,0.06421216762427127,0.0,-0.043262243832384036,-0.021183743074615236,0.01831326284026101,-0.04799079239424339,2019-02-14 00:00:00+00:00,2019
546,-0.01623256459380641,0.0,0.01092911543586321,0.00794267858179538,0.005598328818134459,0.007735463549064375,2019-02-15 00:00:00+00:00,2019
547,-0.04051889676645578,0.0,0.026465725809888437,0.02355933451310594,0.09041840369063658,0.024661650526063245,2019-02-16 00:00:00+00:00,2019
548,0.03517846709274384,6.938893903907228e-18,-0.025358708230665123,-0.02205859213415876,0.0020309387049939967,-0.027067971290104492,2019-02-17 00:00:00+00:00,2019
549,-0.03286413435476372,0.0,0.01926941068696241,0.016015099694384038,0.03633320455549864,0.01577849532135335,2019-02-18 00:00:00+00:00,2019
550,0.09624267306672521,0.0,-0.05432541359561563,-0.031294030729170585,0.012319472537085402,-0.05671168247089867,2019-02-19 00:00:00+00:00,2019
551,-0.004371686253005159,0.0,0.0038025400348594817,0.002684531597859754,-0.024674822015527696,0.0007775724735917516,2019-02-20 00:00:00+00:00,2019
552,0.07530014279359828,0.0,-0.04584688150857027,-0.03746506917646272,-0.018496568671231915,-0.051589398263673106,2019-02-21 00:00:00+00:00,2019
553,-0.01281167141028813,0.0,0.005312736087568546,0.0024571429909398448,-0.005390278943230565,0.0013584734270088768,2019-02-22 00:00:00+00:00,2019
554,0.013134886879892744,0.0,-0.008103927324233701,-0.006568592023090647,0.006030905980012203,-0.013962895566024642,2019-02-23 00:00:00+00:00,2019
555,0.024513196663038264,0.0,-0.013587382559474264,-0.011313407346982305,0.002480369731419345,-0.018573516560195322,2019-02-24 00:00:00+00:00,2019
556,0.04201412447810878,6.938893903907228e-18,-0.02582102538798175,-0.02470923054039901,0.04023290702662107,-0.03144083088271518,2019-02-25 00:00:00+00:00,2019
557,0.049726603299203004,0.0,-0.03264387661144899,-0.03089313085000027,0.06343305011301667,-0.0430348630025571,2019-02-26 00:00:00+00:00,2019
558,0.09168910874417548,0.0,-0.06695300538402772,-0.060259767495860476,-0.013144163730504047,-0.07311026741995486,2019-02-27 00:00:00+00:00,2019
559,-0.008353383936120208,0.0,0.00376247550782376,0.004636700733674186,-0.031314439542768184,-0.0019761461113925564,2019-02-28 00:00:00+00:00,2019
560,0.038678940276653445,0.0,-0.030412553042144387,-0.027146421253530565,-0.04208595975975295,-0.035844627602466025,2019-03-01 00:00:00+00:00,2019
561,0.012148377142454448,0.0,-0.012142647170388956,-0.009562834751248323,0.0019101264031790143,-0.017106197317170328,2019-03-02 00:00:00+00:00,2019
562,0.0952678434332909,0.0,-0.06665424720575558,-0.06123088013266256,-0.03755209790206364,-0.06828690410659115,2019-03-03 00:00:00+00:00,2019
563,0.023222516442454138,0.0,-0.018986890402816106,-0.015466466283735651,0.03433130772813263,-0.028238337574808058,2019-03-04 00:00:00+00:00,2019
564,-0.0026462372652319975,-8.673617379884035e-19,0.00035751297109417853,0.00032573934698294305,-0.0064744393514558195,-0.005991635078849766,2019-03-05 00:00:00+00:00,2019
565,0.00690603117610133,1.734723475976807e-18,-0.0012428110575073495,-0.0004909135185635592,0.02236270938810677,-0.006715401633448928,2019-03-06 00:00:00+00:00,2019
566,0.03698478406564349,-6.938893903907228e-18,-0.019925503613011236,-0.016126093179041415,-0.01210027715127061,-0.028194729631593158,2019-03-07 00:00:00+00:00,2019
567,0.002816616799790046,-8.673617379884035e-19,-0.0011145572384908186,-0.0007638671185610669,-0.00730356476339979,-0.0056100753201509725,2019-03-08 00:00:00+00:00,2019
568,0.04352600657181933,0.0,-0.029499308665036465,-0.028639163690035524,0.00551914780094661,-0.037920408834320796,2019-03-09 00:00:00+00:00,2019
569,-0.001388596392225945,8.673617379884035e-19,0.0020636561228030703,0.0006521171669596117,-0.019736888608714726,-0.002353340479675058,2019-03-10 00:00:00+00:00,2019
570,0.00297020503452846,4.336808689942018e-19,-0.005103435468522238,-0.0038348960359693386,0.018189076516081537,-0.006967676881711968,2019-03-11 00:00:00+00:00,2019
571,-0.029094322749546597,0.0,0.018016353054436475,0.018433414811095852,0.010260763575450214,0.016750007529233085,2019-03-12 00:00:00+00:00,2019
572,-0.0005545324977787062,-4.336808689942018e-19,-0.0001852295840005121,0.0004313137741490848,-0.03438442863920879,-0.004917180477934534,2019-03-13 00:00:00+00:00,2019
573,-0.06083505766732352,0.0,0.04257189852160036,0.0396009387954532,-0.04289161101010636,0.042577652645575,2019-03-14 00:00:00+00:00,2019
574,-0.023132632459912983,0.0,0.016183927553412667,0.013307598924538292,-0.006445513746171173,0.011067911687273056,2019-03-15 00:00:00+00:00,2019
575,0.10469311101096017,1.3877787807814457e-17,-0.06422724753449127,-0.055011330356253434,0.005524802228420764,-0.07500385756135196,2019-03-16 00:00:00+00:00,2019
576,0.04273859614675695,0.0,-0.029430073330669146,-0.02586768185615741,0.0021870968967725377,-0.03636265971552882,2019-03-17 00:00:00+00:00,2019
577,0.024487409402023663,0.0,-0.015518253272934827,-0.014318413604052357,-0.007744220947785593,-0.02235381407124029,2019-03-18 00:00:00+00:00,2019
578,0.06036051799511087,0.0,-0.04108278616356537,-0.038182758035138306,-0.014079687271187191,-0.04626646213367845,2019-03-19 00:00:00+00:00,2019
579,0.03232543230056763,0.0,-0.023548747071972884,-0.021519815321412283,0.03661358356283892,-0.026102015118977702,2019-03-20 00:00:00+00:00,2019
580,0.002905873412435705,1.734723475976807e-18,0.001715238615944534,0.0007650741685271069,0.025616790912208504,-0.006421007272968735,2019-03-21 00:00:00+00:00,2019
581,0.01852832091125575,3.469446951953614e-18,-0.009822564402494481,-0.009531549080425292,-0.029137902980608033,-0.013399757338778504,2019-03-22 00:00:00+00:00,2019
582,0.019442438738686698,0.0,-0.010799600129206145,-0.010918783341018303,-0.014142485979168198,-0.016045781933606507,2019-03-23 00:00:00+00:00,2019
583,-0.03715519234538078,0.0,0.019426154080301447,0.01860145975924383,-0.033634589134590345,0.022654348710519887,2019-03-24 00:00:00+00:00,2019
584,0.08322926282882691,-1.3877787807814457e-17,-0.06184602935715973,-0.05302444396228691,-0.028556429419049414,-0.06800110782558805,2019-03-25 00:00:00+00:00,2019
585,0.025488253320966447,3.469446951953614e-18,-0.01980777917798799,-0.019494318156278487,-0.053534302715932305,-0.024066637825299074,2019-03-26 00:00:00+00:00,2019
586,0.0010077817873521285,2.168404344971009e-19,0.002863991677601327,0.0013236635931345264,-0.03796573015009613,-0.0013430242855707341,2019-03-27 00:00:00+00:00,2019
587,-0.05178161473436789,0.0,0.02874584108765104,0.02564241497239498,-0.01907335240150504,0.02862817324107036,2019-03-28 00:00:00+00:00,2019
588,0.06810126961632208,0.0,-0.04551924818066719,-0.031830130582441225,0.010016042131005098,-0.04582498101441457,2019-03-29 00:00:00+00:00,2019
589,0.02066435652264094,0.0,-0.013317583885517499,-0.011931597463675437,-0.010076461058937496,-0.02019862344703122,2019-03-30 00:00:00+00:00,2019
590,-0.0031259841164626642,4.336808689942018e-19,0.004215053287757058,0.0030626326629421626,0.0064036470298817205,-0.00017591061396718052,2019-03-31 00:00:00+00:00,2019
591,0.012197946229677521,0.0,-0.004636203882711505,-0.003914813671984728,0.0005373380089236622,-0.010120100679090608,2019-04-01 00:00:00+00:00,2019
592,-0.002682084447882149,4.336808689942018e-19,0.004079227066002601,0.0022949406327160663,-0.01077990967211251,-0.0029569594085387227,2019-04-02 00:00:00+00:00,2019
593,0.009564841396353219,-1.734723475976807e-18,-0.0019955792438410454,-0.0036897231519637166,-0.0010184465283818982,-0.007903525850595575,2019-04-03 00:00:00+00:00,2019
594,0.010753389154927115,-1.734723475976807e-18,-0.006339614234425061,-0.0057521430299219654,-0.013788833784065712,-0.010478284760428535,2019-04-04 00:00:00+00:00,2019
595,0.05343233639967508,0.0,-0.028892933879744884,-0.023573710622420217,-0.004933874592374932,-0.0352612311971256,2019-04-05 00:00:00+00:00,2019
596,-0.014395775085084894,0.0,0.006983880152230558,0.005139959804169109,0.004402811869622049,-0.0035403759132459182,2019-04-06 00:00:00+00:00,2019
597,0.011293153523066856,-1.734723475976807e-18,-0.003106750293789368,-0.001578700442721681,-0.000732293100274839,-0.01022618413281158,2019-04-07 00:00:00+00:00,2019
598,-0.09839999442659943,0.0,0.049999721021747434,0.04209296579383924,-0.0006006229129224411,0.017083477388665794,2019-04-08 00:00:00+00:00,2019
599,-0.05933019036021313,6.938893903907228e-18,0.01894357803090657,0.0035122230717712713,0.00211127043345484,0.034460984022625235,2019-04-09 00:00:00+00:00,2019
600,0.035692923228833925,0.0,-0.01963241850950536,-0.014438989140650869,0.027963866070326554,-0.026712532568836073,2019-04-10 00:00:00+00:00,2019
601,-0.03870952395753487,0.0,0.026334485197931683,0.01695941338240388,0.04582012284156154,0.025831859724835215,2019-04-11 00:00:00+00:00,2019
602,-0.06613551637979859,0.0,0.04790428944290115,0.041216870798266,0.0398745984471987,0.039911920635801325,2019-04-12 00:00:00+00:00,2019
603,-0.04272885388798184,0.0,0.02672081152181959,0.018813405775059053,-0.012157902590207471,0.013487823186131294,2019-04-13 00:00:00+00:00,2019
604,-0.03983806802166833,0.0,0.018807930282553217,0.009776829537292194,-0.005227532753503454,0.02589437010933404,2019-04-14 00:00:00+00:00,2019
605,0.08592257183559691,-1.3877787807814457e-17,-0.06303719949508318,-0.05060588895455832,-0.013531015752252837,-0.060092353542667086,2019-04-15 00:00:00+00:00,2019
606,0.1627345852430354,0.0,-0.1092530295583723,-0.07854117893567147,-0.012104572318095835,-0.11317192819298713,2019-04-16 00:00:00+00:00,2019
607,0.08896977400911447,0.0,-0.06161993386049035,-0.052277046250898684,-0.029477003273633076,-0.06867517341058779,2019-04-17 00:00:00+00:00,2019
608,-0.018129770268392825,0.0,0.013778470751389578,0.011740054191213808,-0.003073386250870322,0.010458976341851186,2019-04-18 00:00:00+00:00,2019
609,0.017988691343128353,0.0,-0.012750249990510677,-0.011041988031442077,0.0161699166648031,-0.016660967902543036,2019-04-19 00:00:00+00:00,2019
610,0.06546464513019962,0.0,-0.04317723099477906,-0.03893675323729916,0.041325322458267935,-0.046537248246019416,2019-04-20 00:00:00+00:00,2019
611,0.021130260841622537,0.0,-0.010301234286589696,-0.00967225945229834,-0.0024751225969096707,-0.016928694663504003,2019-04-21 00:00:00+00:00,2019
612,0.0025550182098927703,-1.3010426069826053e-18,-0.004133586976787265,-0.003035277662073727,-0.013984609721111962,-0.0088566809587762,2019-04-22 00:00:00+00:00,2019
613,0.028521570498528687,3.469446951953614e-18,-0.014239696322412912,-0.012558761401610816,-0.01361802472670285,-0.01930457966132914,2019-04-23 00:00:00+00:00,2019
614,-0.07476188274829285,1.3877787807814457e-17,0.03755496946009835,0.03192484347145571,-0.017834244283537706,0.04081540205178298,2019-04-24 00:00:00+00:00,2019
615,0.06884347841791484,0.0,-0.04146261727311499,-0.03531990478920251,0.0011136581327544637,-0.044703233580534206,2019-04-25 00:00:00+00:00,2019
616,0.004474342841169108,8.673617379884035e-19,-0.005011859241408772,-0.004391802968009872,0.009903195243667756,-0.008658252674906823,2019-04-26 00:00:00+00:00,2019
617,-0.003953124517979829,0.0,0.003729496605414984,0.0026932177023930247,0.0051704847609730445,-0.0006304145757965252,2019-04-27 00:00:00+00:00,2019
618,0.018706960846548496,0.0,-0.011425381237251411,-0.009462754619856292,-0.0007812780644883728,-0.014668751135214037,2019-04-28 00:00:00+00:00,2019
619,-0.012628259880295216,-1.734723475976807e-18,0.006588259370250424,0.005332303345443766,0.004320418862745012,0.0014453955376653848,2019-04-29 00:00:00+00:00,2019
620,-0.0755838256167329,1.3877787807814457e-17,0.02817243646940771,0.02091423323542392,-0.001527081848544859,0.0486456583604397,2019-04-30 00:00:00+00:00,2019
621,0.05266058930884237,0.0,-0.0371223064006883,-0.026282214919387165,-0.0006148688905577362,-0.035225814231008415,2019-05-01 00:00:00+00:00,2019
622,-0.0781629367367081,0.0,0.04837071753045101,0.0423584240622465,0.02028801069874965,0.03912311457189239,2019-05-02 00:00:00+00:00,2019
623,-0.04327260126938691,0.0,0.02029487714869655,0.011700232913561565,-0.005764525027911187,0.01789970701677019,2019-05-03 00:00:00+00:00,2019
624,0.0829699387421479,1.3877787807814457e-17,-0.04516266641404974,-0.036647483606202236,-0.005263575038006438,-0.04860839795387043,2019-05-04 00:00:00+00:00,2019
625,-0.04297067603549442,-6.938893903907228e-18,0.020075920374701503,0.014557406493606827,-0.00637210343187207,0.021128160750290045,2019-05-05 00:00:00+00:00,2019
626,-0.012409433562268493,-3.469446951953614e-18,0.01003152254242356,0.008322488427854245,0.024977962756661084,0.005134653131198638,2019-05-06 00:00:00+00:00,2019
627,-0.06085352327234002,-6.938893903907228e-18,0.03168683965598681,0.0235482296627222,0.025786009903516427,0.021218959275855404,2019-05-07 00:00:00+00:00,2019
628,0.05064193728149578,6.938893903907228e-18,-0.022758035458343456,-0.016892944131613824,-0.016204649948363445,-0.037402363286483685,2019-05-08 00:00:00+00:00,2019
629,-0.30718655675970097,-5.551115123125783e-17,0.18921875733285629,0.15099716610484487,0.04393017745614958,0.07683275519680655,2019-05-09 00:00:00+00:00,2019
630,0.11199902521597373,1.3877787807814457e-17,-0.045998660218381435,-0.009374015803448557,-0.004806671575411148,-0.08220742244500427,2019-05-10 00:00:00+00:00,2019
631,-0.13344245315879905,0.0,0.09999403235481265,0.08154774610008918,0.12310569279938137,0.0819494306947982,2019-05-11 00:00:00+00:00,2019
632,-0.04916447272864721,0.0,0.037392640886870075,0.02143596680626139,0.04908381660947472,0.024513224840718606,2019-05-12 00:00:00+00:00,2019
633,-0.17137076072795418,2.7755575615628914e-17,0.09837650233474562,0.07675846300169063,0.0009733442422323046,0.12111331002124698,2019-05-13 00:00:00+00:00,2019
634,0.23609029253323874,0.0,-0.18475501483238643,-0.10155482005865088,-0.019376280167508447,-0.19310452499860511,2019-05-14 00:00:00+00:00,2019
635,0.023771742018320226,0.0,-0.01854232408898431,-0.014002722914042627,-0.00951793208184184,-0.019545432501672177,2019-05-15 00:00:00+00:00,2019
636,0.10820569979247227,1.3877787807814457e-17,-0.07941016601995227,-0.05480145836014866,-0.00035433784370346444,-0.08506119396733755,2019-05-16 00:00:00+00:00,2019
637,-0.018872503290839372,0.0,0.015262987182256011,0.013078742689707061,-0.0177622330719706,0.009475100419244856,2019-05-17 00:00:00+00:00,2019
638,-0.11864449378640894,1.3877787807814457e-17,0.09054041914989844,0.08317834487224138,0.011878350387666783,0.08707479037504837,2019-05-18 00:00:00+00:00,2019
639,-0.041368553663957565,0.0,0.031601143279163885,0.025152150424749553,-0.0047007228527207665,0.030958315350801145,2019-05-19 00:00:00+00:00,2019
640,0.04927254008485916,0.0,-0.038927341247587385,-0.030636213658194862,-0.005607947621241775,-0.0393739029014822,2019-05-20 00:00:00+00:00,2019
641,0.07496758439439408,0.0,-0.05540839620775897,-0.044566355103363986,-0.0077976768019911435,-0.055150987180113395,2019-05-21 00:00:00+00:00,2019
642,-0.016371556736053304,0.0,0.01178100114760223,0.009366910941335103,-0.011575061762226627,0.008310395739921695,2019-05-22 00:00:00+00:00,2019
643,0.05589050851403711,0.0,-0.03597712563712523,-0.03515306048523779,0.00464662380736202,-0.04115058673253012,2019-05-23 00:00:00+00:00,2019
644,0.056982204875844045,0.0,-0.03647974332717674,-0.03274112449660443,0.06274740302201655,-0.042782918882081994,2019-05-24 00:00:00+00:00,2019
645,-0.0851187616746056,1.3877787807814457e-17,0.05729935805160364,0.0534338717512865,-0.01877869184936462,0.06408263952584023,2019-05-25 00:00:00+00:00,2019
646,-0.03811123218128388,0.0,0.030174588709575057,0.02440513721989143,0.004910258634227775,0.026396371368076755,2019-05-26 00:00:00+00:00,2019
647,0.04047293459030396,0.0,-0.029108698415742772,-0.025036917848597393,0.0497550179733911,-0.03273856714730049,2019-05-27 00:00:00+00:00,2019
648,-0.07937455782915818,-1.3877787807814457e-17,0.0549338575580802,0.05396036460127354,-0.0009577972165814019,0.05913826340014431,2019-05-28 00:00:00+00:00,2019
649,-0.018948593879128523,3.469446951953614e-18,0.013729891988436153,0.011665376608420841,-0.009491886608162779,0.0126180982603839,2019-05-29 00:00:00+00:00,2019
650,0.0594364547349037,-6.938893903907228e-18,-0.04528466849546445,-0.038991321162438156,0.013325053761443793,-0.050694167372007555,2019-05-30 00:00:00+00:00,2019
651,-0.03603945292056875,-6.938893903907228e-18,0.030603738626056323,0.02923947332672187,-0.04706925339063448,0.02623076280172542,2019-05-31 00:00:00+00:00,2019
652,-0.05565623748809733,6.938893903907228e-18,0.04326096001524537,0.039132657528628295,0.007525087206390148,0.0419422799376762,2019-06-01 00:00:00+00:00,2019
653,-0.01782823623494899,3.469446951953614e-18,0.014493877434847232,0.012301747880451002,-0.010595032152545005,0.013087438420619458,2019-06-02 00:00:00+00:00,2019
654,0.059519668525837836,0.0,-0.0458282595982461,-0.04264210795630241,0.052210999322105024,-0.049014661808997086,2019-06-03 00:00:00+00:00,2019
655,0.0244074986970171,3.469446951953614e-18,-0.01914164536501984,-0.018011101732629823,-0.0009551183481202943,-0.01651428367104628,2019-06-04 00:00:00+00:00,2019
656,0.004471945952861867,-8.673617379884035e-19,-0.002640842238675608,-0.0025591335862427027,0.0242699646569,-0.004239535716217062,2019-06-05 00:00:00+00:00,2019
657,-0.044086803408230055,6.938893903907228e-18,0.025746238748574603,0.02432889277087321,0.0017790885390089328,0.02806711488667238,2019-06-06 00:00:00+00:00,2019
658,0.004371944277044286,0.0,-0.0027519600526474336,-0.002485381116034654,-0.005061260132867919,-0.00396580292698153,2019-06-07 00:00:00+00:00,2019
659,-0.06918951853073854,0.0,0.04808585252787557,0.044342736217256346,-0.008566254809093898,0.04944698709144901,2019-06-08 00:00:00+00:00,2019
660,-0.011176392436027527,0.0,0.008494699941206512,0.007479504132097381,0.0010756549704728675,0.006294219622133852,2019-06-09 00:00:00+00:00,2019
661,0.0031431837284818607,0.0,-0.0010220216577788133,-0.0012029863096439941,-0.006232913892208697,-0.0021820652780998556,2019-06-10 00:00:00+00:00,2019
662,-0.21143453267026455,2.7755575615628914e-17,0.13170020539953242,0.11340382648602812,0.006610684008218737,0.16359123732070274,2019-06-11 00:00:00+00:00,2019
663,-0.048036782348409614,0.0,0.038872051797352355,0.03258075217596568,0.00326407250933395,0.03665333401890551,2019-06-12 00:00:00+00:00,2019
664,0.08555729718918496,-1.3877787807814457e-17,-0.06817227333175069,-0.05702216604391101,-0.010773345440155638,-0.07279442003391258,2019-06-13 00:00:00+00:00,2019
665,0.03866205158385825,-6.938893903907228e-18,-0.03193656045444018,-0.028726977345525394,0.0215674154902199,-0.028766815224078784,2019-06-14 00:00:00+00:00,2019
666,-0.09416156848694415,0.0,0.06565235948702863,0.06010847334813436,0.010813578357278392,0.07483256760857057,2019-06-15 00:00:00+00:00,2019
667,0.0025064735970598585,0.0,-0.0017737307567769114,-0.0016886819726806936,0.014396926763078827,-0.002714146851704351,2019-06-16 00:00:00+00:00,2019
668,0.0554592140177463,6.938893903907228e-18,-0.03968086189506108,-0.035669363628799695,0.006815636255655372,-0.042609549266277476,2019-06-17 00:00:00+00:00,2019
669,0.039004913669951416,0.0,-0.028710478504628184,-0.02710635145428429,-0.01483379587349112,-0.02979503586702168,2019-06-18 00:00:00+00:00,2019
670,0.06707970766310996,0.0,-0.04602927766729063,-0.04356705762372458,-0.003166078436287356,-0.052024607085651944,2019-06-19 00:00:00+00:00,2019
671,0.009749250843169842,-1.734723475976807e-18,-0.008092795515608797,-0.007238378448180312,0.0016095315741522804,-0.009590389270837838,2019-06-20 00:00:00+00:00,2019
672,-0.03794031986530791,0.0,0.030168365569741954,0.026131588480052842,0.0006481921610211674,0.02572627673423202,2019-06-21 00:00:00+00:00,2019
673,0.006416058414196842,-1.734723475976807e-18,-0.003500883635866736,-0.0039224285506255455,-0.024113081902781382,-0.005246376940553674,2019-06-22 00:00:00+00:00,2019
674,0.028408251742206552,0.0,-0.020275879723200222,-0.018951371036415032,-0.004899765609261326,-0.023182919979994762,2019-06-23 00:00:00+00:00,2019
675,0.03660314833676374,-6.938893903907228e-18,-0.027245834516247184,-0.025714845517842158,0.0037437219654896173,-0.028907007682185036,2019-06-24 00:00:00+00:00,2019
676,-0.024757942510029628,0.0,0.016032283124538443,0.01558857361144532,0.00044087939250106456,0.01765489862822934,2019-06-25 00:00:00+00:00,2019
677,0.04162732160911358,-6.938893903907228e-18,-0.03387483176634516,-0.03016477823624769,-0.036585020980866134,-0.03340587691092964,2019-06-26 00:00:00+00:00,2019
678,0.024383971879356786,0.0,-0.017099898886758128,-0.016619857044523623,-0.007757014347354214,-0.021443841415048057,2019-06-27 00:00:00+00:00,2019
679,-0.07310650631001121,0.0,0.04836120394834753,0.043613489202897274,-0.014602732757853246,0.05287248843922024,2019-06-28 00:00:00+00:00,2019
680,0.036629557609558105,0.0,-0.02764719484736293,-0.0242800432256344,-0.008157903641930978,-0.029367440331849903,2019-06-29 00:00:00+00:00,2019
681,-0.010714737678828992,-1.734723475976807e-18,0.007859082722530308,0.00739883003919148,-0.017664690082237484,0.00662224704162648,2019-06-30 00:00:00+00:00,2019
682,0.026296716301064744,-3.469446951953614e-18,-0.020263221727689972,-0.017953608192463805,-0.006089601747567352,-0.021412244555469296,2019-07-01 00:00:00+00:00,2019
683,-0.023516904366643804,0.0,0.01638744480202068,0.016819514540534604,-0.00609939782662362,0.02037419430565842,2019-07-02 00:00:00+00:00,2019
684,-0.013137879810835185,0.0,0.011412731296180973,0.010167398100405985,0.02307064507785804,0.006208490379504392,2019-07-03 00:00:00+00:00,2019
685,0.015341196562114514,-5.204170427930421e-18,-0.011549786770298026,-0.011925427375969168,-0.017424550719309897,-0.014886771121095101,2019-07-04 00:00:00+00:00,2019
686,-0.027223163215737593,3.469446951953614e-18,0.022688162338437276,0.019758837870879772,-0.03677782939558494,0.01701092282523122,2019-07-05 00:00:00+00:00,2019
687,-0.05520276050818594,6.938893903907228e-18,0.04176597175669025,0.03867780312249695,-0.05367987644136556,0.042178376128788636,2019-07-06 00:00:00+00:00,2019
688,0.00012355070365102668,4.0657581468206416e-19,0.0004937298895994936,0.00023203857280654214,-0.023020739578168373,-0.001151841652582169,2019-07-07 00:00:00+00:00,2019
689,0.005190987022299516,-8.673617379884035e-19,-0.0038354183088425238,-0.0034708812252115142,0.029452392511503653,-0.004821454639169273,2019-07-08 00:00:00+00:00,2019
690,-0.05803838058521873,6.938893903907228e-18,0.047740380771462136,0.04581964279554469,0.010197283419034621,0.03844504433237574,2019-07-09 00:00:00+00:00,2019
691,-0.06259589132509734,1.3877787807814457e-17,0.041158528602666423,0.03628388486803631,-0.005081175095987142,0.04799291634450569,2019-07-10 00:00:00+00:00,2019
692,0.10262150827207063,1.3877787807814457e-17,-0.08181944970418943,-0.07669654046741961,-0.005226664051124999,-0.08636253115652645,2019-07-11 00:00:00+00:00,2019
693,0.03316207465372587,0.0,-0.02746509770907623,-0.0240048608199938,0.017994364093316194,-0.027445294492330078,2019-07-12 00:00:00+00:00,2019
694,0.046157530734413546,0.0,-0.03726797674864612,-0.03371969291542902,-0.021711408482199636,-0.03781156017308273,2019-07-13 00:00:00+00:00,2019
695,0.028079972455376072,0.0,-0.019954405091891537,-0.01867807449842926,-0.0029909153958011594,-0.021179376307912584,2019-07-14 00:00:00+00:00,2019
696,0.031234775405181082,-3.469446951953614e-18,-0.023385116874259468,-0.021692148156991373,-0.012058437959987386,-0.028028022438893397,2019-07-15 00:00:00+00:00,2019
697,0.013014437336670725,0.0,-0.005675140295344948,-0.007161698022148956,-0.0009784296294551506,-0.008618185649107709,2019-07-16 00:00:00+00:00,2019
698,0.02860931063953199,-3.469446951953614e-18,-0.017124484212724448,-0.013687436560014693,-0.004352595705759688,-0.022390725945065193,2019-07-17 00:00:00+00:00,2019
699,0.006224884171234934,-1.734723475976807e-18,-0.003420659810229774,-0.0036546886713609283,-0.008848686764968753,-0.006364060839586785,2019-07-18 00:00:00+00:00,2019
700,0.03791483672041642,-6.938893903907228e-18,-0.02481605735690194,-0.025700060039744767,0.009862590930873376,-0.03156215702214869,2019-07-19 00:00:00+00:00,2019
701,0.02614996213661997,3.469446951953614e-18,-0.01847541774657148,-0.019323076464750122,-0.013575415303785265,-0.021507388280555522,2019-07-20 00:00:00+00:00,2019
702,0.03508697654071607,6.938893903907228e-18,-0.027535431524522782,-0.025825182769381158,0.006685430428763538,-0.030212548789897313,2019-07-21 00:00:00+00:00,2019
703,-0.026956513053492497,3.469446951953614e-18,0.022218915192648507,0.02031550648873517,-0.012370150835171366,0.02021454766880085,2019-07-22 00:00:00+00:00,2019
704,0.018060591660047833,0.0,-0.014058692586095838,-0.012987962668461485,-0.005787331882009871,-0.01524715455940843,2019-07-23 00:00:00+00:00,2019
705,-0.012929210176018521,0.0,0.00987492964769527,0.009660247130787482,0.0025404234840870153,0.008725742903360131,2019-07-24 00:00:00+00:00,2019
706,0.041101518413783365,6.938893903907228e-18,-0.03212849121813998,-0.030619623575076946,-0.022869739540082937,-0.03380430157868908,2019-07-25 00:00:00+00:00,2019
707,0.04001260718340596,0.0,-0.03178503450255435,-0.028156568883948983,-0.02298607212082515,-0.031258796036800325,2019-07-26 00:00:00+00:00,2019
708,0.03874828553324595,6.938893903907228e-18,-0.0252454894959053,-0.023753502889903914,-0.01665782015256819,-0.03230916709889706,2019-07-27 00:00:00+00:00,2019
709,0.034440350158052295,0.0,-0.025204580833184692,-0.024188955024308813,-0.012852911886151924,-0.028871256511861423,2019-07-28 00:00:00+00:00,2019
710,-0.03559473110119086,6.938893903907228e-18,0.027372214889597065,0.025771662073334985,-0.02131910998241745,0.028068843149962157,2019-07-29 00:00:00+00:00,2019
711,0.06336624709723508,0.0,-0.05113307668407366,-0.04555474668102481,0.039620836204099716,-0.05340652585791339,2019-07-30 00:00:00+00:00,2019
712,0.029032492824874,3.469446951953614e-18,-0.02283919145310847,-0.020728447113607988,-0.009369372139982363,-0.02650248843611594,2019-07-31 00:00:00+00:00,2019
713,0.048326322545555876,0.0,-0.039687465106856355,-0.03887671726071266,-0.024770938371759553,-0.044033629802575816,2019-08-01 00:00:00+00:00,2019
714,-0.024789778661977558,-3.469446951953614e-18,0.02104917460535521,0.01871730323181437,-0.0010141454904854762,0.021047155028627477,2019-08-02 00:00:00+00:00,2019
715,0.08925684603552024,-1.3877787807814457e-17,-0.07740551072823626,-0.07093061244695212,-0.009707004360991436,-0.07735294030481227,2019-08-03 00:00:00+00:00,2019
716,0.00721239298582077,0.0,-0.006333811698172066,-0.0058449068441514054,-0.003147572718363214,-0.007641615131202852,2019-08-04 00:00:00+00:00,2019
717,0.02025461879869302,0.0,-0.016623297825047626,-0.015145656051831075,-0.016152120489708634,-0.01890984582617254,2019-08-05 00:00:00+00:00,2019
718,-0.00938433688133955,0.0,0.008927354118387203,0.00788544210578177,0.01899562604023581,0.004904771257153155,2019-08-06 00:00:00+00:00,2019
719,-0.03819517449786266,6.938893903907228e-18,0.028160788255068868,0.026735488269414045,-0.0018083732142075148,0.02897805447887686,2019-08-07 00:00:00+00:00,2019
720,0.004580528785785039,-1.734723475976807e-18,-0.0049098272640532665,-0.004188416430397992,-0.01557714504393733,-0.0057142758018711715,2019-08-08 00:00:00+00:00,2019
721,0.05440087026606003,0.0,-0.04264674484199993,-0.04055482476864032,-0.0023965146764888395,-0.04536652688916536,2019-08-09 00:00:00+00:00,2019
722,0.037029968885083996,-6.938893903907228e-18,-0.029352832926348514,-0.02854100887600169,-0.022501879729556785,-0.030857187750612566,2019-08-10 00:00:00+00:00,2019
723,0.013018460012972355,0.0,-0.010716133105302061,-0.010321121802606007,-0.02515356811944086,-0.014860976439476082,2019-08-11 00:00:00+00:00,2019
724,0.020516675062130153,0.0,-0.013163452300699869,-0.012895146027275026,-0.009498537149359393,-0.019525117783325167,2019-08-12 00:00:00+00:00,2019
725,0.02930555164505163,0.0,-0.02518874853771704,-0.024167006882526394,-0.00447476371481096,-0.023099746864583534,2019-08-13 00:00:00+00:00,2019
726,-0.05303719562570048,0.0,0.03713946404521429,0.035652560071269254,-0.03057821281327413,0.039633254477946356,2019-08-14 00:00:00+00:00,2019
727,0.03480105226238569,-6.938893903907228e-18,-0.02779838663159526,-0.025582675496729518,-0.02211808635508541,-0.03277369571071408,2019-08-15 00:00:00+00:00,2019
728,-0.059624405413711626,0.0,0.05464201597223663,0.048515026029486416,-0.01605444756470252,0.051863702799618924,2019-08-16 00:00:00+00:00,2019
729,0.057596814755948716,6.938893903907228e-18,-0.0512003703873641,-0.04547210905627434,6.685073646247458e-05,-0.04933874885699212,2019-08-17 00:00:00+00:00,2019
730,-0.0004790873107514851,-6.505213034913027e-19,-0.00035756550163563896,9.13194981228086e-05,0.01334600865129353,-0.0013401252107667111,2019-08-18 00:00:00+00:00,2019
731,0.00909090536246028,0.0,-0.007693897200540646,-0.006972293998668893,-0.003384680000204328,-0.00899695731692126,2019-08-19 00:00:00+00:00,2019
732,-0.017951049644094674,0.0,0.015291413787724282,0.014242798624692087,0.00817240576160794,0.012173280253124759,2019-08-20 00:00:00+00:00,2019
733,0.007080129082338797,0.0,-0.004442180126807128,-0.004266372187179875,-0.006988045409507444,-0.007418489981321629,2019-08-21 00:00:00+00:00,2019
734,0.053543656292356974,6.938893903907228e-18,-0.04254681243958953,-0.041065159119471104,0.00926795304223154,-0.04618601675552419,2019-08-22 00:00:00+00:00,2019
735,0.005659034832771578,0.0,-0.004859651103494597,-0.004233588370893775,0.023703344012926005,-0.005720677272459215,2019-08-23 00:00:00+00:00,2019
736,0.017118718339989222,0.0,-0.013468246982854828,-0.012801374495707,-0.00524952139109857,-0.015117637689164562,2019-08-24 00:00:00+00:00,2019
737,0.031010901865859825,-3.469446951953614e-18,-0.02389443652503875,-0.02195081294959112,-0.015622505120292214,-0.028521425129209813,2019-08-25 00:00:00+00:00,2019
738,0.03561259458719757,0.0,-0.0285193267703792,-0.026896943631806745,0.0618475174044029,-0.03168809024011133,2019-08-26 00:00:00+00:00,2019
739,0.010726454653270504,0.0,-0.009426341739639235,-0.008449214986556555,-0.0012928453387434473,-0.010407585844551995,2019-08-27 00:00:00+00:00,2019
740,-0.18113381535278084,0.0,0.13897326787750303,0.12874209807950268,-0.039182111861222446,0.14879822683728391,2019-08-28 00:00:00+00:00,2019
741,0.01859274645543469,0.0,-0.01605063278224746,-0.013211288691669789,-0.014726293782396302,-0.016959470477848265,2019-08-29 00:00:00+00:00,2019
742,0.0335027312985356,0.0,-0.02843323249398645,-0.024412394572192093,-0.006164111944716839,-0.03077636303446129,2019-08-30 00:00:00+00:00,2019
743,-0.04805742335443052,0.0,0.040645537928025485,0.038095681545305,0.10254822063658375,0.03964820267863431,2019-08-31 00:00:00+00:00,2019
744,0.02901739742338043,-6.938893903907228e-18,-0.025219315581927648,-0.022816232537866653,-0.01893820477573836,-0.026338799171224624,2019-09-01 00:00:00+00:00,2019
745,0.04277086995311619,6.938893903907228e-18,-0.03677697174710527,-0.033580682558769975,-0.022565385948362018,-0.03984979295784691,2019-09-02 00:00:00+00:00,2019
746,-0.05349172697853796,0.0,0.04874862082233869,0.04435881882224016,-0.026890080745066783,0.045499332196630084,2019-09-03 00:00:00+00:00,2019
747,0.04717449982141711,0.0,-0.040779333575702875,-0.038398132994374286,-0.01766255421806749,-0.04094457169368231,2019-09-04 00:00:00+00:00,2019
748,0.044031155170853604,-6.938893903907228e-18,-0.036123558420125365,-0.03377241852742778,0.04921960878760039,-0.0378850798194144,2019-09-05 00:00:00+00:00,2019
749,-0.015923182988904185,-3.469446951953614e-18,0.012974898168719764,0.01240625010991535,-0.011257885758602738,0.01178721021816338,2019-09-06 00:00:00+00:00,2019
750,-0.0367551009679578,-6.938893903907228e-18,0.03065781679061214,0.02719254333383261,-0.0021386566108720223,0.030506882347512605,2019-09-07 00:00:00+00:00,2019
751,0.025468420797061426,3.469446951953614e-18,-0.021533845761978553,-0.01954592934429318,-0.012503360721278112,-0.023333602407501514,2019-09-08 00:00:00+00:00,2019
752,-0.029640540019753053,0.0,0.025540635023790316,0.023812851980784217,-0.012897238826622928,0.026379724943044316,2019-09-09 00:00:00+00:00,2019
753,-0.13426243244987174,0.0,0.1215648544733811,0.11048731750376656,-0.0004505209362112572,0.11294354040205297,2019-09-10 00:00:00+00:00,2019
754,-0.06819280244640469,0.0,0.05921732359305624,0.05348227551703838,0.0058395602666122745,0.056003322541321,2019-09-11 00:00:00+00:00,2019
755,0.1300365178240943,0.0,-0.11110365049552626,-0.09669276241058765,0.002753190898984764,-0.10351794226403821,2019-09-12 00:00:00+00:00,2019
756,0.03558787949306449,0.0,-0.028344692234895164,-0.02517430721864245,-0.021463146876510016,-0.031744065703409645,2019-09-13 00:00:00+00:00,2019
757,-0.060312661620759475,6.938893903907228e-18,0.049009310241555706,0.04553672805308314,0.0005992354562854227,0.051703898051979315,2019-09-14 00:00:00+00:00,2019
758,-0.01346690998863928,0.0,0.012211992212115608,0.010771892809201739,0.019491960821087416,0.011374802136807565,2019-09-15 00:00:00+00:00,2019
759,-0.012713603827418114,1.734723475976807e-18,0.011938099008964833,0.01083118281824071,0.005471461565381411,0.008220156504512134,2019-09-16 00:00:00+00:00,2019
760,-0.013846351479997441,1.734723475976807e-18,0.010357850675988416,0.008765883314014093,-0.0035027813464500075,0.010180998552519995,2019-09-17 00:00:00+00:00,2019
761,-0.043635710465664765,6.938893903907228e-18,0.03258049836425187,0.03092819936368108,-0.01700880556431835,0.03197886852632862,2019-09-18 00:00:00+00:00,2019
762,0.03606601819700124,-6.938893903907228e-18,-0.026430611487095988,-0.02513046495232764,0.0004687822808822281,-0.029171408726751537,2019-09-19 00:00:00+00:00,2019
763,0.04718826163788231,-1.3877787807814457e-17,-0.03748331453087052,-0.03545038211828644,0.021664455095961016,-0.04137163461075723,2019-09-20 00:00:00+00:00,2019
764,0.0902352117154063,0.0,-0.07697379277747518,-0.07246719272444019,0.02713522364819762,-0.0719182295571123,2019-09-21 00:00:00+00:00,2019
765,0.029484425880471055,3.469446951953614e-18,-0.022572129456182803,-0.019630334025326313,-0.01975997003931845,-0.027169137467088926,2019-09-22 00:00:00+00:00,2019
766,0.008711533887045724,0.0,-0.007885218605478504,-0.007405190094679441,0.02306529389609336,-0.00870802301317847,2019-09-23 00:00:00+00:00,2019
767,-0.015556637729917253,3.469446951953614e-18,0.013902295832654253,0.012656910956307943,-0.011314966708762822,0.011975236572982573,2019-09-24 00:00:00+00:00,2019
768,0.03685556038832053,0.0,-0.030077680456153187,-0.028945174946757822,0.02323542668683201,-0.03152160344348755,2019-09-25 00:00:00+00:00,2019
769,-0.0014545357957178233,1.0842021724855044e-18,0.0016085689453699263,0.001025483226506074,-0.015458624491768077,0.00038516523567997405,2019-09-26 00:00:00+00:00,2019
770,0.00905134848185948,-1.734723475976807e-18,-0.007967934116827951,-0.007059859712837591,-0.003994654609866973,-0.008988132257072455,2019-09-27 00:00:00+00:00,2019
771,0.006567425569709466,-8.673617379884035e-19,-0.004993926747772812,-0.004735186194870126,0.02869184276795023,-0.006812489126371084,2019-09-28 00:00:00+00:00,2019
772,0.017942916069711958,-3.469446951953614e-18,-0.014710623921350835,-0.013533500297132604,-0.00272913935494124,-0.016619244962829918,2019-09-29 00:00:00+00:00,2019
773,-0.037062806742531915,6.938893903907228e-18,0.03172853494093058,0.029819522178308147,-0.006214113924727302,0.032260007439077254,2019-09-30 00:00:00+00:00,2019
774,-0.01061866021886164,0.0,0.009778960119247209,0.00881274489560466,0.004465039484530312,0.009142927453114817,2019-10-01 00:00:00+00:00,2019
775,-0.008498161118857714,1.734723475976807e-18,0.00795199352519982,0.007106716412862077,-0.015384139845356514,0.006278233833465105,2019-10-02 00:00:00+00:00,2019
776,0.027618221441904702,3.469446951953614e-18,-0.02160590867130333,-0.020336287481205657,0.007020063433417722,-0.024978794738842278,2019-10-03 00:00:00+00:00,2019
777,0.02434780433469889,0.0,-0.020863922435190974,-0.018560580376809407,-0.013094466962690468,-0.021629746618255955,2019-10-04 00:00:00+00:00,2019
778,0.004880593443403439,-8.673617379884035e-19,-0.0027923764207885096,-0.002711581517654338,0.005178029921903369,-0.006396106787514498,2019-10-05 00:00:00+00:00,2019
779,0.009681891421882473,-1.734723475976807e-18,-0.004980683897558005,-0.004864319336930752,0.0017497250599449437,-0.008791761647076835,2019-10-06 00:00:00+00:00,2019
780,-0.009707803020671922,1.734723475976807e-18,0.006122258071458442,0.005952351047071957,-0.0018476680831048305,0.00781658442516336,2019-10-07 00:00:00+00:00,2019
781,0.00011690021777639584,1.1926223897340549e-18,4.4927263701203694e-05,8.551011841094277e-05,0.006519524933861343,-0.0026087156139331016,2019-10-08 00:00:00+00:00,2019
782,0.0061995901015340065,-8.673617379884035e-19,-0.003292399487482449,-0.0034923422470313084,0.01161964432974318,-0.005285289073310431,2019-10-09 00:00:00+00:00,2019
783,0.0412893185810167,0.0,-0.02433440903838563,-0.02550026257700644,0.01756449481813538,-0.03481268996495052,2019-10-10 00:00:00+00:00,2019
784,-0.019795557674096555,3.469446951953614e-18,0.015507770102996678,0.014458494221205353,-0.0007339914410732125,0.013974327975740362,2019-10-11 00:00:00+00:00,2019
785,0.00792773432877599,0.0,-0.005439421565262967,-0.00534018098113128,0.017588729729473285,-0.006678334950966763,2019-10-12 00:00:00+00:00,2019
786,0.009129275472796693,-1.734723475976807e-18,-0.006063569707443071,-0.006072010930275202,-0.0008512662050980148,-0.007856087864666506,2019-10-13 00:00:00+00:00,2019
787,-0.02059652781123437,0.0,0.015272787760090384,0.015483944202574453,0.02042280672673469,0.01652352290094532,2019-10-14 00:00:00+00:00,2019
788,0.03663505061628855,0.0,-0.03058232046754171,-0.02710077039203441,-0.005269231190577081,-0.030166071216176066,2019-10-15 00:00:00+00:00,2019
789,-0.002707177612382143,-8.673617379884035e-19,0.0019989476546498925,0.0018423951358912407,0.0026646777092020893,7.543085066463902e-07,2019-10-16 00:00:00+00:00,2019
790,-0.08843402087991008,1.3877787807814457e-17,0.06403791762609577,0.05943944968668727,0.0008162668924008576,0.05203368156807227,2019-10-17 00:00:00+00:00,2019
791,0.03591188470724271,-6.938893903907228e-18,-0.022421551054069233,-0.015492666907295262,-0.0038697934137213105,-0.030412705135544536,2019-10-18 00:00:00+00:00,2019
792,0.04102689179067079,0.0,-0.03375869255419748,-0.030610568353752986,-0.015690971007368493,-0.03144410101426404,2019-10-19 00:00:00+00:00,2019
793,0.013436972486729525,-1.734723475976807e-18,-0.013739033298564317,-0.0118024097466556,-0.0373333686956736,-0.015494755063754938,2019-10-20 00:00:00+00:00,2019
794,0.024637199900477066,0.0,-0.017742953672732237,-0.015747171265596733,0.02077440285535191,-0.021603695404773467,2019-10-21 00:00:00+00:00,2019
795,0.018382264272815686,0.0,-0.014690130266177841,-0.013838025614636519,-0.022973276662351157,-0.01617640483081143,2019-10-22 00:00:00+00:00,2019
796,0.04260018634312044,-6.938893903907228e-18,-0.029382568125311842,-0.02665106438119964,-0.006052745524943233,-0.03726265668282519,2019-10-23 00:00:00+00:00,2019
797,0.00835360518566848,-1.734723475976807e-18,-0.005208945967166447,-0.0053878129779295035,-0.009158980976042234,-0.008418266578571518,2019-10-24 00:00:00+00:00,2019
798,-0.00714219645195201,8.673617379884035e-19,0.006246698839619718,0.0055402008211990275,-0.009575098125565305,0.004030872602288836,2019-10-25 00:00:00+00:00,2019
799,-0.008189212549761467,0.0,0.00675863288642985,0.006352898691325658,0.009443022041814906,0.005550798659345541,2019-10-26 00:00:00+00:00,2019
800,0.0057473439855623976,0.0,-0.004990439331337904,-0.0046535365590421405,-0.022805713129808773,-0.00551569951944225,2019-10-27 00:00:00+00:00,2019
801,0.023067360904616148,0.0,-0.018071273304104,-0.01656504533934562,0.03910598903288426,-0.02118025772631691,2019-10-28 00:00:00+00:00,2019
802,0.026729195251077566,-3.469446951953614e-18,-0.020831366991589037,-0.01961687348797398,-0.013876414614883389,-0.02091372746225352,2019-10-29 00:00:00+00:00,2019
803,0.008132442907633515,-1.734723475976807e-18,-0.005215322541214682,-0.005665069650302715,0.00477657642652393,-0.008450135844051873,2019-10-30 00:00:00+00:00,2019
804,-0.05734915605613163,0.0,0.03494637931594113,0.035799918825555256,-0.0025616596466261007,0.043322713153362835,2019-10-31 00:00:00+00:00,2019
805,0.042687212452670646,-6.938893903907228e-18,-0.034450121135258235,-0.029668584962582987,-0.011767104430501524,-0.0347615100971956,2019-11-01 00:00:00+00:00,2019
806,-0.016081949175916953,3.469446951953614e-18,0.011993081369405125,0.011765320289151605,-0.008888438610430437,0.011243369432816185,2019-11-02 00:00:00+00:00,2019
807,0.013844076449495887,0.0,-0.009820598942496806,-0.008847250355464596,0.0006530346419026632,-0.01125713540662922,2019-11-03 00:00:00+00:00,2019
808,0.005021567272050732,-8.673617379884035e-19,-0.0047711624104339306,-0.004523290218170504,0.011797909363103957,-0.005406580438523614,2019-11-04 00:00:00+00:00,2019
809,-0.00826410139877784,0.0,0.007521733143352076,0.006926631679591594,-0.015897901166350013,0.005439613333742052,2019-11-05 00:00:00+00:00,2019
810,-0.07026408922853809,1.3877787807814457e-17,0.050145542816171125,0.04579985747064008,-0.0035854627935055228,0.052554590928157154,2019-11-06 00:00:00+00:00,2019
811,0.0016537717151157746,-6.505213034913027e-19,-0.0012026586014321774,-0.000833682935651503,-0.009865579084498354,-0.0022915654826674865,2019-11-07 00:00:00+00:00,2019
812,-0.06909897363730494,1.3877787807814457e-17,0.06052442406568086,0.05436781897679274,0.002077917732978163,0.05897887884137634,2019-11-08 00:00:00+00:00,2019
813,0.06629721495100689,0.0,-0.05854125646980135,-0.05214111286304654,0.03963972615375179,-0.0496830021923748,2019-11-09 00:00:00+00:00,2019
814,0.05400621406923091,0.0,-0.040254122656169504,-0.03687497146452475,0.0070832904601410285,-0.04641395249224435,2019-11-10 00:00:00+00:00,2019
815,0.010296168666200589,0.0,-0.008298980906445385,-0.007779458131195477,-0.01642511573627041,-0.011561730827602375,2019-11-11 00:00:00+00:00,2019
816,-0.03423463239282521,6.938893903907228e-18,0.024820347465325902,0.023424412854843594,-0.019189087534969847,0.024301319078279565,2019-11-12 00:00:00+00:00,2019
817,0.027910326943179676,-3.469446951953614e-18,-0.0212103576272339,-0.019571945712515366,-0.004295408458975993,-0.0217428595887975,2019-11-13 00:00:00+00:00,2019
818,-0.01037984874647886,1.734723475976807e-18,0.0031562896903661875,0.004186667334105266,-0.023143142514427464,0.005874685128455745,2019-11-14 00:00:00+00:00,2019
819,0.04373495318562851,0.0,-0.033716093079029896,-0.029318571386049527,0.011792946244150816,-0.03435113402548511,2019-11-15 00:00:00+00:00,2019
820,-0.07950822744272687,0.0,0.05658512188245696,0.05532532684618084,0.0022085918854770348,0.05993778287860041,2019-11-16 00:00:00+00:00,2019
821,0.02877478309089157,-3.469446951953614e-18,-0.02301131847356827,-0.01857395024392077,0.0360319697094937,-0.025446691533131865,2019-11-17 00:00:00+00:00,2019
822,0.00011745382686556899,5.149960319306146e-19,0.0012786549663730475,0.0006968461134727248,0.0016918934122187109,-0.00017204243788297434,2019-11-18 00:00:00+00:00,2019
823,0.026143446186472317,-6.938893903907228e-18,-0.022213874712233694,-0.019971830889317067,-0.0317674876075674,-0.020246010654310656,2019-11-19 00:00:00+00:00,2019
824,-0.015127910272724133,3.469446951953614e-18,0.0111182923212512,0.010516002113593548,0.0021201246606544037,0.012651082275559052,2019-11-20 00:00:00+00:00,2019
825,0.005082758852673061,0.0,-0.00445340423258923,-0.003994208915725921,-0.010130507050654334,-0.005953195020397863,2019-11-21 00:00:00+00:00,2019
826,-0.004446619323321751,8.673617379884035e-19,0.004748757333609917,0.00405373672800987,-0.009329497483207917,0.0016389582132292487,2019-11-22 00:00:00+00:00,2019
827,-0.03253374172716725,0.0,0.02454415822358492,0.02450029029856162,-0.03815311318259025,0.023282991493707345,2019-11-23 00:00:00+00:00,2019
828,-0.13138654207820213,0.0,0.10544142655301905,0.09830692437841763,-0.002258570522704645,0.04704684979014567,2019-11-24 00:00:00+00:00,2019
829,-0.0559273897693847,-6.938893903907228e-18,0.02953143332609939,0.016103521485858002,-0.0031136036817369372,0.04431111542915955,2019-11-25 00:00:00+00:00,2019
830,0.026499989069052758,0.0,-0.02116425097634486,-0.019047255989606562,-0.01101388580655908,-0.022733003449205192,2019-11-26 00:00:00+00:00,2019
831,-0.0022631526598470464,4.336808689942018e-19,0.0019858102639933274,0.0014990838647915463,0.02912087536086637,0.0001731228466780835,2019-11-27 00:00:00+00:00,2019
832,0.03523841938996678,-6.938893903907228e-18,-0.026368587288321914,-0.025869576541193748,0.012652741366505321,-0.03306561463902074,2019-11-28 00:00:00+00:00,2019
833,-0.07297798582745083,0.0,0.06761039121827116,0.06031879937760003,-0.025847174229515685,0.05486089155130199,2019-11-29 00:00:00+00:00,2019
834,-0.031425840055882025,6.938893903907228e-18,0.024095798258137135,0.022083654350936892,0.0014681187275246387,0.026226924983105998,2019-11-30 00:00:00+00:00,2019
835,0.033217474893870086,0.0,-0.028513670653100787,-0.026742221676943324,0.0027209090791361634,-0.028333437223559788,2019-12-01 00:00:00+00:00,2019
836,0.01300492702108441,0.0,-0.010256899896130604,-0.009599620595021853,-0.004356679739493968,-0.011932431742628173,2019-12-02 00:00:00+00:00,2019
837,-0.10219476138702546,-1.3877787807814457e-17,0.09175373762885346,0.08312707139837867,-0.005801318652090159,0.08303702283267747,2019-12-03 00:00:00+00:00,2019
838,0.021699402067396376,3.469446951953614e-18,-0.018454853780145726,-0.016065962430425244,-0.00709415018481366,-0.0196188811727044,2019-12-04 00:00:00+00:00,2019
839,0.03082991609669695,0.0,-0.02689486626104541,-0.024101337996246443,0.016623662843538767,-0.028423233911366783,2019-12-05 00:00:00+00:00,2019
840,0.00046547223823239104,0.0,-0.0004984415270329416,-0.00043249396355961225,-0.0004195416890599053,-0.0019439760712505689,2019-12-06 00:00:00+00:00,2019
841,-0.015319220044396141,0.0,0.012441516366651658,0.011280221094660252,-0.05449932760009595,0.013140664116521105,2019-12-07 00:00:00+00:00,2019
842,0.026530217642735953,0.0,-0.023942165755865316,-0.02218808335275626,-0.052295805964947796,-0.024575890089473057,2019-12-08 00:00:00+00:00,2019
843,-0.00761144660940074,-1.734723475976807e-18,0.0069753287935864165,0.006336129977518106,-0.0013029294020049159,0.005669071766764261,2019-12-09 00:00:00+00:00,2019
844,-0.021834845193708787,0.0,0.01816072924406602,0.01704648069091184,-0.0055301222082814495,0.017997189711198083,2019-12-10 00:00:00+00:00,2019
845,0.04577678291484563,0.0,-0.03888933416458673,-0.03566165298969159,-0.010804448527256205,-0.040061886435240356,2019-12-11 00:00:00+00:00,2019
846,0.022756371534231937,0.0,-0.019382272657430918,-0.019115774891178553,0.007805893876164916,-0.020749378515037633,2019-12-12 00:00:00+00:00,2019
847,0.05882078439298302,1.3877787807814457e-17,-0.05090028361384592,-0.046650998740417046,0.06060467174686379,-0.05376031229057242,2019-12-13 00:00:00+00:00,2019
848,-0.010611845387352837,0.0,0.009209059503035091,0.008094073817189709,0.0008900570611845883,0.006862823554439148,2019-12-14 00:00:00+00:00,2019
849,0.03019172585371769,3.469446951953614e-18,-0.024222069163126435,-0.02258455854441509,-0.003311443071452532,-0.02691237943120881,2019-12-15 00:00:00+00:00,2019
850,0.013946724660468824,1.734723475976807e-18,-0.011758679365540885,-0.011691446661605603,-0.012179930669193179,-0.013235068820485097,2019-12-16 00:00:00+00:00,2019
851,0.01771412052289404,0.0,-0.015408550797880324,-0.01428979370464523,-0.0004267887926715855,-0.0169645682548831,2019-12-17 00:00:00+00:00,2019
852,-0.07163413215165186,-1.3877787807814457e-17,0.06383507695429748,0.057041880730189516,0.000757678995989941,0.056298355896622646,2019-12-18 00:00:00+00:00,2019
853,-0.024910330471366343,0.0,0.02100312739968209,0.018939456952555125,0.00960380483520416,0.019167482063758942,2019-12-19 00:00:00+00:00,2019
854,0.013223126982197617,1.734723475976807e-18,-0.010778576127383487,-0.01038062508069437,-0.003999322757323693,-0.012164692796489117,2019-12-20 00:00:00+00:00,2019
855,-0.004828467814609258,-8.673617379884035e-19,0.0038441289178542627,0.0035475589205235065,0.007730844157892915,0.003542653049727002,2019-12-21 00:00:00+00:00,2019
856,0.036943012114727135,6.938893903907228e-18,-0.03216304955186567,-0.029042085474262604,0.042515916102673836,-0.032528073948870105,2019-12-22 00:00:00+00:00,2019
857,0.014497840645337346,1.734723475976807e-18,-0.011166052952882661,-0.0105795783269697,0.0005764344587407839,-0.013457102642291326,2019-12-23 00:00:00+00:00,2019
858,-0.010704146190123125,-1.734723475976807e-18,0.008716659151185812,0.00819857375418071,-0.003677043393787941,0.007735392383731821,2019-12-24 00:00:00+00:00,2019
859,0.00024262582412873856,-6.505213034913027e-19,-0.0001091900347571395,-0.0001646123751043552,0.010225392388252838,-0.001991219207659769,2019-12-25 00:00:00+00:00,2019
860,-0.06823460080406883,1.3877787807814457e-17,0.05008329818645079,0.04891437577630524,-0.014261535532274952,0.06250738625026364,2019-12-26 00:00:00+00:00,2019
861,-0.005232998819062204,-8.673617379884035e-19,0.0047656471368872745,0.004257971478183831,-0.008902291917242315,0.0038775654880915463,2019-12-27 00:00:00+00:00,2019
862,-0.05733884193680503,-6.938893903907228e-18,0.04708678919176337,0.0427904554860519,0.030287275576338153,0.04719144236456843,2019-12-28 00:00:00+00:00,2019
863,-0.025157279137409096,0.0,0.021228232580665744,0.019687000790272042,-0.0037487807195233126,0.021151483356416406,2019-12-29 00:00:00+00:00,2019
864,0.013406728554253627,1.734723475976807e-18,-0.011363091573272907,-0.010432987043649198,-0.007825752851339261,-0.011540955512714904,2019-12-30 00:00:00+00:00,2019
865,-0.04200160322767316,0.0,0.03364778440294404,0.031843319998101395,-0.011418804793997192,0.0387258305410464,2019-12-31 00:00:00+00:00,2019
866,0.04669607167292123,0.0,-0.04358726161059705,-0.03843874684846946,-0.02462676717609073,-0.04057571002824675,2020-01-01 00:00:00+00:00,2020
867,0.05337436361746355,0.0,-0.0460706659297343,-0.040799231969410946,0.014687070773229186,-0.045210840181444646,2020-01-02 00:00:00+00:00,2020
868,-0.035556018051474986,0.0,0.029443165624008363,0.027055037082221615,-0.012234067622300879,0.028405864203109914,2020-01-03 00:00:00+00:00,2020
869,0.021653597704087844,3.469446951953614e-18,-0.01773431222808259,-0.016831172496992737,0.015321809526916221,-0.018603251896469414,2020-01-04 00:00:00+00:00,2020
870,0.015282518032825354,3.469446951953614e-18,-0.012044191865348091,-0.010875710374265272,0.01769662129294018,-0.014010899331041856,2020-01-05 00:00:00+00:00,2020
871,0.00021822675310000024,-3.7947076036992655e-19,-2.754912483069052e-06,4.75534038231445e-05,-0.005547273815232133,-0.0007403024381549385,2020-01-06 00:00:00+00:00,2020
872,-0.043828164387230924,0.0,0.037617075977705104,0.03506423032083676,-0.021999197550372072,0.03877081941588248,2020-01-07 00:00:00+00:00,2020
873,-0.009462694628070098,-1.734723475976807e-18,0.008294158544084104,0.007475757521498182,-0.007492850085806099,0.007921403962412376,2020-01-08 00:00:00+00:00,2020
874,-0.03206802528313916,-6.938893903907228e-18,0.027998103113299082,0.025285812759525662,-0.01775105273877766,0.0279464730747499,2020-01-09 00:00:00+00:00,2020
875,-0.038842651278081564,-6.938893903907228e-18,0.03419458439972183,0.030503849469196445,-0.005533630161876059,0.03464877457994078,2020-01-10 00:00:00+00:00,2020
876,-0.14367174379753345,0.0,0.1224517452310196,0.11368178271306581,-0.015040543643588644,0.1319312887384904,2020-01-11 00:00:00+00:00,2020
877,-0.10102768347720907,-1.3877787807814457e-17,0.09289002459049044,0.08577883978926353,-0.0013188533060312785,0.092054537375215,2020-01-12 00:00:00+00:00,2020
878,0.03946739073955652,0.0,-0.03662960207348166,-0.03175462753182465,-0.004562794489678432,-0.03633164759706564,2020-01-13 00:00:00+00:00,2020
879,-0.0354992024826281,-6.938893903907228e-18,0.032407966107737635,0.02988724456188397,0.029045334866047122,0.030157994776271284,2020-01-14 00:00:00+00:00,2020
880,0.013219819827513262,0.0,-0.011532338840197527,-0.010201871603049806,-0.01141870975540042,-0.011826622683311108,2020-01-15 00:00:00+00:00,2020
881,0.008380720711717702,1.734723475976807e-18,-0.0070493380175357286,-0.006480768158510954,-0.006828495643170949,-0.00800934274866024,2020-01-16 00:00:00+00:00,2020
882,-0.009695195972020901,-1.734723475976807e-18,0.008716454667623861,0.00781580952734312,0.012764127754121215,0.007411365816925334,2020-01-17 00:00:00+00:00,2020
883,0.03261132965135814,0.0,-0.026285487709716813,-0.024273294309221722,-0.02745009216320058,-0.02559554182515364,2020-01-18 00:00:00+00:00,2020
884,0.020573074793695804,-3.469446951953614e-18,-0.015535649889616665,-0.014382073328694385,-0.019066528223625426,-0.017748748633228794,2020-01-19 00:00:00+00:00,2020
885,-0.009403860449191913,-1.734723475976807e-18,0.008164786184741259,0.007587867968352821,-0.01628029604864601,0.008028683674694887,2020-01-20 00:00:00+00:00,2020
886,0.014370125142773192,3.469446951953614e-18,-0.01276301857726806,-0.01149227996265385,-0.011200242093171168,-0.013310986906247857,2020-01-21 00:00:00+00:00,2020
887,0.017836824433887424,3.469446951953614e-18,-0.01618970204797408,-0.014515574894502632,0.004767961415418867,-0.015720929378816157,2020-01-22 00:00:00+00:00,2020
888,-0.03614079323246251,-6.938893903907228e-18,0.029873304128375123,0.029476436344612496,-0.013561802899670787,0.03286450162569143,2020-01-23 00:00:00+00:00,2020
889,0.014596002185764026,-1.734723475976807e-18,-0.013332925210541798,-0.011956397713011001,-0.015368490060938881,-0.013129651061786289,2020-01-24 00:00:00+00:00,2020
890,0.0797376090557731,0.0,-0.0666839911591446,-0.06174387822298578,0.00012614417911785414,-0.07179183047629772,2020-01-25 00:00:00+00:00,2020
891,0.031152275039922052,6.938893903907228e-18,-0.027653929648100126,-0.025368112957457296,0.007879624682091434,-0.025504158705966326,2020-01-26 00:00:00+00:00,2020
892,0.01622143073297625,0.0,-0.01275769713372928,-0.011870204086341329,-0.010534559591631444,-0.014600234847740753,2020-01-27 00:00:00+00:00,2020
893,0.05294089850468851,-6.938893903907228e-18,-0.045364384113937506,-0.040976222715375515,0.0060524227444959805,-0.047567710061073014,2020-01-28 00:00:00+00:00,2020
894,-0.019528460562528677,0.0,0.017290645287642167,0.0155297988992496,0.006961375728920451,0.01713543709042304,2020-01-29 00:00:00+00:00,2020
895,0.029112383348857938,-3.469446951953614e-18,-0.026214670250923132,-0.023347952472284633,-0.022009135748060266,-0.025496866193738095,2020-01-30 00:00:00+00:00,2020
896,-0.03359867849541669,-6.938893903907228e-18,0.02801449997247847,0.026642352409471742,-0.03782585917793317,0.029213550420606724,2020-01-31 00:00:00+00:00,2020
897,-0.0668725919483894,0.0,0.06002579361735122,0.05378319512850897,-0.027108478266388875,0.061093223504305114,2020-02-01 00:00:00+00:00,2020
898,0.006056261721567892,8.673617379884035e-19,-0.005464087764709358,-0.0050413893531841905,-0.006154099891062443,-0.005725167611256048,2020-02-02 00:00:00+00:00,2020
899,-0.016495457246674963,0.0,0.014987586579703841,0.013976519268874003,0.0023323707472095723,0.014952517700599457,2020-02-03 00:00:00+00:00,2020
900,0.0075084201654597145,-8.673617379884035e-19,-0.006780406592547322,-0.00627225105015131,-0.0028209102516106805,-0.006885438291033066,2020-02-04 00:00:00+00:00,2020
901,0.06247253933144574,0.0,-0.05389197320711998,-0.049077598791049795,-0.004815387088158249,-0.05537797213582732,2020-02-05 00:00:00+00:00,2020
902,-0.0008554916885030929,-2.168404344971009e-19,0.0008567874525624717,0.0008411365792917694,0.0040368956423599165,0.00028360237680344846,2020-02-06 00:00:00+00:00,2020
903,-0.07882582512333165,-1.3877787807814457e-17,0.06807589734504407,0.061734769263213654,0.022619568641701893,0.07254886871359797,2020-02-07 00:00:00+00:00,2020
904,-0.024088192824742304,0.0,0.022407079530313945,0.02012541111697381,-0.016351790159989117,0.021142420229398485,2020-02-08 00:00:00+00:00,2020
905,-0.0047044831903735596,0.0,0.004291249684285845,0.003991624806672105,-0.012170621286580315,0.004121892736953878,2020-02-09 00:00:00+00:00,2020
906,-0.05032750889284527,6.938893903907228e-18,0.04534470059964302,0.04109800151973677,-5.153127260196233e-06,0.04667478371209872,2020-02-10 00:00:00+00:00,2020
907,-0.06738795077980463,-1.3877787807814457e-17,0.06257274675765966,0.0558653125076031,-0.0021471911181385334,0.06195079037412809,2020-02-11 00:00:00+00:00,2020
908,0.028815249102798538,3.469446951953614e-18,-0.02672670671412214,-0.023934257051037966,0.02313103827312513,-0.026519332452684577,2020-02-12 00:00:00+00:00,2020
909,-0.02155102766937946,-3.469446951953614e-18,0.01954262728104313,0.017947774474248376,0.0504410822757113,0.019078971733378303,2020-02-13 00:00:00+00:00,2020
910,-0.02867090402536057,0.0,0.025612330957292522,0.022743798823355137,0.035274487787020845,0.02498268156553843,2020-02-14 00:00:00+00:00,2020
911,0.07237283069284717,-1.3877787807814457e-17,-0.06485535527845038,-0.05579333784606795,-0.025154894580279072,-0.06214196897686488,2020-02-15 00:00:00+00:00,2020
912,0.004051515205421639,8.673617379884035e-19,-0.0034781623658740744,-0.0030748388390303156,0.012232067194212836,-0.004150938305119298,2020-02-16 00:00:00+00:00,2020
913,-0.042404569872659656,0.0,0.03807866154350625,0.03530498022679147,-0.016835140770654844,0.038241585790206555,2020-02-17 00:00:00+00:00,2020
914,0.10940161452221511,0.0,-0.09966861280498206,-0.08946059550085762,0.058891359674107885,-0.10220493842801436,2020-02-18 00:00:00+00:00,2020
915,0.02777523790771638,-3.469446951953614e-18,-0.025900205170529163,-0.023499196112468222,0.00542166392987856,-0.024347057054291653,2020-02-19 00:00:00+00:00,2020
916,-0.006393665045350041,0.0,0.005191910435565012,0.004823318285082189,-0.006756496565517418,0.004698123806857753,2020-02-20 00:00:00+00:00,2020
917,-0.026396235029901093,0.0,0.02222093143789125,0.02062312699056058,-0.0032852105145019274,0.017969176308511515,2020-02-21 00:00:00+00:00,2020
918,-0.06095612109006949,-6.938893903907228e-18,0.04331552309346386,0.039732584392698125,-0.006573876431602489,0.04956374698357309,2020-02-22 00:00:00+00:00,2020
919,0.022431990309576294,0.0,-0.018130823043055366,-0.017595056708936588,-0.005123634791975966,-0.020779290168095446,2020-02-23 00:00:00+00:00,2020
920,-0.03538884799085071,0.0,0.0325243351139901,0.029556589666626543,-0.014820414689357658,0.03165867646404551,2020-02-24 00:00:00+00:00,2020
921,-0.012267269381326646,0.0,0.010936308529056311,0.009624731875930253,0.05058834614426282,0.010186741206758297,2020-02-25 00:00:00+00:00,2020
922,0.01434752869246593,0.0,-0.012308082227351377,-0.011256988364881877,0.01089004054741427,-0.01300010732119579,2020-02-26 00:00:00+00:00,2020
923,0.056658864320822094,1.3877787807814457e-17,-0.0488751368480342,-0.04794448175357786,0.04448135950758263,-0.04737435760033777,2020-02-27 00:00:00+00:00,2020
924,-0.035028639750264996,-6.938893903907228e-18,0.028455221795834474,0.026778443769482296,-0.008887094969477233,0.030515205244280086,2020-02-28 00:00:00+00:00,2020
925,-0.0195070538089503,0.0,0.017994821870510477,0.016336465675303974,-0.002419142555784966,0.01243898621344996,2020-02-29 00:00:00+00:00,2020
926,0.0034287365237672127,0.0,-0.0025274827594500377,-0.0023648142514401537,-0.01977538756488016,-0.003349860694674171,2020-03-01 00:00:00+00:00,2020
927,-0.019607335778337027,0.0,0.01486851956916219,0.013632340734112777,-0.013952268079280437,0.013672068827900721,2020-03-02 00:00:00+00:00,2020
928,0.030486953617939398,0.0,-0.025821593090887635,-0.02395204984628809,0.0018406474651234406,-0.027470411449905245,2020-03-03 00:00:00+00:00,2020
929,-2.575429839704504e-05,9.75781955236954e-19,2.5207560312245648e-05,3.346312145290325e-05,-0.0031739466152856865,-0.0008165512764181851,2020-03-04 00:00:00+00:00,2020
930,0.03902878503703592,6.938893903907228e-18,-0.031047247307904792,-0.02943960484184147,-0.004273107673264609,-0.0315234135010106,2020-03-05 00:00:00+00:00,2020
931,0.004163031302504803,8.673617379884035e-19,-0.0029825037875606513,-0.002923011329758356,-0.007633698998166477,-0.004291418720745848,2020-03-06 00:00:00+00:00,2020
932,0.028223415115969864,3.469446951953614e-18,-0.023111096151599383,-0.021546878442310735,-0.007588233638522155,-0.023438588517832384,2020-03-07 00:00:00+00:00,2020
933,0.03493040500573776,6.938893903907228e-18,-0.02567308210563813,-0.02356580640336634,-0.006778039741527277,-0.03115694939724545,2020-03-08 00:00:00+00:00,2020
934,-0.012398053952796974,0.0,0.009825327733668059,0.009629663750609276,-0.022184047074385232,0.00795316634930417,2020-03-09 00:00:00+00:00,2020
935,0.010853541256794379,0.0,-0.00796645974499751,-0.007208495073148483,-0.001629071820283207,-0.009022253033792404,2020-03-10 00:00:00+00:00,2020
936,0.030295048826303912,0.0,-0.02330940467688404,-0.022930257958303335,-0.0020566848611683897,-0.02630679535369454,2020-03-11 00:00:00+00:00,2020
937,0.02254097275997526,-3.469446951953614e-18,-0.01776604189787747,-0.016565544714171467,-0.0003671803689729372,-0.018923013476054504,2020-03-12 00:00:00+00:00,2020
938,0.021164095581476413,0.0,-0.015702404054462712,-0.015865904085335312,-0.002397332870248365,-0.016227177150750442,2020-03-13 00:00:00+00:00,2020
939,-0.015856037786857565,-3.469446951953614e-18,0.011592644526892026,0.011479471768228618,-0.0037029698820052574,0.01088633838012584,2020-03-14 00:00:00+00:00,2020
940,0.03973718534162895,0.0,-0.028560300033387397,-0.028857241977734607,0.006923959418845979,-0.034411447737920216,2020-03-15 00:00:00+00:00,2020
941,0.05818463989238643,0.0,-0.04636886572033465,-0.044310915541757104,-0.01407233086102743,-0.051448221396105165,2020-03-16 00:00:00+00:00,2020
942,0.0021451891367159897,0.0,-0.001209304740257117,-0.0012494505324241935,0.008137230944411584,-0.0023602465219149113,2020-03-17 00:00:00+00:00,2020
943,0.02268807732280175,6.938893903907228e-18,-0.01805894421146193,-0.016243489319063026,-0.00015567758661719916,-0.02169587277574169,2020-03-18 00:00:00+00:00,2020
944,0.03507687907722128,-6.938893903907228e-18,-0.030218772197907754,-0.028056723581929875,-0.008269679715916533,-0.03150396201394512,2020-03-19 00:00:00+00:00,2020
945,-0.009564557267193819,1.734723475976807e-18,0.006645979358631635,0.006659665832067945,-0.016315584128159512,0.006027685329000106,2020-03-20 00:00:00+00:00,2020
946,0.03872919591827009,0.0,-0.03285356417636043,-0.029468462550934982,-0.023127991875794937,-0.034257211255303656,2020-03-21 00:00:00+00:00,2020
947,0.00588240365886209,0.0,-0.004577303991974539,-0.0042896541506035,0.009537956465644797,-0.005738564471864229,2020-03-22 00:00:00+00:00,2020
948,0.02048594504594803,0.0,-0.017814564542238332,-0.01620361633533368,0.0668774493353688,-0.018543992593794103,2020-03-23 00:00:00+00:00,2020
949,-0.019479113221168517,-3.469446951953614e-18,0.016194150421451926,0.015086726065696972,0.0030116425474203644,0.016473736966504914,2020-03-24 00:00:00+00:00,2020
950,-0.026775667667388914,-3.469446951953614e-18,0.023819889052078127,0.021677834885460684,-0.005218035922697806,0.022073361902489576,2020-03-25 00:00:00+00:00,2020
951,-0.10048122078180313,0.0,0.08226292725339629,0.07622440402157421,-0.010926086528966525,0.08199928417873037,2020-03-26 00:00:00+00:00,2020
952,0.03190426230430603,0.0,-0.027021602308632306,-0.024514709131658874,-0.0010145823299928802,-0.029047019262351387,2020-03-27 00:00:00+00:00,2020
953,-0.05509899944067001,-6.938893903907228e-18,0.048551418600713554,0.04749478499963834,0.012294776898181821,0.045477051552111084,2020-03-28 00:00:00+00:00,2020
954,0.02822821378707886,-3.469446951953614e-18,-0.02383648191981185,-0.021999880420686152,-0.004187384824520971,-0.023487019867876706,2020-03-29 00:00:00+00:00,2020
955,-0.017230072021484376,0.0,0.01397681408224643,0.013656188054698468,0.007114898108337396,0.013138476397091377,2020-03-30 00:00:00+00:00,2020
956,-0.09302853494882583,-1.3877787807814457e-17,0.07405582477861057,0.06886734171426898,-0.007986972165026682,0.08207941220376401,2020-03-31 00:00:00+00:00,2020
957,0.03381268173456192,0.0,-0.030590531422722413,-0.027232172496498508,-0.005267631524633484,-0.02938017168866701,2020-04-01 00:00:00+00:00,2020
958,0.034806410372257235,0.0,-0.029194440949792143,-0.026402822945381182,-0.024438173212960598,-0.03147256936637488,2020-04-02 00:00:00+00:00,2020
959,-0.026554637849330903,0.0,0.023840145961529863,0.021471070910421268,-0.0022127658973509455,0.02065140553010961,2020-04-03 00:00:00+00:00,2020
960,0.013113634288311004,1.734723475976807e-18,-0.010301555038683671,-0.009927253941629077,-0.009344365169089881,-0.010496768712417668,2020-04-04 00:00:00+00:00,2020
961,0.0006511831283569336,1.0842021724855044e-19,-0.00021576222131683306,-0.0004213633432940178,-0.0057254940219399145,-0.0007414809103988596,2020-04-05 00:00:00+00:00,2020
962,-0.023797994256019594,0.0,0.02015042521482969,0.018525149757195256,-0.0018537454717384196,0.018280722922451195,2020-04-06 00:00:00+00:00,2020
963,0.01634755164384842,0.0,-0.013558776580005094,-0.012777073007588409,-0.003893838147780203,-0.014057928453968964,2020-04-07 00:00:00+00:00,2020
964,0.02989796668291092,0.0,-0.02532384775851375,-0.02258417835497688,0.003962688335677422,-0.024817435320743122,2020-04-08 00:00:00+00:00,2020
965,-0.0027973654866218565,0.0,0.0021313763219282214,0.0020708358049147603,0.011792905894459355,0.0010117456524133255,2020-04-09 00:00:00+00:00,2020
966,-0.02829867422580719,0.0,0.023882743252904112,0.021550807243968326,-0.025875122246524954,0.023251999871092555,2020-04-10 00:00:00+00:00,2020
967,-0.0017370659112930298,2.168404344971009e-19,0.001703442380224267,0.001533279207721972,0.00471472160217987,0.0013214381842399149,2020-04-11 00:00:00+00:00,2020
968,-0.0025604748725891113,-4.336808689942018e-19,0.0013230109139796245,0.0015382238263951095,0.0006270544427050967,0.0007956045275592876,2020-04-12 00:00:00+00:00,2020
969,-0.019970738589763642,0.0,0.01567336820192406,0.014481894294513136,0.00514784127985015,0.015570295033606128,2020-04-13 00:00:00+00:00,2020
970,-0.0029271239042282103,0.0,0.0026747678227145777,0.0022561298573010036,-0.002049672522222401,0.0020440976226484657,2020-04-14 00:00:00+00:00,2020
971,-0.07408546626567841,0.0,0.06102855790312692,0.054436852102548616,-0.005624850337644649,0.06451250563475802,2020-04-15 00:00:00+00:00,2020
972,0.02699854105710983,3.469446951953614e-18,-0.023941418837491145,-0.02141983626688953,-0.005287019192436022,-0.02327199430695885,2020-04-16 00:00:00+00:00,2020
973,0.0018038105964660643,8.673617379884035e-19,-0.0009686770411768654,-0.0010998702226010773,-0.02042722666197922,-0.0020407685977930825,2020-04-17 00:00:00+00:00,2020
974,-0.05625087916851044,6.938893903907228e-18,0.04529393378717622,0.04239017234023239,-0.020014016325190377,0.04631086029361213,2020-04-18 00:00:00+00:00,2020
975,-0.0841471865773201,0.0,0.06979055684868118,0.06455250639340335,-0.01152810987004868,0.07415766592372297,2020-04-19 00:00:00+00:00,2020
976,0.030158023834228515,-3.469446951953614e-18,-0.027596087607701096,-0.024995727229424447,0.0015762421131838393,-0.02556138413110249,2020-04-20 00:00:00+00:00,2020
977,-0.006497946679592133,-8.673617379884035e-19,0.006057063519401406,0.005474990676700056,-0.009809810710845485,0.00530615115511101,2020-04-21 00:00:00+00:00,2020
978,-0.013843872845172881,1.734723475976807e-18,0.011038400081911159,0.010688861899281558,-0.006485669484868036,0.010621038736889753,2020-04-22 00:00:00+00:00,2020
979,0.08764897853136062,0.0,-0.07123353534310864,-0.06667369260566552,-0.007754078260272232,-0.08004416607649575,2020-04-23 00:00:00+00:00,2020
980,-0.09304877698421478,0.0,0.08171483401092142,0.074755008241804,-0.007611121917835681,0.08605805826768219,2020-04-24 00:00:00+00:00,2020
981,-0.003629666864871979,8.673617379884035e-19,0.003407501174697023,0.002825613319881936,0.024653972169189815,0.0027171880306689597,2020-04-25 00:00:00+00:00,2020
982,-0.042877155840396884,6.938893903907228e-18,0.03549130258853763,0.03362588095996428,-0.010999801676197817,0.03651725819806677,2020-04-26 00:00:00+00:00,2020
983,-0.021104159653186797,-3.469446951953614e-18,0.017448093336693466,0.016256449003448782,0.0004883824121851427,0.015763385849417094,2020-04-27 00:00:00+00:00,2020
984,-0.15312623262405395,0.0,0.11973601787445182,0.1095809772325875,0.0387191528123996,0.1358567318294475,2020-04-28 00:00:00+00:00,2020
985,0.0008285185694694519,0.0,-0.0004920651952591193,-0.0003579501394843649,-0.03451952286358089,-0.0005880681654704723,2020-04-29 00:00:00+00:00,2020
986,-0.2603050622344017,0.0,0.22283232155643135,0.19613460127001298,-0.061752505722487805,0.1294919031769286,2020-04-30 00:00:00+00:00,2020
987,-0.09220362722873687,0.0,0.0500937838287766,0.022672949381001853,-0.0015152207208036367,0.010179728072139294,2020-05-01 00:00:00+00:00,2020
988,0.12285866419873645,1.3877787807814457e-17,-0.014156814622392183,-0.003216899809132298,0.00034867248131781325,-0.07831278318369264,2020-05-02 00:00:00+00:00,2020
989,0.03630807082257678,0.0,-0.02225566140089638,-0.012820095392754936,0.011409511116571736,-0.02523452100352112,2020-05-03 00:00:00+00:00,2020
990,0.07901146423876584,0.0,-0.05411819193397434,-0.04830728024928983,-0.004163097464346399,-0.06551978587625519,2020-05-04 00:00:00+00:00,2020
991,-0.06324949396315531,-1.3877787807814457e-17,0.04926051012509523,0.04524509632661464,0.011972874810607916,0.04570820570422497,2020-05-05 00:00:00+00:00,2020
992,0.07192830816663877,0.0,-0.05385431215100493,-0.05081522943211384,0.015222360721656933,-0.060057829005078764,2020-05-06 00:00:00+00:00,2020
993,-0.07606894227128531,-1.3877787807814457e-17,0.06038084370992887,0.05316796678907584,-0.0020755888071303796,0.061739006367892035,2020-05-07 00:00:00+00:00,2020
994,0.05554032595313374,0.0,-0.047123385630682316,-0.04214251976253891,-0.025496939699427817,-0.0448480790330541,2020-05-08 00:00:00+00:00,2020
995,-0.01948544787402129,0.0,0.01502703375262612,0.013521158144464931,0.0007818181489757728,0.01278497393219889,2020-05-09 00:00:00+00:00,2020
996,0.025161662293438934,3.469446951953614e-18,-0.017888909202452383,-0.01658477980667426,0.03297898790862531,-0.02170872446258813,2020-05-10 00:00:00+00:00,2020
997,0.03285926161099918,0.0,-0.026335986068717156,-0.025270833996789914,-0.006360482603891254,-0.024932287144306058,2020-05-11 00:00:00+00:00,2020
998,-0.034144101130902466,0.0,0.02431681663349905,0.023597276141346907,-0.010423269750005307,0.027333718945960837,2020-05-12 00:00:00+00:00,2020
999,0.03640151023864746,0.0,-0.030126552270913556,-0.0274715082947361,2.164022678263766e-05,-0.032565256101483225,2020-05-13 00:00:00+00:00,2020
1000,-0.010108191463815508,-1.734723475976807e-18,0.008846243929869078,0.008195904435722198,-0.030298641272296825,0.007203553922404965,2020-05-14 00:00:00+00:00,2020
1001,-0.06805762843270997,1.3877787807814457e-17,0.05526379695288783,0.05241603839648608,-0.002670839466459185,0.06008092216418597,2020-05-15 00:00:00+00:00,2020
1002,-0.03928300663454449,-6.938893903907228e-18,0.03515172199212308,0.031029947621246324,0.030889538653873897,0.032537887873745966,2020-05-16 00:00:00+00:00,2020
1003,0.033165355423587055,-6.938893903907228e-18,-0.02824359648876711,-0.02634776374311351,-0.03049886396431952,-0.027600158277867416,2020-05-17 00:00:00+00:00,2020
1004,0.041911503883323285,0.0,-0.032689263057697954,-0.03170210291374129,-0.014252968390513026,-0.038957669781930354,2020-05-18 00:00:00+00:00,2020
1005,0.08646352776330919,0.0,-0.07532447980055886,-0.0691959640720686,-0.019350870503610576,-0.06934572773179733,2020-05-19 00:00:00+00:00,2020
1006,-0.0006409467165194564,7.589415207398531e-19,0.0002442860348138036,0.0005105569723226322,-0.01821847373633302,-0.0007427891534197477,2020-05-20 00:00:00+00:00,2020
1007,-0.07117694705724716,-1.3877787807814457e-17,0.05969641720728186,0.05699746057627117,0.0325292149704656,0.05710856706373015,2020-05-21 00:00:00+00:00,2020
1008,0.03381922096014023,0.0,-0.027478737464195827,-0.023110478286823957,0.01785431379076969,-0.0269597400978288,2020-05-22 00:00:00+00:00,2020
1009,-0.03223072528839111,-6.938893903907228e-18,0.023673863552242054,0.024242996305182698,0.002066939618738564,0.02357687049336163,2020-05-23 00:00:00+00:00,2020
1010,0.01573049932718277,3.469446951953614e-18,-0.012060824254891573,-0.011358264818748819,-0.006676796150689418,-0.013244385657721194,2020-05-24 00:00:00+00:00,2020
1011,0.0005031615495681762,-5.421010862427522e-19,0.0006690903045634733,0.00040389595349327493,0.017532511054022537,-0.0007803079118734463,2020-05-25 00:00:00+00:00,2020
1012,0.02571152538061142,3.469446951953614e-18,-0.021666759998714064,-0.019692971978222652,-0.019034664975996173,-0.02331552577536174,2020-05-26 00:00:00+00:00,2020
1013,0.0069072231575472275,-1.734723475976807e-18,-0.006703903783627608,-0.005845710634971107,0.01601997335366174,-0.010133660856026686,2020-05-27 00:00:00+00:00,2020
1014,-0.007034342885017395,-1.734723475976807e-18,0.006133502701153602,0.0057332915683270935,0.016542533548290946,0.0036610571647495995,2020-05-28 00:00:00+00:00,2020
1015,-0.0020124152302742004,0.0,0.0011590858626896335,0.0012000557334678281,-0.027368761219092527,0.000406260395526764,2020-05-29 00:00:00+00:00,2020
1016,-0.04678782165050507,0.0,0.036456194737210304,0.0360170272298641,0.04705789610012174,0.037885020177090674,2020-05-30 00:00:00+00:00,2020
1017,-0.07076677292585373,0.0,0.0588657876146367,0.05442872956070404,0.0012442910751515046,0.06191880205458869,2020-05-31 00:00:00+00:00,2020
1018,-0.0685477152466774,0.0,0.06058304863820732,0.05397846593627718,-0.02992029185882883,0.05731131238939001,2020-06-01 00:00:00+00:00,2020
1019,-0.11049972295761108,-1.3877787807814457e-17,0.09331101824354524,0.08397352629755563,-0.008658372342799717,0.05606322056653653,2020-06-02 00:00:00+00:00,2020
1020,0.021390103101730347,0.0,-0.01169386497123484,-0.008367385391813965,0.0024913203909435327,-0.018900836273127795,2020-06-03 00:00:00+00:00,2020
1021,0.05883302181959152,0.0,-0.04842528582713494,-0.0439983056294173,-0.013862282298920087,-0.044048635867452945,2020-06-04 00:00:00+00:00,2020
1022,-0.10003929615020751,-1.3877787807814457e-17,0.07550533910737095,0.06550878777848822,-0.018915513052418953,0.08362904223137936,2020-06-05 00:00:00+00:00,2020
1023,0.03939672946929931,0.0,-0.03359159632308714,-0.03056812814043324,0.011812551390071327,-0.032795078578229116,2020-06-06 00:00:00+00:00,2020
1024,-0.062325032949447634,0.0,0.05044739935431895,0.04648224594759769,0.009642132934381716,0.04744362428921699,2020-06-07 00:00:00+00:00,2020
1025,0.0660373592376709,0.0,-0.05176631285699285,-0.04372767316058354,-0.0036681585580045223,-0.05597096363068629,2020-06-08 00:00:00+00:00,2020
1026,0.03214737981557846,0.0,-0.027029303114244223,-0.024936108506172245,-0.02365024532568461,-0.02833971140154702,2020-06-09 00:00:00+00:00,2020
1027,0.03502265036106109,6.938893903907228e-18,-0.027026647725151863,-0.024706319560698298,0.01425158678317711,-0.030962983059815374,2020-06-10 00:00:00+00:00,2020
1028,-0.027297115623950957,0.0,0.023219976428461964,0.021955037101575786,-0.0023789066437317624,0.023803186713984188,2020-06-11 00:00:00+00:00,2020
1029,0.06200316339731216,0.0,-0.05624243703964323,-0.05207613547097748,0.0020952130396127353,-0.051616369189887615,2020-06-12 00:00:00+00:00,2020
1030,0.05198138862848282,6.938893903907228e-18,-0.04091062374227641,-0.038452212452732205,0.00603621963061006,-0.044113547202797636,2020-06-13 00:00:00+00:00,2020
1031,0.004826602935791016,-8.673617379884035e-19,-0.003533281194498744,-0.0033254415006674326,-0.004720732535752141,-0.004842672734847604,2020-06-14 00:00:00+00:00,2020
1032,-0.03964191347360611,-6.938893903907228e-18,0.03340115748165319,0.03108166949658512,0.022400934058823378,0.03489543063939202,2020-06-15 00:00:00+00:00,2020
1033,0.009754518568515778,0.0,-0.007336044495149138,-0.007396574439027623,-0.005128703503810878,-0.008828968638798678,2020-06-16 00:00:00+00:00,2020
1034,-0.04391733556985855,0.0,0.030401497938808055,0.030974555394646226,-0.011778991259060095,0.03158769601554399,2020-06-17 00:00:00+00:00,2020
1035,-0.0028831034898757933,8.673617379884035e-19,0.001049148202053247,0.0011371974185649218,0.0320434340045101,-0.0001617992671514015,2020-06-18 00:00:00+00:00,2020
1036,-0.04300123274326324,0.0,0.030367654885099116,0.02997464824304579,-0.013935132488183191,0.03539755897130376,2020-06-19 00:00:00+00:00,2020
1037,0.01296225905418396,0.0,-0.01098827701391399,-0.009579416669026227,0.020614001578284566,-0.010961343644204216,2020-06-20 00:00:00+00:00,2020
1038,0.015720805525779723,0.0,-0.012446702854107185,-0.011356307687485849,0.014504178623945683,-0.014434346275894136,2020-06-21 00:00:00+00:00,2020
1039,-0.00029105126857757567,-5.421010862427522e-20,0.0005447856313809919,0.0004967908655758963,0.0004862879669359123,-0.00023913820067477108,2020-06-22 00:00:00+00:00,2020
1040,0.03776920050382614,-6.938893903907228e-18,-0.030242332895419374,-0.028694588703745534,-0.007271960577847361,-0.03370752859250109,2020-06-23 00:00:00+00:00,2020
1041,-0.0166099414229393,0.0,0.014407906954996311,0.012928097434541855,0.0026591320899509215,0.01327496947964157,2020-06-24 00:00:00+00:00,2020
1042,0.02894905537366867,0.0,-0.023772068368343956,-0.02163730078333219,-0.0044297894275903,-0.02685386894861452,2020-06-25 00:00:00+00:00,2020
1043,0.03771967232227325,6.938893903907228e-18,-0.03367261607308482,-0.030671171388566117,-0.03705203924647153,-0.02890913694166067,2020-06-26 00:00:00+00:00,2020
1044,-0.0006846031546592713,-6.505213034913027e-19,0.000286032595598311,0.0005215641870630458,-0.011624708554070391,-0.00047293912591462976,2020-06-27 00:00:00+00:00,2020
1045,0.017943999767303466,0.0,-0.01375153796390493,-0.012783382107495864,-0.0022366933486482644,-0.015950987136732195,2020-06-28 00:00:00+00:00,2020
1046,-0.04103299170732498,0.0,0.032971106863190616,0.03261952336681454,-0.01283202155361314,0.034906782624281554,2020-06-29 00:00:00+00:00,2020
1047,-0.05527880996465683,0.0,0.047201262877854075,0.04310494567984207,-0.03251864641458153,0.04095660288140635,2020-06-30 00:00:00+00:00,2020
1048,-0.020835728645324708,0.0,0.016097963950687705,0.015013873676357788,0.0021995108328561053,0.015625195189400837,2020-07-01 00:00:00+00:00,2020
1049,0.045438381731510165,-6.938893903907228e-18,-0.035731774451338544,-0.034796076116521156,0.0020774703590491217,-0.04038187440025607,2020-07-02 00:00:00+00:00,2020
1050,0.03539232153389322,0.0,-0.02954437450720776,-0.025635944348443976,-0.006152310660244135,-0.030192442237325763,2020-07-03 00:00:00+00:00,2020
1051,0.019294530749320984,3.469446951953614e-18,-0.0150771757980937,-0.014477563063025386,0.009330405602099617,-0.016083563690883755,2020-07-04 00:00:00+00:00,2020
1052,0.0277540984749794,0.0,-0.01785771372504968,-0.018163258281465224,-0.001671486824847048,-0.02379626243562303,2020-07-05 00:00:00+00:00,2020
1053,-0.005739182233810425,0.0,0.005460244261272231,0.0050603780651067454,0.004645328884620817,0.003268424341816685,2020-07-06 00:00:00+00:00,2020
1054,0.06926449984312058,0.0,-0.049591737073278574,-0.04912813319742683,-0.017458106641428342,-0.056611957314220133,2020-07-07 00:00:00+00:00,2020
1055,0.02972938060760498,0.0,-0.02278383076421081,-0.020175593953115405,0.004758590801797871,-0.022118856027038898,2020-07-08 00:00:00+00:00,2020
1056,-0.0559293732047081,0.0,0.038802819439026415,0.0360116733210694,0.0026490830725634587,0.048906813506650215,2020-07-09 00:00:00+00:00,2020
1057,0.030197369456291197,3.469446951953614e-18,-0.02662093185275875,-0.02455716041872864,-0.008336659470395295,-0.025618842273491003,2020-07-10 00:00:00+00:00,2020
1058,-0.018435949981212615,0.0,0.015004923623220874,0.01411977154173024,0.006424763708905551,0.015387974247903696,2020-07-11 00:00:00+00:00,2020
1059,0.011807434260845184,1.734723475976807e-18,-0.009639703357044309,-0.00896187889710104,0.01789367210280106,-0.010447794894061647,2020-07-12 00:00:00+00:00,2020
1060,0.006216587126255035,0.0,-0.004724901100893504,-0.004546004930366301,-0.0064708206700771435,-0.005838031616451279,2020-07-13 00:00:00+00:00,2020
1061,-0.05550714612007141,-6.938893903907228e-18,0.046704014260013346,0.044094319291796275,-0.010554950106514215,0.04802872236425378,2020-07-14 00:00:00+00:00,2020
1062,-0.016431606113910674,0.0,0.014657845166064729,0.01305281066373575,0.010034961601953411,0.01405586827071708,2020-07-15 00:00:00+00:00,2020
1063,0.07487966746091843,0.0,-0.0657343228330693,-0.06053808449881959,-0.0017746790541462165,-0.061154871525662756,2020-07-16 00:00:00+00:00,2020
1064,0.05870284806543858,6.938893903907228e-18,-0.04663214082234001,-0.04146470996343646,-0.01698064049533194,-0.05116791844537495,2020-07-17 00:00:00+00:00,2020
1065,0.040437410824262915,0.0,-0.034794822629799486,-0.032137769303424504,-0.021289796023959785,-0.036932474328231046,2020-07-18 00:00:00+00:00,2020
1066,-0.01376964509487152,-1.734723475976807e-18,0.012469942408590916,0.011811765093184403,-0.029749113018355224,0.011834712828132858,2020-07-19 00:00:00+00:00,2020
1067,0.005504158735275269,-8.673617379884035e-19,-0.004166581005068563,-0.0037140683635817854,-0.012997855523739565,-0.006242737243227954,2020-07-20 00:00:00+00:00,2020
1068,0.025380292534828187,0.0,-0.02093208466323935,-0.01899916529424596,-0.01888687796444692,-0.02200036504072573,2020-07-21 00:00:00+00:00,2020
1069,-0.022035751510505103,0.0,0.018081147822155565,0.017097046849241567,-0.00377474999412215,0.017693638027375957,2020-07-22 00:00:00+00:00,2020
1070,-0.002890223534262959,-8.673617379884035e-19,0.002891284110383496,0.0026396182653132256,-0.0044406463678457915,0.001814699595554912,2020-07-23 00:00:00+00:00,2020
1071,0.009010612665109299,1.734723475976807e-18,-0.007532257273215055,-0.006973621448377177,9.762660712545751e-05,-0.006696472991349162,2020-07-24 00:00:00+00:00,2020
1072,0.04725352393921895,6.938893903907228e-18,-0.0343159098431404,-0.034813189239634425,0.23169039026491584,-0.040421381017172055,2020-07-25 00:00:00+00:00,2020
1073,-0.002490997014932297,0.0,0.002297090487029114,0.0021643954050515227,0.001775139262200889,0.001270088392869705,2020-07-26 00:00:00+00:00,2020
1074,0.007093454725179241,-8.673617379884035e-19,-0.0050814416387953715,-0.005252336319851556,0.009115291725736316,-0.006878245974471798,2020-07-27 00:00:00+00:00,2020
1075,0.016355383935286173,3.469446951953614e-18,-0.013858261626824193,-0.013074091249095955,-0.0016491239337358445,-0.014525827571333898,2020-07-28 00:00:00+00:00,2020
1076,-0.03579230853660622,-6.938893903907228e-18,0.030375227825951433,0.02774988672867444,-0.003700712266096716,0.03057078723441879,2020-07-29 00:00:00+00:00,2020
1077,0.044533567811975525,0.0,-0.038499248655229835,-0.03484195876750662,-0.005186085157298299,-0.033054142413320525,2020-07-30 00:00:00+00:00,2020
1078,0.0004913729039867919,4.336808689942018e-19,-0.0008034788833733269,-0.0007400502580173094,-0.017212187578842027,-0.0025027369720515514,2020-07-31 00:00:00+00:00,2020
1079,0.025182369665883893,0.0,-0.01774761671236952,-0.017140852188293063,0.009603558887681544,-0.02005275412017271,2020-08-01 00:00:00+00:00,2020
1080,-0.005788513164424417,0.0,0.004883799736073647,0.004354053847076578,0.0015746381757134054,0.003850555231803534,2020-08-02 00:00:00+00:00,2020
1081,-0.02475972630869803,-3.469446951953614e-18,0.017707276377556265,0.01757800830398371,0.006711741358482057,0.021078108455598103,2020-08-03 00:00:00+00:00,2020
1082,-0.01563026258094826,0.0,0.013251579328757417,0.01247254990152742,0.004586901199234878,0.012136559844863918,2020-08-04 00:00:00+00:00,2020
1083,-0.0027383640782916966,0.0,0.002282314776820272,0.002024700623489222,0.0006294313516148242,0.001271025363095948,2020-08-05 00:00:00+00:00,2020
1084,-0.04223614721441988,-6.938893903907228e-18,0.02854141280704523,0.029525428698112765,-0.006641188438783911,0.03464615212002435,2020-08-06 00:00:00+00:00,2020
1085,-0.01944767230719178,0.0,0.01686734705366955,0.01520234944476535,-0.007449495643311554,0.01589665566152791,2020-08-07 00:00:00+00:00,2020
1086,-0.09997141211476158,0.0,0.07826416297726539,0.07637939569825017,-0.02325601701629018,0.08704759536809795,2020-08-08 00:00:00+00:00,2020
1087,0.005301588444254506,8.673617379884035e-19,-0.004788416102042462,-0.00430965674330455,0.001590492279102719,-0.005116712768321385,2020-08-09 00:00:00+00:00,2020
1088,0.030208343836530368,3.469446951953614e-18,-0.026075554492699146,-0.024441870877444857,-0.015567760446450883,-0.024222952126439004,2020-08-10 00:00:00+00:00,2020
1089,-0.01782473846895611,0.0,0.013527330388848192,0.013273911072249988,-0.0020301520861909818,0.01406773364808481,2020-08-11 00:00:00+00:00,2020
1090,0.02618029369181724,3.469446951953614e-18,-0.021740250691987806,-0.020456329433708745,0.005437935324428069,-0.022475099868219616,2020-08-12 00:00:00+00:00,2020
1091,0.0014206227944723925,6.505213034913027e-19,-0.001322597597700087,-0.0012737176077727993,-0.001959665238486162,-0.002508557847451295,2020-08-13 00:00:00+00:00,2020
1092,0.007667223712307724,0.0,-0.00589868288729532,-0.005614756132183608,-0.01302885821105261,-0.006051242447098588,2020-08-14 00:00:00+00:00,2020
1093,-0.07704375736677467,1.3877787807814457e-17,0.060706906013501004,0.058708071412405353,0.00259878487445718,0.0670298497675083,2020-08-15 00:00:00+00:00,2020
1094,-0.0011048475701605255,-4.336808689942018e-19,0.0010800804769121744,0.0009300336027811783,0.0031954238614302433,0.0009686297329361005,2020-08-16 00:00:00+00:00,2020
1095,-0.020682002431783246,0.0,0.016933277815037923,0.015759308321292444,0.009689810180125586,0.018238998797711934,2020-08-17 00:00:00+00:00,2020
1096,0.04085332604508903,0.0,-0.03563386129452646,-0.03352193241835334,0.008158836120551842,-0.03666640872966182,2020-08-18 00:00:00+00:00,2020
1097,-0.015965606399516965,-3.469446951953614e-18,0.014301228555853916,0.013122202953140882,-0.00883962413261715,0.013760174425502543,2020-08-19 00:00:00+00:00,2020
1098,0.001551053631844832,0.0,-0.001130856153657238,-0.0009550160108422254,0.02064829530636061,-0.0015798475053129955,2020-08-20 00:00:00+00:00,2020
1099,0.006683614385786967,8.673617379884035e-19,-0.005522560687993696,-0.005267011318096145,0.013955365138127951,-0.00589420010675591,2020-08-21 00:00:00+00:00,2020
1100,-0.004802361726760864,0.0,0.0037880095306598396,0.0036983240088589763,-0.002725889487770905,0.003458482923757988,2020-08-22 00:00:00+00:00,2020
1101,0.0019288477301597595,2.168404344971009e-19,-0.0014344346163001054,-0.0013116457965959988,0.0015346866999344983,-0.0019359254219716625,2020-08-23 00:00:00+00:00,2020
1102,0.014967851340770721,0.0,-0.01230336861680599,-0.011872886899086943,-0.0001380444419766761,-0.01217551143364811,2020-08-24 00:00:00+00:00,2020
1103,-0.0009123894572257995,4.336808689942018e-19,0.0008567452981252259,0.0008353124710841979,-0.014922820622133121,0.0003635287752209109,2020-08-25 00:00:00+00:00,2020
1104,-0.06241001695394516,-6.938893903907228e-18,0.048531151854953325,0.045072106107456836,-0.008155125980979644,0.05672454873605891,2020-08-26 00:00:00+00:00,2020
1105,0.04402976870536804,0.0,-0.040412234905396735,-0.03602423866765926,0.01979995189281221,-0.03856957714425019,2020-08-27 00:00:00+00:00,2020
1106,0.009000677764415741,0.0,-0.007485517986413953,-0.00673722572089452,0.00962099097838404,-0.007750210050142442,2020-08-28 00:00:00+00:00,2020
1107,0.05566865864710592,0.0,-0.044968797693399204,-0.04410635178829406,-0.0016465983227942974,-0.045762834797715125,2020-08-29 00:00:00+00:00,2020
1108,0.012341152429580688,0.0,-0.009875686478240931,-0.009596587394155264,0.01892296015885048,-0.009570870045126089,2020-08-30 00:00:00+00:00,2020
1109,-0.006004644632339478,0.0,0.004849984250054853,0.00456309432903083,-0.004709673803182624,0.004722342429411889,2020-08-31 00:00:00+00:00,2020
1110,0.0006229549646377564,4.336808689942018e-19,-0.00028918137967772574,-0.00025189493367028547,0.04951764420402001,-0.001384232091739765,2020-09-01 00:00:00+00:00,2020
1111,-0.06616634845733643,0.0,0.05252510351636033,0.04966195467299225,-0.010103234002411338,0.053076774052864775,2020-09-02 00:00:00+00:00,2020
1112,0.014426518082618713,0.0,-0.01160348537354536,-0.010085375656614137,0.0011541802911001278,-0.010808998821276452,2020-09-03 00:00:00+00:00,2020
1113,-0.03709106117486954,6.938893903907228e-18,0.026354132818934055,0.02612803627442096,0.003181432372476131,0.024646621862352426,2020-09-04 00:00:00+00:00,2020
1114,0.0059967699646949766,8.673617379884035e-19,-0.003758150713061573,-0.004085204326312654,-0.02844265305672957,-0.0045742190237440215,2020-09-05 00:00:00+00:00,2020
1115,0.030117045044898986,0.0,-0.021692143002938664,-0.022359707120930643,-0.00929275117919882,-0.023986615008529024,2020-09-06 00:00:00+00:00,2020
1116,-0.07216825693845749,0.0,0.054441707584127724,0.05212151017269867,0.00651053444044411,0.06474971919214709,2020-09-07 00:00:00+00:00,2020
1117,0.016891573369503022,0.0,-0.015468919364897384,-0.014238708573083885,-0.009024071809090917,-0.013397676495656971,2020-09-08 00:00:00+00:00,2020
1118,-0.024770699739456177,0.0,0.019503876611457485,0.018260851353751675,0.014593773901577406,0.02027829375337089,2020-09-09 00:00:00+00:00,2020
1119,-0.024833422899246217,-3.469446951953614e-18,0.02014855762357072,0.018475370773188955,-0.0066621690906172835,0.02321086399994503,2020-09-10 00:00:00+00:00,2020
1120,0.05705327153205872,0.0,-0.05342250027793778,-0.04838071348096303,-0.004447171257662058,-0.04656755624813517,2020-09-11 00:00:00+00:00,2020
1121,0.009993757605552673,0.0,-0.008575554668939247,-0.008208748418497855,-0.0063605920032217145,-0.009082861604844852,2020-09-12 00:00:00+00:00,2020
1122,-0.019251140058040617,-3.469446951953614e-18,0.0168856991264931,0.015265950168478981,-0.005940403473763341,0.015217741254605637,2020-09-13 00:00:00+00:00,2020
1123,-0.01164534419775009,-1.734723475976807e-18,0.009067548713971255,0.008786098546420248,-0.001197764694856794,0.00909309072805711,2020-09-14 00:00:00+00:00,2020
1124,0.006867669820785523,0.0,-0.015816453008277227,-0.01716339882480439,-0.001194570125309307,-0.004519898902439158,2020-09-15 00:00:00+00:00,2020
1125,-0.0030331417918205263,0.0,-0.007201435849375414,-0.008896160709510784,-0.00357959939276223,0.0017914730112099492,2020-09-16 00:00:00+00:00,2020
1126,0.004696814700810596,8.673617379884035e-19,-0.0029488011481933873,-0.0027573378236907687,0.0010431002995745968,-0.0036155377328651647,2020-09-17 00:00:00+00:00,2020
1127,0.004659977224138048,0.0,-0.0023729564350235166,-0.002002143675683522,-0.004655498396325296,-0.0035799877838545244,2020-09-18 00:00:00+00:00,2020
1128,-0.002119890367141878,-8.673617379884035e-19,0.0009444143965064173,0.0008817239823694306,-0.0038642417036234234,-0.00016366206538911314,2020-09-19 00:00:00+00:00,2020
1129,-0.0033866862456003823,0.0,0.0019158938938655468,0.001813077397845815,0.0013261238598667015,0.0010721555390346953,2020-09-20 00:00:00+00:00,2020
1130,-0.014851962854414423,1.734723475976807e-18,0.006898447755728383,0.00727845995208993,0.0074907650313493414,0.006464921683469163,2020-09-21 00:00:00+00:00,2020
1131,0.029575169691579598,-6.938893903907228e-18,-0.016582261545503935,-0.01513830902011413,-0.0021608265273681815,-0.023085334768441754,2020-09-22 00:00:00+00:00,2020
1132,0.014678142397536844,-3.469446951953614e-18,-0.009640792933870837,-0.007792176399405205,-0.0018003354515144735,-0.006373770136174992,2020-09-23 00:00:00+00:00,2020
1133,-0.004206881002726289,0.0,0.0009483907599210865,0.001581003243013154,-0.010689014694360451,-0.0005626555421178779,2020-09-24 00:00:00+00:00,2020
1134,-0.008533453578271236,1.734723475976807e-18,0.003402366012890445,0.003182761657231847,0.004405007945949579,0.00570952852597169,2020-09-25 00:00:00+00:00,2020
1135,-0.0020659795872451083,0.0,0.001854153240539831,0.0014434238343796787,-0.0008786853707582866,8.742018724092627e-05,2020-09-26 00:00:00+00:00,2020
1136,-0.005883942098181865,1.734723475976807e-18,0.0031695186252639384,0.0033802876551018027,0.0006445973437938443,0.002329790693828211,2020-09-27 00:00:00+00:00,2020
1137,0.0035729562570600945,-4.336808689942018e-19,-0.0011992019774357495,-0.001408455882303634,0.0019094977008380708,-0.0016527932028313616,2020-09-28 00:00:00+00:00,2020
1138,-0.03328101556313219,0.0,0.014269062320426018,0.013976238079404048,0.0018606884807944035,0.014162763821118987,2020-09-29 00:00:00+00:00,2020
1139,-0.02450895158167418,3.469446951953614e-18,0.00824169713964348,0.007451210240643203,-0.0038551373885919206,0.01181713734843513,2020-09-30 00:00:00+00:00,2020
1140,-0.0023046335593092863,4.336808689942018e-19,0.0016628925963763364,0.0013756208658306267,0.0004520562415042883,0.0015058804954866827,2020-10-01 00:00:00+00:00,2020
1141,-0.016633521784380607,0.0,0.008050227982228163,0.009045662513817335,-0.0030638919459009123,0.012129849665687257,2020-10-02 00:00:00+00:00,2020
1142,-0.002947419427978206,-4.336808689942018e-19,0.0025781336296142746,0.0022631958631094155,-0.0040614353311324985,0.0010507820980629895,2020-10-03 00:00:00+00:00,2020
1143,0.013437248310264277,-3.469446951953614e-18,-0.010274167522331836,-0.008255104709341998,-0.008051945648328443,-0.012232703451994911,2020-10-04 00:00:00+00:00,2020
1144,0.018728206908037216,3.469446951953614e-18,-0.01101762176836921,-0.00964352834565528,0.007167133989918743,-0.014110119461996145,2020-10-05 00:00:00+00:00,2020
1145,0.014166880077516972,0.0,-0.009270706065294905,-0.007601461356846462,0.007586069353310895,-0.008726806804410183,2020-10-06 00:00:00+00:00,2020
1146,-0.011259442356032164,0.0,0.005756381560900972,0.005344187047440125,-0.012747347347401704,0.007534317637292487,2020-10-07 00:00:00+00:00,2020
1147,-0.030403323282445143,3.469446951953614e-18,0.023040395511957974,0.01852821948861934,-0.004898073728303035,0.02237346497248932,2020-10-08 00:00:00+00:00,2020
1148,-0.007048500975981581,0.0,0.005232503741119608,0.004235319996722851,-0.0017977295134978585,0.0036472471592975332,2020-10-09 00:00:00+00:00,2020
1149,0.010622821483515241,-1.734723475976807e-18,-0.005781569114223365,-0.005956096988323724,0.0035176778609653063,-0.007010031783285586,2020-10-10 00:00:00+00:00,2020
1150,0.012414933763784806,0.0,-0.007514100466392901,-0.006565201819095358,0.0030013829494985912,-0.01178776466257679,2020-10-11 00:00:00+00:00,2020
1151,0.014754809703923724,-1.734723475976807e-18,-0.008371904054163451,-0.007241887446806595,-0.00015331459684479222,-0.008395016850863274,2020-10-12 00:00:00+00:00,2020
1152,-0.010339668559543977,0.0,0.005172525907452701,0.0055738810385875985,-0.012821630102802996,0.004043177527989739,2020-10-13 00:00:00+00:00,2020
1153,0.025226334327368566,0.0,-0.012436269239078729,-0.012415812233990714,0.0036418622977138562,-0.012728487922839524,2020-10-14 00:00:00+00:00,2020
1154,0.019653269179581385,0.0,-0.008749539592655214,-0.007550620573035512,-0.00305692102600702,-0.010941431203127659,2020-10-15 00:00:00+00:00,2020
1155,-0.01494350953755645,-1.734723475976807e-18,0.007343507201694801,0.0066483325123365255,-0.005356224161504152,0.0064603523002188055,2020-10-16 00:00:00+00:00,2020
1156,0.02395534001026057,-3.469446951953614e-18,-0.013074307226658921,-0.012661682059772712,0.004323466624226648,-0.015785577952843386,2020-10-17 00:00:00+00:00,2020
1157,0.013735619595813268,-3.469446951953614e-18,-0.009341896235597011,-0.008938347251376006,0.00018175316158939442,-0.010660260856517702,2020-10-18 00:00:00+00:00,2020
1158,-0.007362636515331753,0.0,0.004585271102368971,0.00398000050181134,-0.0010518756039585861,0.0032088591748014846,2020-10-19 00:00:00+00:00,2020
1159,0.0037801879916699406,-8.673617379884035e-19,-0.0025160807835333506,-0.002448282192857605,-0.00022564184633602075,-0.003658161330461237,2020-10-20 00:00:00+00:00,2020
1160,-0.0059016304572826715,0.0,0.0019438054466163297,0.00236458754521648,-0.0006985075747716245,0.0012896799633777033,2020-10-21 00:00:00+00:00,2020
1161,-0.01924806863370568,-3.469446951953614e-18,0.006466057036671954,0.007715425530110464,-0.009133472645581498,0.007111799040000862,2020-10-22 00:00:00+00:00,2020
1162,0.044158506211895626,0.0,-0.025258542180200176,-0.020728529781085706,-0.018840636108502513,-0.0386337953360176,2020-10-23 00:00:00+00:00,2020
1163,0.06059374261384058,2.0816681711721685e-17,-0.04672270069148035,-0.0371023473132476,0.01187438455085088,-0.042914692450123124,2020-10-24 00:00:00+00:00,2020
1164,0.0015853008236547913,-2.168404344971009e-19,-0.0010062534111114293,-0.000904712553129882,0.00323605805830726,-0.0022944657867923516,2020-10-25 00:00:00+00:00,2020
1165,-0.034800463252597384,-6.938893903907228e-18,0.022527921922665256,0.019135598265923738,0.001941818050542013,0.022580291131933848,2020-10-26 00:00:00+00:00,2020
1166,-0.009426064563520027,0.0,0.006244170646258148,0.004994571975592605,0.023875787458544497,0.005053551157257245,2020-10-27 00:00:00+00:00,2020
1167,-0.1559468303063903,-2.7755575615628914e-17,0.10096387927635164,0.08366437825669779,-0.012110401972877438,0.10478749030452023,2020-10-28 00:00:00+00:00,2020
1168,-0.19450904203183722,-2.7755575615628914e-17,0.13583128236684158,0.10332842656799948,0.030819631636630512,0.08114075041876784,2020-10-29 00:00:00+00:00,2020
1169,0.17459776184775613,0.0,-0.08514891178997089,-0.053823501142108224,0.032750505012597214,-0.026464722809145552,2020-10-30 00:00:00+00:00,2020
1170,-0.04672096172968546,-6.938893903907228e-18,0.004077194976545892,0.0014448103115504152,-7.359905921591053e-05,0.010184282037952568,2020-10-31 00:00:00+00:00,2020
1171,-0.0316701555492902,0.0,0.008149034027740289,0.004356676993771191,-0.0008392245700105244,0.010078594534823994,2020-11-01 00:00:00+00:00,2020
1172,-0.013672952399109348,0.0,0.0033736747400543825,0.0039049428429813564,0.0024549365753983032,0.0014004227325195712,2020-11-02 00:00:00+00:00,2020
1173,0.01709517806467384,0.0,-0.00889758173315134,-0.008079779314732635,0.002410864619082107,-0.010836777978987844,2020-11-03 00:00:00+00:00,2020
1174,0.02137331288270276,6.938893903907228e-18,-0.00966435814287479,-0.00816336445405493,0.009303218383131886,-0.010068007521258096,2020-11-04 00:00:00+00:00,2020
1175,-0.014967174241037079,0.0,0.005076508520058285,0.005499574322072591,-0.002246557107673932,0.004903256526563199,2020-11-05 00:00:00+00:00,2020
1176,-0.0019820069298526356,-4.336808689942018e-19,0.0003239369878858078,0.0004844630897545702,0.015716715717967553,-0.0006381484007265455,2020-11-06 00:00:00+00:00,2020
1177,0.003767156056341181,0.0,-0.00023822478582068455,-0.0009896520164614443,-0.010810145553698516,-0.002804115504498346,2020-11-07 00:00:00+00:00,2020
1178,0.00784228174819559,-1.734723475976807e-18,0.0018498019020726265,-0.0013111742016771975,0.004843047281043749,-0.0053578131595301325,2020-11-08 00:00:00+00:00,2020
1179,-0.04600534856621989,0.0,0.028725757899976306,0.02446619767469252,0.0081747634811579,0.0264398942935121,2020-11-09 00:00:00+00:00,2020
1180,-0.01471908594751116,0.0,0.0063780615586062055,0.00629555056384149,0.0016457360327963976,0.00420375643536031,2020-11-10 00:00:00+00:00,2020
1181,0.03388240948546356,0.0,-0.013102411599628237,-0.011738672662414587,0.006587665044920317,-0.017991267385839914,2020-11-11 00:00:00+00:00,2020
1182,0.04232028807480323,0.0,-0.019700680765978862,-0.01735777680838561,-0.0013380964705619475,-0.02615510906571134,2020-11-12 00:00:00+00:00,2020
1183,-0.0005156733662948996,4.336808689942018e-19,0.0011206345108402717,0.0007306125963017532,-0.0057920036440030406,-0.00037919947359321834,2020-11-13 00:00:00+00:00,2020
1184,-5.743406750829087e-05,-6.098637220230962e-20,1.4816753398977653e-05,0.000430057343783527,-0.02338527513655999,-0.003277012203224265,2020-11-14 00:00:00+00:00,2020
1185,0.006023505617519321,0.0,-0.001951452206382198,-0.0022900977091840904,-0.009972883467918785,-0.00522471805294438,2020-11-15 00:00:00+00:00,2020
1186,0.007472557464831977,-8.673617379884035e-19,-0.005660604271157423,-0.004850319149118366,0.005978822011537909,-0.00604946153870323,2020-11-16 00:00:00+00:00,2020
1187,-0.00983706555390721,1.734723475976807e-18,0.005384292762940114,0.004959777388148418,-0.03254052053305303,0.0005649855227716875,2020-11-17 00:00:00+00:00,2020
1188,0.019447950542275674,0.0,-0.010753775933675436,-0.009158944146062829,0.004197617561605152,-0.012829143720850223,2020-11-18 00:00:00+00:00,2020
1189,0.039579457437931585,0.0,-0.022789793743935718,-0.02296197459625626,-0.004226458025796936,-0.0179319055606528,2020-11-19 00:00:00+00:00,2020
1190,-0.015457015957324034,3.469446951953614e-18,0.00663102707722058,0.006160871794353168,-0.007681060460925312,0.007899382891881544,2020-11-20 00:00:00+00:00,2020
1191,0.018574483200983347,-3.469446951953614e-18,-0.00968939221364042,-0.008593293841586542,-0.013358467824626085,-0.012544203584823967,2020-11-21 00:00:00+00:00,2020
1192,-0.021921772037060732,3.469446951953614e-18,0.013304413871718167,0.011467286634073311,0.00636546875550717,0.0158699692214418,2020-11-22 00:00:00+00:00,2020
1193,0.015124547299999876,-1.734723475976807e-18,-0.01102801475119799,-0.009158702407266751,-0.007379746567182557,-0.00916833712532419,2020-11-23 00:00:00+00:00,2020
1194,-0.0023856786301898474,0.0,0.002151447184042468,0.0013935142269696122,-0.0011290099098696942,-0.00035637880877549847,2020-11-24 00:00:00+00:00,2020
1195,0.006323499122851997,-1.734723475976807e-18,-0.002571666883300067,-0.002297811293233516,-0.0038107974126890005,-0.004793311324232609,2020-11-25 00:00:00+00:00,2020
1196,-0.031102362017946195,0.0,0.015143707636010754,0.014311472838189534,-0.017896107261049773,0.019324027847846162,2020-11-26 00:00:00+00:00,2020
1197,0.020694071266251772,0.0,-0.01276903489783789,-0.009780521750236564,0.0017668005925733365,-0.010886183738357171,2020-11-27 00:00:00+00:00,2020
1198,0.003512636356547399,-1.3010426069826053e-18,-0.0034077169538472125,-0.003254599787871519,0.008923578069068822,-0.0056108781115241264,2020-11-28 00:00:00+00:00,2020
1199,-0.00039063038559734517,-2.168404344971009e-19,0.0028040327627377303,0.002111795322664062,0.011237536125537758,0.0011009962127700753,2020-11-29 00:00:00+00:00,2020
1200,-0.01217334550254199,0.0,0.006858280914582064,0.0062634537589502624,-0.014809427770462194,0.007957309208030026,2020-11-30 00:00:00+00:00,2020
1201,-0.013871004386824004,1.734723475976807e-18,0.009720334406710173,0.008311497094922442,0.004568929162487677,0.007187467037544037,2020-12-01 00:00:00+00:00,2020
1202,0.009255913447360603,-1.734723475976807e-18,-0.002989163203731664,-0.0031028130954659774,-0.00020134989428692227,-0.004483345492685994,2020-12-02 00:00:00+00:00,2020
1203,-0.003070282692811927,0.0,0.0007372057269605377,0.0005470181552300708,0.003690218857702112,-0.00016419207255877633,2020-12-03 00:00:00+00:00,2020
1204,-0.022174965362159575,3.469446951953614e-18,0.010200632698851225,0.009910943671863456,0.014898944133018614,0.012053010794997274,2020-12-04 00:00:00+00:00,2020
1205,-0.10066820498631925,1.3877787807814457e-17,0.05426360466026887,0.05764877160617542,-0.011419895966244695,0.0880062448800864,2020-12-05 00:00:00+00:00,2020
1206,0.015703229271635716,0.0,-0.014066550018229797,-0.010828926331066847,0.03858721964480741,-0.009380694838411835,2020-12-06 00:00:00+00:00,2020
1207,-0.0014024255227069466,2.168404344971009e-19,0.0008530349589423186,0.000887674621503159,0.004040125224660794,0.0007165450266511959,2020-12-07 00:00:00+00:00,2020
1208,-0.05356450348484273,6.938893903907228e-18,0.028566357511939266,0.026254579152996557,-0.00542267492821482,0.037797624522191736,2020-12-08 00:00:00+00:00,2020
1209,0.04788494170928488,0.0,-0.03334034252287301,-0.027139714291328602,0.005225901413947437,-0.03200957515027623,2020-12-09 00:00:00+00:00,2020
1210,-0.015497966080295796,0.0,0.010578036085063204,0.008336852903180099,0.0008446084696483863,0.008504289757178572,2020-12-10 00:00:00+00:00,2020
1211,0.002027308758424253,-4.336808689942018e-19,-0.0009176239536334905,-0.0012176347268056588,0.013923049576462745,-0.0006521989261384499,2020-12-11 00:00:00+00:00,2020
1212,0.004763523230747301,-8.673617379884035e-19,-0.002865201850423173,-0.0023455962400820707,0.00040079770787169924,-0.00395769418612276,2020-12-12 00:00:00+00:00,2020
1213,0.0032478324612792656,0.0,-0.0007371730555811029,-0.0008796183098753406,-0.004876035450889171,-0.0028573329614828445,2020-12-13 00:00:00+00:00,2020
1214,-0.00969542927887975,0.0,0.006065600777921306,0.005491026914416222,-0.004502985813391945,0.005104056582609841,2020-12-14 00:00:00+00:00,2020
1215,0.013487281543867928,0.0,-0.007551077765775398,-0.008093766226075674,0.00018341737227881363,-0.01097933603320049,2020-12-15 00:00:00+00:00,2020
1216,-0.009035824512948796,1.734723475976807e-18,0.005846494520199234,0.005289582961802134,-0.004653815522720843,0.004004229926496093,2020-12-16 00:00:00+00:00,2020
1217,-0.03127880546511436,0.0,0.017780628274717512,0.01588845006395545,-0.012795184947977253,0.01477097469773692,2020-12-17 00:00:00+00:00,2020
1218,-0.003898245035385599,0.0,0.002762032528366061,0.0022112402596408585,-0.004452824996282434,0.0026442063900107664,2020-12-18 00:00:00+00:00,2020
1219,-0.008017182654264023,1.734723475976807e-18,0.0038644484946478725,0.00394791382449887,0.01737694579655156,0.005570633713597906,2020-12-19 00:00:00+00:00,2020
1220,0.0011565846448041955,0.0,-0.00032721180574936154,-0.0001936377330141202,-0.004947269254719253,-0.000910652602138223,2020-12-20 00:00:00+00:00,2020
1221,0.009533804290148676,0.0,-0.005794458487278346,-0.005090882211534845,-0.0010607879732538218,-0.00529474302236922,2020-12-21 00:00:00+00:00,2020
1222,0.02039069727975495,-3.469446951953614e-18,-0.00936179765531623,-0.009412302238126202,-0.0014270395223037295,-0.011993065262368931,2020-12-22 00:00:00+00:00,2020
1223,-0.0005963481202417491,0.0,-0.000278413360375374,0.00010303079059096731,-0.003620691145345175,-0.0008953095757161073,2020-12-23 00:00:00+00:00,2020
1224,0.02211785894267413,0.0,-0.010221726536208908,-0.009662736851717608,-0.009890601181821999,-0.013646495630095814,2020-12-24 00:00:00+00:00,2020
1225,-0.003134072739250806,-4.336808689942018e-19,0.002759625410994269,0.0019056490682741946,-0.004994883527095371,-0.0008998194783751208,2020-12-25 00:00:00+00:00,2020
1226,0.013167267247122161,-1.734723475976807e-18,-0.004709059826624789,-0.004584963636418639,-0.014673704682260254,-0.008306395143853815,2020-12-26 00:00:00+00:00,2020
1227,0.000955263266758043,0.0,-0.0010074135572873304,-0.0008702078164976916,-0.006478405306905902,-0.0020400735839127197,2020-12-27 00:00:00+00:00,2020
1228,0.030865259924713447,-3.469446951953614e-18,-0.012460666696958136,-0.014587766750810641,-0.006727249291906521,-0.020790791356650754,2020-12-28 00:00:00+00:00,2020
1229,0.026957482707743743,0.0,-0.01356643100567918,-0.014226013450541898,0.0034047546214122405,-0.019409583930260245,2020-12-29 00:00:00+00:00,2020
1230,0.019947213785988942,-3.469446951953614e-18,-0.012869001689059582,-0.010704598872098386,-0.014041942787635753,-0.012439052122143688,2020-12-30 00:00:00+00:00,2020
1231,0.006952038528967877,0.0,-0.0019007369008349016,-0.002131879507037514,0.005277320462280086,-0.004413172109795848,2020-12-31 00:00:00+00:00,2020
1232,0.03201800037403496,-6.938893903907228e-18,-0.018574223678071655,-0.018921076872344098,-0.011587347025330545,-0.02158303741846267,2021-01-01 00:00:00+00:00,2021
1233,0.043922679460778526,-6.938893903907228e-18,-0.029037954519645304,-0.02337578718694672,-0.012108585452426657,-0.02767336807524795,2021-01-02 00:00:00+00:00,2021
1234,0.055226534605026245,0.0,-0.029263162318188568,-0.029454111711040537,-0.01906152461268961,-0.0411685061094353,2021-01-03 00:00:00+00:00,2021
1235,0.009205677071396185,0.0,-0.0063305215447407425,-0.005434777310861736,0.000186890670768396,-0.007885484258442259,2021-01-04 00:00:00+00:00,2021
1236,-0.0001256587553997429,2.439454888092385e-19,0.0010366564814304736,0.0004620610284608854,-0.0031154200309410083,-0.0010032401530810113,2021-01-05 00:00:00+00:00,2021
1237,0.006884439867369982,0.0,-0.002783939288878063,-0.0025777660712926354,-0.0020899151184441706,-0.006805408368276014,2021-01-06 00:00:00+00:00,2021
1238,-0.059044395478404295,6.938893903907228e-18,0.0354928023549085,0.03049781987253139,-0.0051385633151211155,0.03965033826515362,2021-01-07 00:00:00+00:00,2021
1239,0.0218497739762676,-3.469446951953614e-18,-0.014948721120914112,-0.01212660307218982,0.010213834290053837,-0.013955968067313317,2021-01-08 00:00:00+00:00,2021
1240,0.07296113913156549,-2.7755575615628914e-17,-0.04287188518536421,-0.03594230107579498,-0.01023575956975907,-0.04854052903023412,2021-01-09 00:00:00+00:00,2021
1241,0.0001094110158025002,1.7618285302889447e-19,0.000637546347588423,0.00037791407652948455,-0.004958568733770696,-0.0019448799064501936,2021-01-10 00:00:00+00:00,2021
1242,0.012900957647635013,0.0,-0.007070769242571071,-0.006272544860570363,0.01594664591963972,-0.010911320002300764,2021-01-11 00:00:00+00:00,2021
1243,0.03266802490973959,0.0,-0.02148443036677724,-0.017494394770590546,-0.0041511719381526375,-0.021114408189727183,2021-01-12 00:00:00+00:00,2021
1244,-0.030393638477033497,0.0,0.01593760265989669,0.014054622934726698,-0.0035064304234302193,0.01820564540082458,2021-01-13 00:00:00+00:00,2021
1245,0.03324179108045539,-6.938893903907228e-18,-0.02261613907454004,-0.0155048382951826,-0.004066417423126675,-0.022462249483080156,2021-01-14 00:00:00+00:00,2021
1246,0.02247681392698872,0.0,-0.015439790381444378,-0.012067600682274218,-0.013107958107069138,-0.017753114546472666,2021-01-15 00:00:00+00:00,2021
1247,0.020955669332523734,0.0,-0.010363411745037871,-0.010750350893255507,-0.004862806227403815,-0.015570094208278724,2021-01-16 00:00:00+00:00,2021
1248,-0.01294768191113764,0.0,0.008867610252908758,0.007837337312722924,0.00021116766981948108,0.006914341749706586,2021-01-17 00:00:00+00:00,2021
1249,0.03446232238594366,-6.938893903907228e-18,-0.019533984133899403,-0.019339203023929087,-0.0036532739802462716,-0.021609673239123866,2021-01-18 00:00:00+00:00,2021
1250,-0.06394200574378578,0.0,0.03383446777818343,0.029978086579879146,0.02369241415960599,0.04746919640799769,2021-01-19 00:00:00+00:00,2021
1251,0.023964657771344086,0.0,-0.0184716493971932,-0.01549273817016003,-0.027232526592897165,-0.01618277203974883,2021-01-20 00:00:00+00:00,2021
1252,0.03846783236581452,0.0,-0.023101284531593186,-0.01981882560222375,-0.011067307611186444,-0.03272709068631713,2021-01-21 00:00:00+00:00,2021
1253,0.005936729664705238,-1.734723475976807e-18,-0.005034829287384665,-0.003835669277551834,0.009000520547765359,-0.005943529126018221,2021-01-22 00:00:00+00:00,2021
1254,0.032690138841161925,-6.938893903907228e-18,-0.018010864158186576,-0.016808624750331666,-0.01949012021814148,-0.02262340960897604,2021-01-23 00:00:00+00:00,2021
1255,0.014042119590603575,-3.469446951953614e-18,-0.008003483858950394,-0.0072133125368222875,0.011213778329101119,-0.011977193500311753,2021-01-24 00:00:00+00:00,2021
1256,-0.020702280256212974,3.469446951953614e-18,0.009731754947658077,0.008789350586168131,-0.027736341860633004,0.009542933554145374,2021-01-25 00:00:00+00:00,2021
1257,0.00017468996193944193,-4.0657581468206416e-19,-0.00028382003204565026,-0.0003652323317980663,-0.02805586199875799,-0.0033215651554512416,2021-01-26 00:00:00+00:00,2021
1258,0.07550332193471948,-1.3877787807814457e-17,-0.04187023550425546,-0.03801673592817449,0.011678713945169797,-0.057994346597428366,2021-01-27 00:00:00+00:00,2021
1259,-0.02298339167419745,3.469446951953614e-18,0.01763883600601338,0.014616580088038155,0.009654110300163209,0.01878916235771114,2021-01-28 00:00:00+00:00,2021
1260,-0.09347432395633386,0.0,0.07734602657399756,0.06109693035802982,0.0009819679336011689,0.0682007253009725,2021-01-29 00:00:00+00:00,2021
1261,0.01299066659139127,0.0,-0.010987043452941344,-0.008025669282160782,-0.00419100933171495,-0.011829950414142547,2021-01-30 00:00:00+00:00,2021
1262,0.035485009149629244,-6.938893903907228e-18,-0.021665312397483698,-0.020610936707418037,-0.004401104481269128,-0.0257057060139029,2021-01-31 00:00:00+00:00,2021
1263,-0.010356767055315848,0.0,0.005604518775472058,0.0060404247005545995,-0.010684361232772627,0.0049720312467783825,2021-02-01 00:00:00+00:00,2021
1264,-0.029153638313978145,-3.469446951953614e-18,0.019071002985791487,0.015680856797986743,0.002615736165126177,0.006237152680800016,2021-02-02 00:00:00+00:00,2021
1265,0.04174199899037679,6.938893903907228e-18,-0.007727190745843521,-0.0056262239055357155,-0.0005088741143952497,-0.015012727545843693,2021-02-03 00:00:00+00:00,2021
1266,0.06855015876965645,0.0,-0.019689499345575304,-0.017973267597946915,-0.0035634414778629303,-0.03875796575778878,2021-02-04 00:00:00+00:00,2021
1267,-0.018152870581700252,0.0,0.009512614403652772,0.010029353922987634,0.001788837031680448,0.003805794177467098,2021-02-05 00:00:00+00:00,2021
1268,0.05831678800093822,-6.938893903907228e-18,-0.03364743718534147,-0.03175236498694993,-0.016724823370439,-0.04380731862405326,2021-02-06 00:00:00+00:00,2021
1269,0.00934695249948746,0.0,-0.006529594465490864,-0.004936892530982062,-0.011822348350196282,-0.00773169360733734,2021-02-07 00:00:00+00:00,2021
1270,0.016968090717609113,0.0,-0.009914738112791576,-0.009265249479145948,-0.0024977663129438082,-0.015125718855839089,2021-02-08 00:00:00+00:00,2021
1271,0.05695132445066403,6.938893903907228e-18,-0.03747428658844978,-0.033580228325337455,0.026908007542234685,-0.04860135751911993,2021-02-09 00:00:00+00:00,2021
1272,-0.017715976482782607,0.0,0.011887891620321627,0.01033535917245106,-0.014165674810016182,0.009708263016893435,2021-02-10 00:00:00+00:00,2021
1273,-0.008078074760926075,0.0,0.005439893657116514,0.004594691612664232,-0.029293752779315,0.004677524965515352,2021-02-11 00:00:00+00:00,2021
1274,0.001074815102112599,-2.168404344971009e-19,-0.0014632715681690287,-0.0012718739184641608,-0.03427612442652893,-0.0029201680175611373,2021-02-12 00:00:00+00:00,2021
1275,-0.05030229672407493,6.938893903907228e-18,0.034848430510604454,0.02998043853359615,-0.016724043003985035,0.029880120452459323,2021-02-13 00:00:00+00:00,2021
1276,-0.009771924446790646,-1.734723475976807e-18,0.005647570417519239,0.004598827800914928,0.028853936468850178,0.005889337271617726,2021-02-14 00:00:00+00:00,2021
1277,0.02829337823085296,3.469446951953614e-18,-0.018035162305172034,-0.016917251664116756,-0.014126065258914097,-0.019250191138277334,2021-02-15 00:00:00+00:00,2021
1278,-0.007126960081931873,-1.734723475976807e-18,0.004450066802454633,0.004021502403254232,0.001344105574896979,0.0027793930880628016,2021-02-16 00:00:00+00:00,2021
1279,-0.02823441181427393,-3.469446951953614e-18,0.01742844864868326,0.01735364044812717,0.008048031620822047,0.01736624109018766,2021-02-17 00:00:00+00:00,2021
1280,0.0420246741710565,0.0,-0.02772643202382817,-0.02310727633447094,0.0025720564747204397,-0.029685875909138383,2021-02-18 00:00:00+00:00,2021
1281,-0.02454518905052772,3.469446951953614e-18,0.01646547977810378,0.015698168369831865,0.11517529663323182,0.013547232153288888,2021-02-19 00:00:00+00:00,2021
1282,-0.05940902141424326,0.0,0.03168111534306246,0.030555955299808188,-0.016452583675444526,0.03188798500874318,2021-02-20 00:00:00+00:00,2021
1283,-0.02998191699003562,0.0,0.01899546297073792,0.015702153421777644,-0.00477332640001564,0.021304217921544893,2021-02-21 00:00:00+00:00,2021
1284,0.009394654249533629,0.0,-0.007148495438716022,-0.005622774101953892,-0.006476234923829308,-0.007911680537461255,2021-02-22 00:00:00+00:00,2021
1285,0.006813407249939747,0.0,-0.004179630131729986,-0.0033639940924457294,0.010676225340954002,-0.005202364035453402,2021-02-23 00:00:00+00:00,2021
1286,-0.0305364850239876,-3.469446951953614e-18,0.016008211746815777,0.01541560259280746,-0.006218073336683089,0.01838987042768986,2021-02-24 00:00:00+00:00,2021
1287,-0.0528179373496618,-6.938893903907228e-18,0.031171109086978805,0.028826336977669523,0.001177660200893979,0.043647381040764835,2021-02-25 00:00:00+00:00,2021
1288,-0.06393995346167149,0.0,0.05232925413623157,0.04261522112634146,-0.003071796216920636,0.04420349853055898,2021-02-26 00:00:00+00:00,2021
1289,0.007926474167750433,0.0,-0.006666250380614946,-0.0046386727387678,-0.04026581254490744,-0.0035079969384313164,2021-02-27 00:00:00+00:00,2021
1290,-0.024660867695905725,3.469446951953614e-18,0.004865087035081636,0.0036851798973562278,8.500938461946522e-05,0.005887127013577367,2021-02-28 00:00:00+00:00,2021
1291,0.07827098381639731,1.3877787807814457e-17,-0.009090349061592284,-0.004114560701777889,0.0010004514981256651,-0.018895111615209036,2021-03-01 00:00:00+00:00,2021
1292,0.06647433596427994,0.0,-0.013538346122607861,-0.007686637781436731,-0.0011330210120298612,-0.018336451441927498,2021-03-02 00:00:00+00:00,2021
1293,0.040594204808726456,0.0,-0.009275287168922279,-0.00860351016442503,-0.0010477587337868188,-0.018962233808510316,2021-03-03 00:00:00+00:00,2021
1294,-0.06528491022610905,0.0,0.023901881853781698,0.014048000433837082,0.003213690391482081,0.021749072101383896,2021-03-04 00:00:00+00:00,2021
1295,0.023668595636733854,0.0,-0.006404723829751838,-0.004018225168587696,0.005021327395455133,-0.0076858089596308285,2021-03-05 00:00:00+00:00,2021
1296,0.07162230303793242,0.0,-0.017606965454044263,-0.01646074994872168,-0.012694715720668326,-0.03518955532600521,2021-03-06 00:00:00+00:00,2021
1297,-0.018916595162767353,-3.469446951953614e-18,0.007547250861526073,0.006686177126464375,0.0035445217394041943,0.00577115900213886,2021-03-07 00:00:00+00:00,2021
1298,0.03343281782034672,6.938893903907228e-18,-0.014133282893380818,-0.013160358366048168,-0.006412456849276656,-0.021338384372198496,2021-03-08 00:00:00+00:00,2021
1299,-0.041728557059259125,-1.3877787807814457e-17,0.01956477876355519,0.019091852389880794,-0.006575729725717586,0.014439215698778311,2021-03-09 00:00:00+00:00,2021
1300,0.019088855596503827,0.0,-0.0046580447312479754,-0.004684523484076018,-0.0005409482474082947,-0.008574165895600942,2021-03-10 00:00:00+00:00,2021
1301,-0.04687903956933455,0.0,0.01802548155192657,0.01469876312749506,-0.0045019663574411145,0.023438701553311302,2021-03-11 00:00:00+00:00,2021
1302,0.043694177360245674,6.938893903907228e-18,-0.022180863692079354,-0.019731647296448194,-0.005132207073522681,-0.01884453052329793,2021-03-12 00:00:00+00:00,2021
1303,-0.029944220576623475,-3.469446951953614e-18,0.01438327523126885,0.012880796837784408,-0.006003192701431414,0.013888446478274665,2021-03-13 00:00:00+00:00,2021
1304,-0.014887195343923087,0.0,0.00844042555643614,0.007279469627294232,-0.007976084243236033,0.0081662796475099,2021-03-14 00:00:00+00:00,2021
1305,0.024907444161598128,3.469446951953614e-18,-0.012008732798743269,-0.013126728423458318,0.0031477659464676754,-0.015603402179355578,2021-03-15 00:00:00+00:00,2021
1306,-0.048289616300602155,6.938893903907228e-18,0.027989890526105475,0.02944655032152776,-0.008184523845366977,0.02968181751814146,2021-03-16 00:00:00+00:00,2021
1307,0.025001944616587474,0.0,-0.015313746061791079,-0.013969144616598053,-0.002335872199635637,-0.015682834992172736,2021-03-17 00:00:00+00:00,2021
1308,0.04821817832763749,1.3877787807814457e-17,-0.02893494335438007,-0.029763267893097682,-0.015388960997028606,-0.036041620076900364,2021-03-18 00:00:00+00:00,2021
1309,-0.01678879393471612,0.0,0.012946415167917703,0.01213988670268186,0.006083340795492293,0.009456343950290148,2021-03-19 00:00:00+00:00,2021
1310,0.027626637858573836,3.469446951953614e-18,-0.017546015385793576,-0.01685293411056436,0.004129285682889793,-0.019719551647024405,2021-03-20 00:00:00+00:00,2021
1311,0.004018306732177734,8.673617379884035e-19,-0.0023551580002567503,-0.002393496168068629,-0.014688042577774743,-0.0037138036052568294,2021-03-21 00:00:00+00:00,2021
1312,-0.024968362215793495,-3.469446951953614e-18,0.015666711088206657,0.01589635246076869,0.0001388117461211917,0.015132878418019278,2021-03-22 00:00:00+00:00,2021
1313,0.004250255799052691,8.673617379884035e-19,-0.0031024083074508908,-0.0024267966769963576,0.0002866892029285929,-0.004618875265069627,2021-03-23 00:00:00+00:00,2021
1314,0.021740131004892214,0.0,-0.013687883183765615,-0.013720086706195463,-0.0029194221985126383,-0.01611313304170635,2021-03-24 00:00:00+00:00,2021
1315,0.012900269994832049,1.734723475976807e-18,-0.006532934063645938,-0.007904286089005372,0.06468386978485272,-0.009406272865676508,2021-03-25 00:00:00+00:00,2021
1316,-0.008140446862789115,-1.734723475976807e-18,0.005833359356651375,0.005538816105245039,-0.0013443653901648277,0.005142153336779377,2021-03-26 00:00:00+00:00,2021
1317,-0.0020877423912587794,4.336808689942018e-19,0.00239782088956616,0.002329063997366874,-0.007011493671618489,-0.0007970023167849886,2021-03-27 00:00:00+00:00,2021
1318,0.005998810838321744,1.734723475976807e-18,-0.0033462623684428023,-0.00402229656935125,-0.0037680550983878744,-0.006336410671891513,2021-03-28 00:00:00+00:00,2021
1319,0.009927696350849035,1.734723475976807e-18,-0.005598572148654829,-0.00582563409900615,-0.002958753973394175,-0.007898292372861207,2021-03-29 00:00:00+00:00,2021
1320,0.018536692616915464,0.0,-0.013303312137967087,-0.013237706765251614,0.0008694941258696395,-0.01151585896329059,2021-03-30 00:00:00+00:00,2021
1321,-0.004425129505118939,0.0,0.003080194438198517,0.003012497259018615,-0.00026220949225211083,0.001409311932495944,2021-03-31 00:00:00+00:00,2021
1322,-0.01412072205784345,-1.734723475976807e-18,0.008159659122009853,0.00986565568412581,-0.004243727919165425,0.009279371044180907,2021-04-01 00:00:00+00:00,2021
1323,0.022056510954192192,0.0,-0.014069551203272326,-0.014028931679352465,-0.0036529679620519243,-0.014232108664627294,2021-04-02 00:00:00+00:00,2021
1324,0.027502397997210725,3.469446951953614e-18,-0.01766973588818399,-0.018521329398372692,-0.015287332525431964,-0.019234373660139355,2021-04-03 00:00:00+00:00,2021
1325,0.002280691657403503,4.336808689942018e-19,-0.0008958421544770522,-0.0010108328170355108,-0.0075089152073388975,-0.0026271587512595412,2021-04-04 00:00:00+00:00,2021
1326,0.02191355222403401,3.469446951953614e-18,-0.014005920996046502,-0.01522365824710446,0.03511443884068174,-0.017137365295018553,2021-04-05 00:00:00+00:00,2021
1327,-0.016169967374416314,0.0,0.010407898290122654,0.010702990547017602,-0.015528217969651915,0.00887003876667624,2021-04-06 00:00:00+00:00,2021
1328,0.025219790562234744,3.469446951953614e-18,-0.01580224671843582,-0.017002102376217562,-0.0052946448350083,-0.018468685647724015,2021-04-07 00:00:00+00:00,2021
1329,-0.0785982274647915,0.0,0.04746642070669636,0.0472909847147723,-0.005394931134628342,0.059468382131133785,2021-04-08 00:00:00+00:00,2021
1330,-0.02385352837918985,0.0,0.019293857195696634,0.016884705235222577,-0.011438789836874994,0.016834972095400212,2021-04-09 00:00:00+00:00,2021
1331,-0.04570583261624731,0.0,0.031901953275842665,0.030710421617298662,-0.013805255305094792,0.03410975332161803,2021-04-10 00:00:00+00:00,2021
1332,0.02846867297634934,3.469446951953614e-18,-0.021230877528599992,-0.019184579308418864,-0.005727092746547556,-0.019546693740102178,2021-04-11 00:00:00+00:00,2021
1333,-0.020571306498363764,-3.469446951953614e-18,0.014055085131607283,0.014439176124911919,-0.023742728275529278,0.015201581713443957,2021-04-12 00:00:00+00:00,2021
1334,-0.0016942785845862494,-2.168404344971009e-19,0.0007356129398375993,0.0011373959502944653,-0.002155887680413109,0.0009999783589631557,2021-04-13 00:00:00+00:00,2021
1335,0.01619372945843321,0.0,-0.011334945919474749,-0.012012855355174974,-0.004428517549582617,-0.012954536953586811,2021-04-14 00:00:00+00:00,2021
1336,-0.015387051334284772,-1.734723475976807e-18,0.011491188818166066,0.01091414141788375,0.008792286387672037,0.011295065342706096,2021-04-15 00:00:00+00:00,2021
1337,0.02227972222096992,0.0,-0.017683483746273054,-0.015869528208268414,0.011416169924069682,-0.016404187714192935,2021-04-16 00:00:00+00:00,2021
1338,-0.01027586604609634,0.0,0.007539543077575896,0.007320997629987145,-0.0038918005865970218,0.006691229451387677,2021-04-17 00:00:00+00:00,2021
1339,0.011861080473119562,1.734723475976807e-18,-0.006852577683919631,-0.006747740892322527,0.0005536957138001803,-0.009216070880637623,2021-04-18 00:00:00+00:00,2021
1340,-0.015205536225829461,-1.734723475976807e-18,0.011672182585689313,0.012487143914295732,-0.0016697005654020235,0.007785460924178285,2021-04-19 00:00:00+00:00,2021
1341,-0.031065623266528352,-3.469446951953614e-18,0.016051494255520268,0.016400786758065132,-0.0006437799364700826,0.015709227116533955,2021-04-20 00:00:00+00:00,2021
1342,0.012382683428851042,1.734723475976807e-18,-0.006140821437831902,-0.005396558410184087,0.002389465265864756,-0.0070897436754200705,2021-04-21 00:00:00+00:00,2021
1343,0.011992361208405158,0.0,-0.003918406238661541,-0.005021959421757363,-0.002804334463523031,-0.007473264830198405,2021-04-22 00:00:00+00:00,2021
1344,-0.017934970181397718,0.0,0.010979033434662302,0.011095637338106335,0.0004962256208123142,0.010820064447102753,2021-04-23 00:00:00+00:00,2021
1345,0.0176980420194491,0.0,-0.011055709899140176,-0.011957826094230836,0.0019588548392975927,-0.012097606420183106,2021-04-24 00:00:00+00:00,2021
1346,-0.044334722889794245,0.0,0.026108524778246014,0.0288200545084297,-0.021614048702984445,0.026006942576290593,2021-04-25 00:00:00+00:00,2021
1347,-0.0011244759415135238,-2.168404344971009e-19,0.00031612859998771754,0.00057445600994817,-0.0035658455735890554,-0.0006071657729350428,2021-04-26 00:00:00+00:00,2021
1348,-0.08048408109732348,-1.3877787807814457e-17,0.036009999943501556,0.04528009787220903,-0.0018450850129603097,0.05739162906404592,2021-04-27 00:00:00+00:00,2021
1349,0.008576904282425388,0.0,-0.006288141140017798,-0.005467814107518342,0.0021776730720008183,-0.005613297288299054,2021-04-28 00:00:00+00:00,2021
1350,0.015681559690321336,0.0,-0.008861912858410113,-0.009650342673426685,-0.007159600154597585,-0.011659822567002813,2021-04-29 00:00:00+00:00,2021
1351,-0.04981743295987447,0.0,0.03615147654511276,0.034306174826301515,-0.00854797154338343,0.04146840087509019,2021-04-30 00:00:00+00:00,2021
1352,0.01778055110363045,0.0,-0.014713089595028565,-0.012980029642400217,0.009724118318547772,-0.012792771284187474,2021-05-01 00:00:00+00:00,2021
1353,-0.005260834741832024,0.0,0.003790550167236004,0.0035853542613311063,0.0018536090947553138,0.0032296007589244207,2021-05-02 00:00:00+00:00,2021
1354,0.006878498211577909,0.0,-0.0048965154747774835,-0.004869043419055232,-0.0033294902339541963,-0.005398421168625305,2021-05-03 00:00:00+00:00,2021
1355,0.015143119210573897,0.0,-0.009626950998993885,-0.010438011339051242,0.0024417989283240776,-0.010776665980950128,2021-05-04 00:00:00+00:00,2021
1356,0.008687972123898453,0.0,-0.0054976529874226085,-0.0054712955384652925,-0.004519179895996039,-0.008670002746231172,2021-05-05 00:00:00+00:00,2021
1357,0.019362709630074814,-3.469446951953614e-18,-0.012143224552191953,-0.012672418542430683,-0.004266876086890319,-0.014073093971184458,2021-05-06 00:00:00+00:00,2021
1358,-0.013146365707244105,-1.734723475976807e-18,0.00935984995836396,0.009037021155255174,0.00022580686356438,0.009785947718228093,2021-05-07 00:00:00+00:00,2021
1359,0.003189435556306312,0.0,-0.0023555049330183176,-0.0022066278137586955,0.01056116014520471,-0.003120719741228311,2021-05-08 00:00:00+00:00,2021
1360,0.0015714219467124746,0.0,-0.001007314334771254,-0.000982321989661508,0.0002456679123756819,-0.0017961705964293746,2021-05-09 00:00:00+00:00,2021
1361,-0.019513081665614142,0.0,0.01183137672833989,0.013623070079996295,-0.0013519047580490967,0.015012709060008584,2021-05-10 00:00:00+00:00,2021
1362,0.004425240221934103,0.0,-0.003518832647874828,-0.003182327114567565,0.001126597777796657,-0.00416811077504193,2021-05-11 00:00:00+00:00,2021
1363,0.016119976439068665,0.0,-0.011409213107993166,-0.01149895939534922,-0.005838373685830418,-0.011796264911166747,2021-05-12 00:00:00+00:00,2021
1364,-0.026437179527091022,0.0,0.014797922960470746,0.017369704169955476,-0.006059583614949175,0.019239749209123285,2021-05-13 00:00:00+00:00,2021
1365,-0.002792890646948886,-4.336808689942018e-19,0.002325983022071517,0.002173584500202024,0.007735870264254397,0.001788561366638644,2021-05-14 00:00:00+00:00,2021
1366,0.007039975281336799,0.0,-0.004670273190896177,-0.005149423301109696,-0.0027513630351680826,-0.005330688034882413,2021-05-15 00:00:00+00:00,2021
1367,0.009327187310511144,0.0,-0.005214316921343369,-0.005978816400321578,-0.00020516456922895117,-0.007471982862289222,2021-05-16 00:00:00+00:00,2021
1368,0.0300129562167067,3.469446951953614e-18,-0.019770981277452464,-0.021523732742606667,-0.004135805743611255,-0.022634709085268427,2021-05-17 00:00:00+00:00,2021
1369,-0.009573558467117386,0.0,0.0064164732277472835,0.006571454973161266,-0.0058684362958831525,0.004735478927651651,2021-05-18 00:00:00+00:00,2021
1370,0.005495128919131792,0.0,-0.004059931440180659,-0.00405818205484046,-0.0057297631122206465,-0.005180009494737712,2021-05-19 00:00:00+00:00,2021
1371,-0.029420758611592816,0.0,0.019761898689865567,0.020687603442180038,-0.003531092854818653,0.020996626981891656,2021-05-20 00:00:00+00:00,2021
1372,0.0020712272605704304,-4.336808689942018e-19,-0.0016465201707370255,-0.0015834192935329104,-0.0012388235766600873,-0.002878834186949965,2021-05-21 00:00:00+00:00,2021
1373,0.02097511171695575,6.938893903907228e-18,-0.013399537204968736,-0.013832372393634594,-0.02311598750503148,-0.016316552761205395,2021-05-22 00:00:00+00:00,2021
1374,-0.003426654254970838,0.0,0.0030737418530745516,0.002802072366124008,0.0031947539697525563,0.002516066365039053,2021-05-23 00:00:00+00:00,2021
1375,0.0016816066737151026,2.168404344971009e-19,-0.00038980291403607433,-0.0007963973014492476,0.0030494081689901717,-0.001348344211146384,2021-05-24 00:00:00+00:00,2021
1376,-0.08845949382638213,-1.3877787807814457e-17,0.05319918585496185,0.05597560985041849,0.0003014061000579521,0.06590094121250681,2021-05-25 00:00:00+00:00,2021
1377,0.033912288483662824,6.938893903907228e-18,-0.026319406047778014,-0.021895070796521674,0.01801011970990562,-0.024569426687136152,2021-05-26 00:00:00+00:00,2021
1378,-0.059350175174636456,-6.938893903907228e-18,0.041613970073527295,0.04181255276419028,0.001806807383214891,0.04425512906759396,2021-05-27 00:00:00+00:00,2021
1379,0.011262868816529088,-1.734723475976807e-18,-0.008209110961717999,-0.007994088701286263,-0.0024406434137817165,-0.00781731466858724,2021-05-28 00:00:00+00:00,2021
1380,-0.011878237352898372,-1.734723475976807e-18,0.007303785433314372,0.007736984431344809,0.03933438976731395,0.007799671117239868,2021-05-29 00:00:00+00:00,2021
1381,-0.12269067344953068,1.3877787807814457e-17,0.07672489492580754,0.08147396803549588,-0.005856076856189538,0.08153489642878461,2021-05-30 00:00:00+00:00,2021
1382,-0.00045232377459655457,-4.336808689942018e-19,0.0009952392057366649,0.000866825693317352,-0.003706300218062548,-0.001099811582239064,2021-05-31 00:00:00+00:00,2021
1383,0.013016080436994083,0.0,-0.008436765078708303,-0.00811027595730332,0.005334853348507463,-0.010467557665177415,2021-06-01 00:00:00+00:00,2021
1384,0.007378824092634958,0.0,-0.0031864774159184343,-0.0032804008637879727,-0.0029801718914601316,-0.004913283663067539,2021-06-02 00:00:00+00:00,2021
1385,-0.031637878274198755,0.0,0.016564985922606367,0.018471376974536498,-0.005397968004297926,0.021778904314904993,2021-06-03 00:00:00+00:00,2021
1386,0.013794172648808466,0.0,-0.009189055287867984,-0.008263154704387418,-0.0003126469321057465,-0.003217518831935452,2021-06-04 00:00:00+00:00,2021
1387,0.01764777707095122,0.0,-0.004198893506410279,-0.0046413042074090125,0.0015907238588578239,-0.008827426610600734,2021-06-05 00:00:00+00:00,2021
1388,0.012701780053239372,0.0,-0.004303086958892378,-0.004740630740636971,0.0022387107191645973,-0.007569014387890536,2021-06-06 00:00:00+00:00,2021
1389,-0.017422719217425015,-3.469446951953614e-18,0.009148197818813302,0.009511898230737465,-0.007187515660557236,0.00946427474514706,2021-06-07 00:00:00+00:00,2021
1390,0.014300985551958707,0.0,-0.007646206765048775,-0.009207905299515087,-0.0016266183552524956,-0.009420835749786886,2021-06-08 00:00:00+00:00,2021
1391,0.03297499705798662,0.0,-0.01721217182355607,-0.018548650314951502,-0.0035052942309411125,-0.021135359363805332,2021-06-09 00:00:00+00:00,2021
1392,0.05014824507823541,6.938893903907228e-18,-0.030276177693578578,-0.029783846136693937,0.0016049905820527816,-0.034979356623268135,2021-06-10 00:00:00+00:00,2021
1393,-0.010515843803559117,0.0,0.0073069250950068675,0.006866485066895371,-0.003223837958621285,0.005372164676707324,2021-06-11 00:00:00+00:00,2021
1394,0.03891455258556347,6.938893903907228e-18,-0.023578553962636573,-0.023993179704611574,-0.009836668567851023,-0.02570347311046372,2021-06-12 00:00:00+00:00,2021
1395,0.005087422965159967,8.673617379884035e-19,-0.0030476720260901144,-0.002969492283591172,-0.02655830872822624,-0.005635407976887052,2021-06-13 00:00:00+00:00,2021
1396,0.01607755560371744,0.0,-0.010811705650000492,-0.011116876606331228,0.00609753483537312,-0.013066255112034169,2021-06-14 00:00:00+00:00,2021
1397,-0.02648922127095898,3.469446951953614e-18,0.020406899735260397,0.02015433911060258,-0.006691904537465886,0.017729360851005092,2021-06-15 00:00:00+00:00,2021
1398,0.016579508481912277,0.0,-0.010708434767491858,-0.010964070905039511,0.012306926391452068,-0.012170958639266255,2021-06-16 00:00:00+00:00,2021
1399,-0.052802330584981336,-6.938893903907228e-18,0.03494817518586678,0.03658634282655014,-0.0016780512840390005,0.03878725571713404,2021-06-17 00:00:00+00:00,2021
1400,0.01171089536580608,1.734723475976807e-18,-0.00885760019177889,-0.007997342910013304,0.0059774798257675645,-0.008294819449037807,2021-06-18 00:00:00+00:00,2021
1401,0.044577026786516656,6.938893903907228e-18,-0.02729584087967881,-0.028334078302255112,-0.010781644570107031,-0.03462063573866553,2021-06-19 00:00:00+00:00,2021
1402,0.017042183396804272,0.0,-0.012775707488954057,-0.011666125550609899,0.00038515420592516794,-0.012479879174612771,2021-06-20 00:00:00+00:00,2021
1403,0.0034411016421102398,-4.336808689942018e-19,-0.002692552294165676,-0.0025269610719627833,0.018253222790661737,-0.0036982016559802683,2021-06-21 00:00:00+00:00,2021
1404,0.031443897503704285,0.0,-0.020947736365961818,-0.022129817295758858,-0.012269369796342168,-0.026729598691596093,2021-06-22 00:00:00+00:00,2021
1405,-0.001623882720218831,2.168404344971009e-19,0.0015915470245011461,0.0015671851011882622,-0.0026755228267072535,0.00026628905187891334,2021-06-23 00:00:00+00:00,2021
1406,-0.02840841205874879,-3.469446951953614e-18,0.020035101335093383,0.0202396883098109,-0.008514223543299115,0.022064116040733692,2021-06-24 00:00:00+00:00,2021
1407,-0.026003337984708087,0.0,0.020945780693542904,0.01863158953837991,0.00022568768076745502,0.018468279699906543,2021-06-25 00:00:00+00:00,2021
1408,0.009699167917721236,0.0,-0.006700566931225043,-0.0065350457702243285,-0.0009570603882507415,-0.007383096673233239,2021-06-26 00:00:00+00:00,2021
1409,0.0037560792424570976,0.0,-0.0022754041708458435,-0.0027794528299854675,-0.0020984607990187955,-0.0037828944192018097,2021-06-27 00:00:00+00:00,2021
1410,-0.0013253227550180714,0.0,0.00038668263939199937,0.0005801251123572296,0.0021656724105253936,-0.00012200208751253537,2021-06-28 00:00:00+00:00,2021
1411,-0.0018456266753038568,-2.168404344971009e-19,0.002812899741591002,0.0021146517347159373,-0.014499918226723998,0.0005326289447287668,2021-06-29 00:00:00+00:00,2021
1412,0.010514341107564955,1.734723475976807e-18,-0.005470669902482411,-0.006046927289671092,-0.0043017955570968745,-0.008524866545263103,2021-06-30 00:00:00+00:00,2021
1413,-0.0015692728847714525,2.168404344971009e-19,0.0009483899662007137,0.000991707501994362,-0.0043856401345736705,0.0003507085826555177,2021-07-01 00:00:00+00:00,2021
1414,0.06295684923478706,0.0,-0.04202156619916311,-0.045013190503604764,0.004906346853617599,-0.04730051907513868,2021-07-02 00:00:00+00:00,2021
1415,-0.024683392227594577,0.0,0.017074932732900373,0.016186971781108957,0.004004320538997352,0.016742814174506293,2021-07-03 00:00:00+00:00,2021
1416,0.007965542862762758,0.0,-0.005294649498275776,-0.0049212446970065896,0.004730629470240022,-0.0060487085309399065,2021-07-04 00:00:00+00:00,2021
1417,-0.017284006030116247,0.0,0.010411528808836666,0.011442291712447204,-0.0058929328482404605,0.010014545329460067,2021-07-05 00:00:00+00:00,2021
1418,0.010255706370176382,0.0,-0.006860212508075778,-0.006584570700873697,-0.004233824155406907,-0.007839688108962389,2021-07-06 00:00:00+00:00,2021
1419,-0.023872595336569016,3.469446951953614e-18,0.016568002464513856,0.016393911462930698,0.0005036498518206818,0.018173736808227498,2021-07-07 00:00:00+00:00,2021
1420,0.0016815284987789902,-4.336808689942018e-19,-0.0008383110469667783,-0.0008529653445269498,0.005112165605409188,-0.001494309275085913,2021-07-08 00:00:00+00:00,2021
1421,0.006997051250994505,8.673617379884035e-19,-0.005024734486191621,-0.0051997255021540385,0.014255991402176349,-0.005927001953490357,2021-07-09 00:00:00+00:00,2021
1422,0.005405418237849097,-8.673617379884035e-19,-0.003377962328123241,-0.0037993725785374095,-0.004274135895972158,-0.004938227934296645,2021-07-10 00:00:00+00:00,2021
1423,-0.007315903752293419,0.0,0.0052300409376508684,0.0051227662002518584,-0.009029646553359834,0.004787891776523003,2021-07-11 00:00:00+00:00,2021
1424,0.016791990953474188,3.469446951953614e-18,-0.011859025295066696,-0.012057156022556659,-0.0027153839023175835,-0.01315127742751145,2021-07-12 00:00:00+00:00,2021
1425,-0.0446782303814912,0.0,0.031235069441868386,0.03125650084186191,0.0012098087269288293,0.03381823891893149,2021-07-13 00:00:00+00:00,2021
1426,0.004314903338350842,0.0,-0.003155791140602697,-0.0029246996889665472,-0.00294759854486643,-0.004569234326167531,2021-07-14 00:00:00+00:00,2021
1427,0.010179820372231642,0.0,-0.006530890686357061,-0.0071219489014209035,-0.0007744794276493827,-0.008012354002033515,2021-07-15 00:00:00+00:00,2021
1428,0.010143720624434888,0.0,-0.006643141706850612,-0.007192723420770806,0.007968481058934336,-0.009142800700593087,2021-07-16 00:00:00+00:00,2021
1429,0.008350742821717383,0.0,-0.004824906340517432,-0.004955395339354866,-0.00307704739671435,-0.005503901051120123,2021-07-17 00:00:00+00:00,2021
1430,0.012203313597482652,0.0,-0.008285744420030626,-0.008267317923319837,0.01223830745431616,-0.009746344363139089,2021-07-18 00:00:00+00:00,2021
1431,-0.019429113996687845,-3.469446951953614e-18,0.012138413979448875,0.01251464650628981,-0.003308343754072681,0.016565488454021175,2021-07-19 00:00:00+00:00,2021
1432,-0.005586048765997192,-8.673617379884035e-19,0.00531229563678432,0.004648591280712346,-0.013395880293905604,0.004292794884531922,2021-07-20 00:00:00+00:00,2021
1433,0.0066656784795636505,0.0,-0.003890371655449626,-0.004148420269220693,-0.005173081341016145,-0.004106215586917184,2021-07-21 00:00:00+00:00,2021
1434,-0.015796138713108237,3.469446951953614e-18,0.006794270867836001,0.006790885548612034,-0.0025641500342461834,0.007277241469483567,2021-07-22 00:00:00+00:00,2021
1435,-0.005656113576649422,0.0,0.0032582582484241337,0.0032194593360791186,0.00456607888681951,0.0016104898093036247,2021-07-23 00:00:00+00:00,2021
1436,-0.004767457144943314,0.0,0.003401154746006497,0.0027649131609971496,0.0017668795663213729,0.0004723317362392036,2021-07-24 00:00:00+00:00,2021
1437,0.0012969524417091255,4.336808689942018e-19,0.00011401050850869511,-0.0005368649467015889,0.004941479758201376,-0.0009569607679168211,2021-07-25 00:00:00+00:00,2021
1438,0.007462817819873293,0.0,-0.002638710853111269,-0.0037099325543786038,0.0045579114806736185,-0.005331371354416472,2021-07-26 00:00:00+00:00,2021
1439,0.0017419529320606634,1.0842021724855044e-18,-0.002746076621182145,-0.002050927053042235,0.012302654235530258,-0.003150954799981001,2021-07-27 00:00:00+00:00,2021
1440,0.011026101495752382,0.0,-0.004842660488462922,-0.006081478422043201,-0.008831267790424806,-0.005330825172717709,2021-07-28 00:00:00+00:00,2021
1441,-0.0016851323333816912,-4.336808689942018e-19,0.00039882050995597397,0.0007844125723422079,-0.00050248226652966,-7.581014007004556e-05,2021-07-29 00:00:00+00:00,2021
1442,-0.0001830845022920388,1.8973538018496328e-19,-0.0011779770729080092,-0.0004919355961681492,-0.0015411135131802615,-0.0018144768509566578,2021-07-30 00:00:00+00:00,2021
1443,0.0018718371439219719,6.505213034913027e-19,-0.000937286982362867,-0.001144557612381146,-0.002827573202827066,-0.0023560838769897457,2021-07-31 00:00:00+00:00,2021
1444,0.0048026047160278015,0.0,-0.0023278342062017926,-0.002814807752285768,0.00014265337130119592,-0.003501731596711715,2021-08-01 00:00:00+00:00,2021
1445,0.01049901043350373,0.0,-0.0074515000723559465,-0.007608548461499239,-0.006096788271189015,-0.010407024029177179,2021-08-02 00:00:00+00:00,2021
1446,0.009197672707351608,0.0,-0.004414419190714362,-0.0055643753889457635,0.0063172054025562325,-0.006294156487886564,2021-08-03 00:00:00+00:00,2021
1447,-0.04767802971691342,-6.938893903907228e-18,0.02188414601761778,0.02727597956058125,0.002642602742584349,0.031888876088673634,2021-08-04 00:00:00+00:00,2021
1448,-0.05044553357752124,0.0,0.03134294191488546,0.029335873712440952,-0.013378826435243046,0.035907598306501594,2021-08-05 00:00:00+00:00,2021
1449,-0.06748489698572974,0.0,0.047660983081963586,0.045446422826348296,0.002662561111015746,0.039365686042795014,2021-08-06 00:00:00+00:00,2021
1450,0.013288980452858623,0.0,-0.008743298130845992,-0.005793028964364834,-0.007732245418711615,-0.007096394174508555,2021-08-07 00:00:00+00:00,2021
1451,0.013783228157752722,0.0,-0.005885266178398931,-0.005896717334718329,-0.0042985403253108945,-0.00801763466427832,2021-08-08 00:00:00+00:00,2021
1452,0.004736920097964493,0.0,-0.0010509907159357043,-0.002147510852671596,-0.00040279711358240725,-0.002853728049682595,2021-08-09 00:00:00+00:00,2021
1453,-0.012654946078008144,0.0,0.004798643132472738,0.007134203785486178,-0.0010787904939356541,0.006750753244935045,2021-08-10 00:00:00+00:00,2021
1454,-0.010267331672074208,1.734723475976807e-18,0.006205430146975949,0.006509754933912764,0.008739556284576924,0.007007379616172002,2021-08-11 00:00:00+00:00,2021
1455,0.02540443830154649,-3.469446951953614e-18,-0.017529780045221117,-0.016068022914058948,0.006158186802054953,-0.017684539743338945,2021-08-12 00:00:00+00:00,2021
1456,-0.01489756125301572,0.0,0.011233326767148085,0.010174751471660227,-0.035489559729509956,0.0080104072507294,2021-08-13 00:00:00+00:00,2021
1457,-0.001998708475774257,-8.673617379884035e-19,0.0024025826315897513,0.0019838643310414105,0.0011413713186485415,0.0018399165448252633,2021-08-14 00:00:00+00:00,2021
1458,-0.005134349492327053,0.0,0.0031561549556170894,0.003400811754183354,-0.0030001226737139336,0.0027883886097423995,2021-08-15 00:00:00+00:00,2021
1459,0.005195802180611308,0.0,-0.003529148550972462,-0.0036589494424130982,-0.008574757940459431,-0.004414973187090687,2021-08-16 00:00:00+00:00,2021
1460,0.0013276290653938024,-2.168404344971009e-19,-0.0006625987341722367,-0.000767351542845555,-0.0037793094548513838,-0.0018647282137793436,2021-08-17 00:00:00+00:00,2021
1461,0.03537828269316323,6.938893903907228e-18,-0.022390322697763386,-0.023622640450219334,0.025458584720988914,-0.024437896873391984,2021-08-18 00:00:00+00:00,2021
1462,-0.015049257170614885,0.0,0.009876346678627381,0.009752847745419615,-0.002607060213309394,0.00800143936021451,2021-08-19 00:00:00+00:00,2021
1463,-0.027717594225802014,-6.938893903907228e-18,0.015124288141445747,0.01691684164119252,-0.011261395920483898,0.018566139329355462,2021-08-20 00:00:00+00:00,2021
1464,-0.015262515700642187,0.0,0.010426402552019895,0.010670070113282509,-0.001848812961467411,0.006424944723131177,2021-08-21 00:00:00+00:00,2021
1465,0.01819368013784514,3.469446951953614e-18,-0.006435811071947564,-0.008245678504080041,-0.007228829884501376,-0.014012836963218176,2021-08-22 00:00:00+00:00,2021
1466,-0.0008142716321513881,-1.0842021724855044e-19,0.0009761469641606887,0.00105612755079682,0.016202170973488635,-0.0001345494919299385,2021-08-23 00:00:00+00:00,2021
1467,0.003265168499107936,0.0,-0.0006687905479216081,-0.0007600550461132035,0.0029039541708901955,-0.0026552150005279395,2021-08-24 00:00:00+00:00,2021
1468,0.025653491966688452,0.0,-0.017386709934424722,-0.017945753719672053,-0.0055670514427896,-0.020497325233612584,2021-08-25 00:00:00+00:00,2021
1469,0.003008653171098412,-4.336808689942018e-19,-0.0012444262298603721,-0.0015473977817741327,-0.006173443035668495,-0.0026739750875806535,2021-08-26 00:00:00+00:00,2021
1470,0.018230723675770975,0.0,-0.012815976973003056,-0.012774980318164684,0.0006992295890641473,-0.014584216662673325,2021-08-27 00:00:00+00:00,2021
1471,-0.0032444383630800488,0.0,0.002462492063442936,0.0024829823574869713,0.007253116212246431,0.0011526848545641635,2021-08-28 00:00:00+00:00,2021
1472,-0.0007227057188599553,1.0842021724855044e-19,0.0013979630500209103,0.0008730517103950838,-0.010349382113944254,0.00020922033491425917,2021-08-29 00:00:00+00:00,2021
1473,-0.029660485198150326,-3.469446951953614e-18,0.018985445187560537,0.02132208217110069,0.008570497216064291,0.022338601299161633,2021-08-30 00:00:00+00:00,2021
1474,-0.03594598967825348,0.0,0.027030273611590494,0.026047209950993466,-0.0044017750444405035,0.02846534066468699,2021-08-31 00:00:00+00:00,2021
1475,0.0112447247433303,1.734723475976807e-18,-0.008677825938664348,-0.008109521841324848,-0.002335310198332054,-0.008044509466279631,2021-09-01 00:00:00+00:00,2021
1476,0.025076302751224844,3.469446951953614e-18,-0.018020613303272703,-0.01776403004286367,-0.002515569107836794,-0.018081465865904756,2021-09-02 00:00:00+00:00,2021
1477,0.01546664064253994,0.0,-0.009348262488391738,-0.010033797930539205,-0.006753445843453897,-0.010649195726926259,2021-09-03 00:00:00+00:00,2021
1478,0.027288718139705945,6.938893903907228e-18,-0.016853876559752633,-0.01721532002578781,-0.006213640492809567,-0.0211891868922884,2021-09-04 00:00:00+00:00,2021
1479,0.003963716365584177,0.0,-0.001484510415014433,-0.0022275481924270797,-0.02397158860250644,-0.0029689039568390266,2021-09-05 00:00:00+00:00,2021
1480,-0.030199183591047125,0.0,0.022280917220202045,0.022439906708640968,0.0006230919167361862,0.02419632319342728,2021-09-06 00:00:00+00:00,2021
1481,0.016657786453189563,0.0,-0.012535445524273285,-0.012280565844137368,0.004199816957555329,-0.012982410888444321,2021-09-07 00:00:00+00:00,2021
1482,0.019226307245954196,3.469446951953614e-18,-0.015060444343958968,-0.0140176587004851,-0.0006457063542515337,-0.014926299622985983,2021-09-08 00:00:00+00:00,2021
1483,0.00043561680233059215,6.505213034913027e-19,-0.00019984540470596344,-0.00027881182054678407,0.002459207632156877,-0.0008845412066533754,2021-09-09 00:00:00+00:00,2021
1484,-0.022948582268240463,-3.469446951953614e-18,0.01642691247262351,0.016564181121604585,0.01772277991027147,0.016457128001292683,2021-09-10 00:00:00+00:00,2021
1485,0.015223013995280817,0.0,-0.01133382966845595,-0.010945939806622961,-0.0044669048062605,-0.012407405914659924,2021-09-11 00:00:00+00:00,2021
1486,0.0005172935128211976,5.421010862427522e-19,4.608031472377709e-05,8.719280359545715e-05,0.004658848768950709,-0.0004347419533199408,2021-09-12 00:00:00+00:00,2021
1487,-0.013125087022781373,-1.734723475976807e-18,0.009408113556659593,0.009726741050280832,0.05959451457025631,0.01035433994780324,2021-09-13 00:00:00+00:00,2021
1488,0.008103403449058532,0.0,-0.006394278009328135,-0.005941037103148432,0.010694504805491948,-0.005307906937464144,2021-09-14 00:00:00+00:00,2021
1489,-0.002460973858833313,8.673617379884035e-19,0.0003411788251128896,0.0011518926983698668,0.0048507824028161065,0.00042421469977224017,2021-09-15 00:00:00+00:00,2021
1490,0.0021474021673202515,-4.336808689942018e-19,-0.002111296290825384,-0.0018851916297080982,0.011985075586409736,-0.0027014777336633326,2021-09-16 00:00:00+00:00,2021
1491,0.021291325092315672,3.469446951953614e-18,-0.009411795686297552,-0.011621554350520868,0.004033355527275469,-0.011133101840633146,2021-09-17 00:00:00+00:00,2021
1492,0.006955069601535797,8.673617379884035e-19,-0.001857546775027503,-0.0029577595850234905,-0.0018122467915705123,-0.005426585054111931,2021-09-18 00:00:00+00:00,2021
1493,0.00350153923034668,0.0,-0.0019618708267658334,-0.002404858078784543,-0.006349564876327126,-0.0027211253924287675,2021-09-19 00:00:00+00:00,2021
1494,0.03772355079650879,-6.938893903907228e-18,-0.0189902330161107,-0.02086539998318293,0.029421596242713725,-0.027171001682558708,2021-09-20 00:00:00+00:00,2021
1495,-0.02961723506450653,0.0,0.019374226640949888,0.01870859738520144,0.0010429422707438178,0.017356690169322928,2021-09-21 00:00:00+00:00,2021
1496,-0.013758584558963775,0.0,0.009624414859045962,0.009418087045914873,0.007007050049800453,0.011118795532828688,2021-09-22 00:00:00+00:00,2021
1497,-0.0020233091711997987,-4.336808689942018e-19,0.001819027765498048,0.001724261287821389,0.025368748378136352,0.0011821971129047618,2021-09-23 00:00:00+00:00,2021
1498,-0.012044634222984314,0.0,0.008394453117767327,0.007820452532745877,0.0030311051211523755,0.006422096401777913,2021-09-24 00:00:00+00:00,2021
1499,0.019724048674106598,0.0,-0.012410420369632021,-0.012878011964680372,-0.0022111023496540413,-0.013678870379226207,2021-09-25 00:00:00+00:00,2021
1500,-0.0022982433438301086,4.336808689942018e-19,0.0018357831368777185,0.0016722756889045228,0.0031591401769479124,0.0011573789269426359,2021-09-26 00:00:00+00:00,2021
1501,-0.0008074659109115601,3.2526065174565133e-19,0.0010656304636896825,0.0008240505211161687,0.003339836897156814,-0.0011222111473337911,2021-09-27 00:00:00+00:00,2021
1502,-0.03778465181589127,0.0,0.020037431387569058,0.024303667427396484,-0.0007647187946729084,0.028933779208956966,2021-09-28 00:00:00+00:00,2021
1503,-0.003123815655708313,-4.336808689942018e-19,0.003234172658855875,0.0028196133889647475,0.01065383385901118,0.0019203314734065136,2021-09-29 00:00:00+00:00,2021
1504,-0.009186199903488158,0.0,0.004592512643842684,0.005385390181488838,-0.02131529271652925,0.005202847344862019,2021-09-30 00:00:00+00:00,2021
1505,-0.008048717677593232,0.0,0.004605285044810018,0.004923604839676328,0.0037021351633759487,0.0044245152366363906,2021-10-01 00:00:00+00:00,2021
1506,0.013592130839824676,0.0,-0.0071265542048692225,-0.008767578076589542,-0.003657828290675064,-0.009811169117417622,2021-10-02 00:00:00+00:00,2021
1507,0.009061461091041565,1.734723475976807e-18,-0.00556195512481809,-0.0055330590714743385,-0.006961593856142619,-0.0070226440888499905,2021-10-03 00:00:00+00:00,2021
1508,0.019404625296592714,0.0,-0.013166839086955274,-0.014368395922891358,0.014080860653259083,-0.016407448421834614,2021-10-04 00:00:00+00:00,2021
1509,0.021690295040607453,0.0,-0.011521538232801892,-0.01229716435572717,-0.011484350502426861,-0.01478226112638502,2021-10-05 00:00:00+00:00,2021
1510,-0.018762857615947724,0.0,0.012540154707155363,0.011695925161913277,0.0055938754974331,0.013310139658404808,2021-10-06 00:00:00+00:00,2021
1511,-0.015176034569740295,-1.734723475976807e-18,0.011456535148508164,0.011184529587243593,0.0059802837648446,0.01056855644218144,2021-10-07 00:00:00+00:00,2021
1512,-0.008054630756378174,1.734723475976807e-18,0.006275677159603363,0.00591384985997846,0.021650273296013878,0.00518850097931071,2021-10-08 00:00:00+00:00,2021
1513,0.030575146079063416,-3.469446951953614e-18,-0.02046518598202511,-0.02127002589356394,0.008258373633568145,-0.02229397089368091,2021-10-09 00:00:00+00:00,2021
1514,0.023046370446681976,0.0,-0.015292013827485297,-0.01608405718772993,0.001975139577603237,-0.017254129018341197,2021-10-10 00:00:00+00:00,2021
1515,0.011679736375808715,0.0,-0.008935779151512703,-0.008678552811976787,-0.008034893142226319,-0.008708693950207383,2021-10-11 00:00:00+00:00,2021
1516,0.04550004094839096,6.938893903907228e-18,-0.03046186380150715,-0.03185639542388371,0.0034838741232780038,-0.03114622884368575,2021-10-12 00:00:00+00:00,2021
1517,0.021094404458999634,0.0,-0.012060922189148034,-0.0128232956599492,-0.007107971348656091,-0.013345291009029803,2021-10-13 00:00:00+00:00,2021
1518,0.01321077287197113,1.734723475976807e-18,-0.007788352506546788,-0.007721485207510109,0.0011930029384318794,-0.010491884034526248,2021-10-14 00:00:00+00:00,2021
1519,0.002595476508140564,0.0,-0.0008274246922823337,-0.001358533994993276,0.004568571516498081,-0.0017387804991617524,2021-10-15 00:00:00+00:00,2021
1520,-0.008688525855541229,-1.734723475976807e-18,0.007048226186314843,0.006400264088158034,-0.007756758225836035,0.0038703470099496085,2021-10-16 00:00:00+00:00,2021
1521,0.026681283712387083,3.469446951953614e-18,-0.014768683297462561,-0.015724205117594085,-0.007040167247204087,-0.01896938171158682,2021-10-17 00:00:00+00:00,2021
1522,0.020354576706886292,0.0,-0.011991586571328396,-0.013793549060757948,-0.000267188316968453,-0.01529608924239518,2021-10-18 00:00:00+00:00,2021
1523,0.010756876766681672,0.0,-0.0058824529115143066,-0.006371769652966152,0.009387955650732246,-0.006720540259682751,2021-10-19 00:00:00+00:00,2021
1524,-0.010400045216083526,0.0,0.004972777322017135,0.004862153927588686,-0.003493750450021125,0.005973663932795605,2021-10-20 00:00:00+00:00,2021
1525,0.03372200340032577,6.938893903907228e-18,-0.022878682976221656,-0.02038672778980087,-0.0058381016983371815,-0.025401825972171735,2021-10-21 00:00:00+00:00,2021
1526,-0.006709648966789245,8.673617379884035e-19,0.005081389487358376,0.004693480301869046,-0.005091902525357434,0.002571551759644973,2021-10-22 00:00:00+00:00,2021
1527,0.012866193652153015,1.734723475976807e-18,-0.006774502959575329,-0.006061339584024303,-0.006700595900423979,-0.010964008485175638,2021-10-23 00:00:00+00:00,2021
1528,0.023849133849143982,3.469446951953614e-18,-0.01390505244744188,-0.013228452412034429,-0.005523522182667048,-0.016438177158474544,2021-10-24 00:00:00+00:00,2021
1529,0.017321245968341826,3.469446951953614e-18,-0.009673474541923575,-0.010023314315437631,-0.008049220556243662,-0.012571995551584458,2021-10-25 00:00:00+00:00,2021
1530,0.02948198765516281,3.469446951953614e-18,-0.014289589330401947,-0.014015393912384237,-0.00303142476455533,-0.01783560195847423,2021-10-26 00:00:00+00:00,2021
1531,-0.014758217930793762,0.0,0.008889378002906685,0.007925305727995859,-0.010620965717699906,0.008298338133956112,2021-10-27 00:00:00+00:00,2021
1532,0.029677242040634155,0.0,-0.016474493554501514,-0.015997711074531046,-0.008647249601668426,-0.020278961989166854,2021-10-28 00:00:00+00:00,2021
1533,-0.008013336956501006,-1.734723475976807e-18,0.0035336193396033264,0.004044652209792086,-0.04925282297061861,0.004879211066387672,2021-10-29 00:00:00+00:00,2021
1534,0.04559412913106794,6.938893903907228e-18,-0.03477539607617881,-0.030756613903325934,-0.017050909460848307,-0.03131882250991821,2021-10-30 00:00:00+00:00,2021
1535,0.009641850590705872,-1.734723475976807e-18,-0.0043939570811413736,-0.004374539045531284,-0.002875561896070189,-0.009968387575738301,2021-10-31 00:00:00+00:00,2021
1536,0.018680435121059418,-3.469446951953614e-18,-0.011838126124903418,-0.01157331321817585,-0.007057193603452451,-0.01567628783894922,2021-11-01 00:00:00+00:00,2021
1537,-0.04408970981836319,-6.938893903907228e-18,0.03319094952485968,0.03234982541838036,-0.004849006244302359,0.02937412592333809,2021-11-02 00:00:00+00:00,2021
1538,-0.011911153495311737,0.0,0.008313951593193212,0.007853844405318854,0.00318533946370002,0.0076148929929452745,2021-11-03 00:00:00+00:00,2021
1539,0.051333490610122684,0.0,-0.03702111032902776,-0.033924746651944254,-0.002988345240813761,-0.03339440150368907,2021-11-04 00:00:00+00:00,2021
1540,-0.035876706540584564,-6.938893903907228e-18,0.02117403627377977,0.020647084314847443,-0.013387806637050734,0.022939288617839705,2021-11-05 00:00:00+00:00,2021
1541,0.0027969026565551757,0.0,-0.0014775373280118932,-0.0015298105493130637,0.007265704825323812,-0.0021516220366014755,2021-11-06 00:00:00+00:00,2021
1542,-0.013385954797267913,0.0,0.010021247675031205,0.009319335513198305,-0.0018540031376496763,0.009221910665210895,2021-11-07 00:00:00+00:00,2021
1543,0.02253506362438202,0.0,-0.01491116782182715,-0.01417916233564577,0.005763104188988812,-0.01660857425816782,2021-11-08 00:00:00+00:00,2021
1544,0.00030608722312965584,-2.168404344971009e-19,-0.0007611121655179359,-0.0005858981951444523,0.06265950029560068,-0.0029248346669482595,2021-11-09 00:00:00+00:00,2021
1545,-0.08194011659478423,0.0,0.044978650856130106,0.04914910955850918,-0.007719923942843765,0.05874335225027677,2021-11-10 00:00:00+00:00,2021
1546,0.061542624804242774,-6.938893903907228e-18,-0.04475529354254752,-0.04291466351048309,0.011706920784623653,-0.04394036731439267,2021-11-11 00:00:00+00:00,2021
1547,0.013076310181737546,1.734723475976807e-18,-0.009370900996818168,-0.00814503158124116,0.0011384693989634903,-0.010118060745664528,2021-11-12 00:00:00+00:00,2021
1548,0.01672265367891321,3.469446951953614e-18,-0.009663733567960995,-0.010922031215367556,-0.010343895262994044,-0.010026655171722344,2021-11-13 00:00:00+00:00,2021
1549,0.023473802223876492,3.469446951953614e-18,-0.011078234856659572,-0.012418222351803013,-0.009501037110979361,-0.015579715520880869,2021-11-14 00:00:00+00:00,2021
1550,0.00235195914704596,4.336808689942018e-19,-0.002018759989768203,-0.002094681726545828,0.0042200710326489015,-0.003689770848723732,2021-11-15 00:00:00+00:00,2021
1551,-0.027051780092057272,0.0,0.018523974105815473,0.017957974539937485,-0.02510192645504754,0.01589027177951311,2021-11-16 00:00:00+00:00,2021
1552,0.017844433760523196,0.0,-0.010926614801984041,-0.009867717889021231,-0.016197063341267436,-0.01159929814663313,2021-11-17 00:00:00+00:00,2021
1553,-0.0042090481849172,-8.673617379884035e-19,0.004921417651732034,0.004029742243376483,-0.015954450791220386,0.0014324062414111942,2021-11-18 00:00:00+00:00,2021
1554,0.003854923176042961,8.673617379884035e-19,-0.0007608032057349421,-0.0016176198792002745,-0.007540105968479372,-0.0030855197795670282,2021-11-19 00:00:00+00:00,2021
1555,0.013225730340085437,0.0,-0.0051476322602818855,-0.007171642689303972,-0.0050984680263390855,-0.0080183969931101,2021-11-20 00:00:00+00:00,2021
1556,0.026359381687701047,6.938893903907228e-18,-0.01309627861573356,-0.015750665521937345,-7.263357229843337e-06,-0.01897384568476307,2021-11-21 00:00:00+00:00,2021
1557,0.001714134336116925,0.0,-0.0009469336768795764,-0.001039829874376521,-0.0033059799374289185,-0.0030191188866761152,2021-11-22 00:00:00+00:00,2021
1558,0.024118939835821564,0.0,-0.015915075186482483,-0.015039002631924453,0.04871004639933565,-0.018959315538956075,2021-11-23 00:00:00+00:00,2021
1559,0.01991327084488605,0.0,-0.011396997592406248,-0.010191676571270913,-0.009744348376630066,-0.014482607187904246,2021-11-24 00:00:00+00:00,2021
1560,-0.011687056802625034,1.734723475976807e-18,0.009928792054658239,0.00853473450563974,-0.005485195665498901,0.007039382057920039,2021-11-25 00:00:00+00:00,2021
1561,0.021379790522835472,0.0,-0.012136156762389019,-0.012765504421739703,0.004174656738476154,-0.013923778118352645,2021-11-26 00:00:00+00:00,2021
1562,0.03779431816303369,0.0,-0.023492811502248457,-0.022262476048197144,-0.011097513478363005,-0.026224136619429024,2021-11-27 00:00:00+00:00,2021
1563,0.010606280179938884,1.734723475976807e-18,-0.00650057931508037,-0.006764225446441347,-0.0037844223196899073,-0.00984154015714317,2021-11-28 00:00:00+00:00,2021
1564,0.0069546666410234236,0.0,-0.005491861193356862,-0.004718872437053146,-0.006056602299736074,-0.005853496752266394,2021-11-29 00:00:00+00:00,2021
1565,-0.05824730131361219,0.0,0.037658063511638515,0.036170826202490826,-0.003882983889790359,0.03233900336029309,2021-11-30 00:00:00+00:00,2021
1566,0.014100273751249217,-1.734723475976807e-18,-0.008435351141487264,-0.0062798981579267645,-0.010624783967621877,-0.007993519621057087,2021-12-01 00:00:00+00:00,2021
1567,0.02266106852377304,3.469446951953614e-18,-0.008263521382072014,-0.008961124227257367,-0.011802012420290236,-0.014699112225484904,2021-12-02 00:00:00+00:00,2021
1568,0.022268022250647498,-3.469446951953614e-18,-0.010195210797727254,-0.008361252421698082,0.00607294655347208,-0.014317379757790969,2021-12-03 00:00:00+00:00,2021
1569,-0.03959112058436205,6.938893903907228e-18,0.01917226532747534,0.01884988605815049,-0.00028269776080580566,0.014110066077797863,2021-12-04 00:00:00+00:00,2021
1570,0.024531777740129965,-3.469446951953614e-18,-0.009966123487442219,-0.010696384103752222,0.01721913873981702,-0.012939053777103967,2021-12-05 00:00:00+00:00,2021
1571,-0.015111409165532455,1.734723475976807e-18,0.00573680775506874,0.005351681145937736,-0.004468411264738438,0.0018336671313666716,2021-12-06 00:00:00+00:00,2021
1572,-0.006441536893699375,8.673617379884035e-19,0.001364883041516358,0.0019874949223417787,-0.0007593122649163916,0.001509378379760693,2021-12-07 00:00:00+00:00,2021
1573,0.0017005474434286204,8.673617379884035e-19,-0.0008537857516271411,-0.0006418724319771653,-0.010542793314461667,-0.0050548008967210315,2021-12-08 00:00:00+00:00,2021
1574,0.043273219904923804,-6.938893903907228e-18,-0.020471646503240695,-0.02132486142642158,-0.00565071783719668,-0.02464916760678896,2021-12-09 00:00:00+00:00,2021
1575,0.031084874257218415,-6.938893903907228e-18,-0.012018814132771057,-0.014161434028759304,-0.008523443300827167,-0.019169350475370293,2021-12-10 00:00:00+00:00,2021
1576,0.017109985581509352,3.469446951953614e-18,-0.005983633130812077,-0.007823499143021589,-0.004939286393582355,-0.009373398841101015,2021-12-11 00:00:00+00:00,2021
1577,0.016951048132126705,0.0,-0.006817205770095187,-0.007834902358316454,0.021244201713973166,-0.013274461814759542,2021-12-12 00:00:00+00:00,2021
1578,0.009305774257872915,0.0,-0.0071255351573128265,-0.005638111974929155,-0.015206751722987015,-0.011410248680087715,2021-12-13 00:00:00+00:00,2021
1579,0.04310916886111806,0.0,-0.021759014508752818,-0.020603441930605513,0.004849090580425576,-0.024543441055376793,2021-12-14 00:00:00+00:00,2021
1580,0.007042946549236472,0.0,-0.0043283452506066,-0.002866455047772703,-0.007437545966209506,-0.008097177966361105,2021-12-15 00:00:00+00:00,2021
1581,0.010378988563711873,0.0,-0.0021841041404604394,-0.0026379942699123506,-0.02260282369964723,-0.006743246986018369,2021-12-16 00:00:00+00:00,2021
1582,-0.02688026670271975,0.0,0.012981387219823113,0.010853054541790155,0.040532243983615227,0.013540112072991595,2021-12-17 00:00:00+00:00,2021
1583,-0.015776499576374965,0.0,0.006625045314226544,0.006253171633075507,-0.021487109858276298,0.0052015276214249125,2021-12-18 00:00:00+00:00,2021
1584,0.0013919209465762686,0.0,-0.0011616374189058793,-0.0007520835734588164,0.008207090168427652,-0.0028388753969709702,2021-12-19 00:00:00+00:00,2021
1585,-0.00881479204003581,0.0,0.005145427890583431,0.004187521827933881,0.0005923323247305559,0.0016876952330510293,2021-12-20 00:00:00+00:00,2021
1586,0.039635095802055396,0.0,-0.016142778532117104,-0.015881127903066478,0.00496549873396062,-0.020626906502494706,2021-12-21 00:00:00+00:00,2021
1587,-0.0028411915459608666,-4.336808689942018e-19,0.001518882479241235,0.0009483671934906826,0.01127260802591985,-0.002222525962503083,2021-12-22 00:00:00+00:00,2021
1588,-0.07609530088260089,0.0,0.02234170774278925,0.01999685073060739,0.0004065895137545794,0.02137181330644175,2021-12-23 00:00:00+00:00,2021
1589,0.02545706905084213,-3.469446951953614e-18,-0.006948456959165471,-0.002393915955181781,0.03029444491907603,-0.011379809698928614,2021-12-24 00:00:00+00:00,2021
1590,-0.032459361601602,0.0,0.013201928268062716,0.01258348559678605,-0.0025663955871048916,0.015437533575314036,2021-12-25 00:00:00+00:00,2021
1591,-0.020280236822699534,3.469446951953614e-18,0.009894914398463375,0.00891349509212805,0.0004525236241041293,0.010054652263357031,2021-12-26 00:00:00+00:00,2021
1592,-0.04358723744523102,1.3877787807814457e-17,0.028083390941586808,0.026884580433115667,0.001033292743239364,0.021899176501826413,2021-12-27 00:00:00+00:00,2021
1593,0.048925115372323746,0.0,-0.02448832747664372,-0.021791052464091628,0.02022622006022301,-0.0312820900797872,2021-12-28 00:00:00+00:00,2021
1594,-0.043944531890946596,6.938893903907228e-18,0.026144736724949207,0.02114283284957804,0.002627775878444559,0.02164618087786315,2021-12-29 00:00:00+00:00,2021
1595,0.08084504162599593,0.0,-0.04117744748659917,-0.03161016539947238,0.01809155316746046,-0.05033901188945496,2021-12-30 00:00:00+00:00,2021
1596,0.01638018237757804,0.0,-0.009737625133535635,-0.008258355508852044,-0.004918772786511021,-0.006988691082519502,2021-12-31 00:00:00+00:00,2021
1597,-0.03898270844202961,0.0,0.014185694732276176,0.013821691222677658,-0.007984982997253448,0.016882143139486182,2022-01-01 00:00:00+00:00,2022
1598,0.024180689136388944,-3.469446951953614e-18,-0.009856489986266204,-0.009257167648959454,-0.005097965710230336,-0.014284199320674672,2022-01-02 00:00:00+00:00,2022
1599,-0.027447719259310496,3.469446951953614e-18,0.013547246961615377,0.014227526646997024,0.00782222595177991,0.013462916515057467,2022-01-03 00:00:00+00:00,2022
1600,0.012613455958777877,0.0,-0.008006723888243614,-0.00860895565167833,0.006207352690422283,-0.005873151516736613,2022-01-04 00:00:00+00:00,2022
1601,0.020282769566260014,-3.469446951953614e-18,-0.006963997827500831,-0.006388682537983088,0.0016382644579663146,-0.007448951311150856,2022-01-05 00:00:00+00:00,2022
1602,-0.013377961773557712,3.469446951953614e-18,0.003499395960982187,0.004260941954663523,-0.0037003749934493395,0.0026770237488942597,2022-01-06 00:00:00+00:00,2022
1603,-0.04450093671150014,0.0,0.011759639295113894,0.012017707703539424,-0.0006543299903772337,0.014857548898036331,2022-01-07 00:00:00+00:00,2022
1604,0.004876896209523157,-8.673617379884035e-19,-0.003442629639991083,-0.003326731923344065,0.0029468473457122573,-0.006427058115766184,2022-01-08 00:00:00+00:00,2022
1605,0.014988131026931221,-1.734723475976807e-18,-0.004597941288677734,-0.003524892903012904,0.010493019970596157,-0.007859543563465193,2022-01-09 00:00:00+00:00,2022
1606,0.004911410021902946,-8.673617379884035e-19,-0.0042136602338130645,-0.0032543200611422516,-0.015757222057148766,-0.008508436439249463,2022-01-10 00:00:00+00:00,2022
1607,-0.05444891652479995,6.938893903907228e-18,0.017437083112729117,0.02056073717197761,-0.010080190777308255,0.025277688255512618,2022-01-11 00:00:00+00:00,2022
1608,-0.01879541341423383,0.0,0.0071135251935251186,0.0064592633050573126,-0.0011738824446095482,0.008291949098310169,2022-01-12 00:00:00+00:00,2022
1609,0.018464217028642062,3.469446951953614e-18,-0.007115472369770129,-0.005669847769268847,-0.032136183009813066,-0.007327300117796429,2022-01-13 00:00:00+00:00,2022
1610,-0.0005417272524180146,2.168404344971009e-19,-0.00040268720465137505,0.00012405417345277413,0.0041855293887692385,-0.0012460997171925754,2022-01-14 00:00:00+00:00,2022
1611,0.037381295625328416,-6.938893903907228e-18,-0.013091759050564322,-0.01339446356802949,-0.0012140569106151439,-0.01606964096448079,2022-01-15 00:00:00+00:00,2022
1612,0.012096087642127487,1.734723475976807e-18,-0.004936701539694303,-0.004345991149159704,-0.0035492066445339115,-0.007107544752878829,2022-01-16 00:00:00+00:00,2022
1613,-0.014676615066334681,0.0,0.005578808556740124,0.005743064450157289,-0.003575874617474009,0.008305711538300961,2022-01-17 00:00:00+00:00,2022
1614,0.028727777415725787,-6.938893903907228e-18,-0.017589620289985647,-0.01772071602792939,-0.0012232055021150247,-0.01367284452661913,2022-01-18 00:00:00+00:00,2022
1615,-0.009687530207754997,0.0,0.0047438619094073865,0.004609554462238248,0.001405598861767162,0.0014771415731841264,2022-01-19 00:00:00+00:00,2022
1616,-0.03309010158335497,6.938893903907228e-18,0.01089624698578159,0.012378083905585244,0.0004880918708097884,0.009833439162101443,2022-01-20 00:00:00+00:00,2022
1617,0.004811105994403665,0.0,0.0004496347288349134,-0.0007465657176342318,0.00011080612496542925,-0.0015648031880475042,2022-01-21 00:00:00+00:00,2022
1618,0.01424569012549928,0.0,-0.004453413645707621,-0.0053425593848416345,-0.00269972843380936,-0.006947725259557235,2022-01-22 00:00:00+00:00,2022
1619,-0.002493646241686671,8.673617379884035e-19,-0.000285307450796129,0.0002502715974890004,0.002011743048946084,-0.0008015183705672186,2022-01-23 00:00:00+00:00,2022
1620,-0.016916726143832134,0.0,0.0047589266432830485,0.00764630257479209,-0.007625575900019832,0.005240647895276836,2022-01-24 00:00:00+00:00,2022
1621,0.002164540859648419,0.0,-0.0011507384725001253,-0.0006538878053960286,0.0006818397923853969,-0.002869712500479549,2022-01-25 00:00:00+00:00,2022
1622,0.006350421663468259,-8.673617379884035e-19,-0.0010446972192952814,-0.0010508052787797971,0.006862655097517544,-0.0009275691442483412,2022-01-26 00:00:00+00:00,2022
1623,0.02392823835314833,-3.469446951953614e-18,-0.005206520442127712,-0.00636551864575521,0.0061061793219665365,-0.010145966600001647,2022-01-27 00:00:00+00:00,2022
1624,0.007503694386651673,-8.673617379884035e-19,-0.0036466145862967957,-0.00351084832597659,0.003673838156647358,-0.004499005453108638,2022-01-28 00:00:00+00:00,2022
1625,0.03882389474036125,-6.938893903907228e-18,-0.009828925758126487,-0.011995722588459143,-0.00037601338742249135,-0.017675121306087054,2022-01-29 00:00:00+00:00,2022
1626,-0.0021664155316231818,4.336808689942018e-19,0.0025282344608065326,0.0020040252527744485,-0.0037916445271745283,0.0002021670059963311,2022-01-30 00:00:00+00:00,2022
1627,-0.003766174243791454,4.336808689942018e-19,0.000893896611967059,0.0010303143836719237,-2.2734696689814295e-05,-0.00030859922879158995,2022-01-31 00:00:00+00:00,2022
1628,0.03159152765564507,6.938893903907228e-18,-0.010240179069340716,-0.01103964314026409,-0.005237692937608927,-0.012912008627472323,2022-02-01 00:00:00+00:00,2022
1629,0.0025779907473452803,-4.336808689942018e-19,-0.0028964772285034377,-0.0026621076348685257,0.004505937161085894,-0.006327083522679864,2022-02-02 00:00:00+00:00,2022
1630,0.03314740978521744,-6.938893903907228e-18,-0.009995415760791448,-0.009835969478274476,-0.0031284879666839058,-0.0143244570227119,2022-02-03 00:00:00+00:00,2022
1631,0.02888267748246943,0.0,-0.012080360131518957,-0.012985959554352253,0.0111572125235592,-0.018036931173757976,2022-02-04 00:00:00+00:00,2022
1632,0.014306786701763947,-1.734723475976807e-18,0.0002578539022422815,-0.0009480178591237121,-0.008426371999557586,-0.009065886295420853,2022-02-05 00:00:00+00:00,2022
1633,0.009006216441314233,0.0,-0.0049736241880192576,-0.004135970360993855,-0.001402163721443899,-0.008752320134690928,2022-02-06 00:00:00+00:00,2022
1634,0.02365354928873517,0.0,-0.01007058421811043,-0.008317107542527912,0.019821771445515377,-0.014146190533824586,2022-02-07 00:00:00+00:00,2022
1635,0.017552040555150375,0.0,-0.006429209584119605,-0.006459420438374304,0.00225936170359781,-0.010731560804222847,2022-02-08 00:00:00+00:00,2022
1636,-0.014370485836145828,0.0,0.007736453279077429,0.007280717767596995,0.009208087068548827,0.006591075408045741,2022-02-09 00:00:00+00:00,2022
1637,-0.02120496788803412,3.469446951953614e-18,0.0118933141883793,0.008214059327717344,-0.0038767748683643105,0.011117279396128114,2022-02-10 00:00:00+00:00,2022
1638,0.01655687300526366,-3.469446951953614e-18,-0.009506982099683283,-0.008521908515903318,-0.0022635247835454085,-0.011446914487003124,2022-02-11 00:00:00+00:00,2022
1639,0.0008370876312255859,0.0,0.0015781809767528216,5.198182698780678e-06,-0.0005147053891534416,-0.004927531047274492,2022-02-12 00:00:00+00:00,2022
1640,0.03124303264277322,-3.469446951953614e-18,-0.011033959005112004,-0.009886655279334616,-0.0029369933503213194,-0.0211220190919784,2022-02-13 00:00:00+00:00,2022
1641,0.014254615014913131,-3.469446951953614e-18,-0.008600896339910343,-0.008646469374876972,-0.006913587343413397,-0.01141455136570064,2022-02-14 00:00:00+00:00,2022
1642,0.028175590293748037,3.469446951953614e-18,-0.01341032536855321,-0.01345199162791455,-0.004082603982253855,-0.014648324236077856,2022-02-15 00:00:00+00:00,2022
1643,0.013968482309458206,0.0,-0.003326223489725706,-0.004010088761818912,0.006139039229158316,-0.006809686316701953,2022-02-16 00:00:00+00:00,2022
1644,0.014025010928815725,-1.734723475976807e-18,-0.007038076096383034,-0.005698208249892941,0.003967887970440237,-0.010037582758246816,2022-02-17 00:00:00+00:00,2022
1645,0.009470387685055636,0.0,-0.0015185920176885807,-0.00035068384562851086,0.0036684195992005442,-0.004414131669501015,2022-02-18 00:00:00+00:00,2022
1646,0.0634886412596216,-1.3877787807814457e-17,-0.018355112622942253,-0.01723119668948142,-0.0045995003870569,-0.03320196995152455,2022-02-19 00:00:00+00:00,2022
1647,0.05067595231289766,-6.938893903907228e-18,-0.02369017784684051,-0.02072459127466759,-0.006313107140136616,-0.037378574304564274,2022-02-20 00:00:00+00:00,2022
1648,0.004094662714977653,-8.673617379884035e-19,-0.0022763941176319052,-0.0023598769241105644,-0.004028136755711225,-0.004631421306627493,2022-02-21 00:00:00+00:00,2022
1649,0.017814127158145517,0.0,-0.012220391834797385,-0.010242490229406214,-0.03419146388401227,-0.013415413799216142,2022-02-22 00:00:00+00:00,2022
1650,-0.06450266010907231,0.0,0.027728739014465244,0.02490898520758083,-0.016940195648414397,0.03303612229257123,2022-02-23 00:00:00+00:00,2022
1651,0.08191028571858698,-1.3877787807814457e-17,-0.04895246098551691,-0.03651173973719249,-0.013432451955844707,-0.05025127478432986,2022-02-24 00:00:00+00:00,2022
1652,0.036765867958263476,0.0,-0.017989970780337202,-0.017581367587126098,0.00689902812539539,-0.01878151142369073,2022-02-25 00:00:00+00:00,2022
1653,0.008902206104628893,-1.734723475976807e-18,-0.0026013115817019386,-0.002885418598031906,-0.004178906496932179,-0.006600535245774718,2022-02-26 00:00:00+00:00,2022
1654,0.03313641523828312,0.0,-0.006046672441631148,-0.003441916752941643,-0.0011548818110538803,-0.022652769569583616,2022-02-27 00:00:00+00:00,2022
1655,-0.00946724141130642,1.734723475976807e-18,0.0032670222591995833,0.003054090979048226,-0.0028787028948104726,-0.0006632734901065897,2022-02-28 00:00:00+00:00,2022
1656,0.05520293511906449,-6.938893903907228e-18,-0.01740772874555055,-0.015042116033894382,-0.0024614274189665025,-0.028078663307910964,2022-03-01 00:00:00+00:00,2022
1657,0.009916657391859561,0.0,-0.004299925881403125,-0.003138668664304855,-0.007547065921492015,-0.008788770556890734,2022-03-02 00:00:00+00:00,2022
1658,0.031593061831532696,0.0,-0.012521311130906418,-0.01055221727365352,0.0014811167132266559,-0.01589379847162415,2022-03-03 00:00:00+00:00,2022
1659,-0.01628531363545632,3.469446951953614e-18,0.004628996439856373,0.0040386722427777095,-0.0030492552162043433,0.0021947730191636088,2022-03-04 00:00:00+00:00,2022
1660,-0.046894206380357545,0.0,0.015795186513956054,0.011691852219246339,0.0051530974582955705,0.020288091082804424,2022-03-05 00:00:00+00:00,2022
1661,-0.09154570345975915,0.0,0.046275768545218,0.028034050351730733,-0.002645280434602826,0.05280433129929339,2022-03-06 00:00:00+00:00,2022
1662,0.052596199269197424,0.0,-0.031910462978762405,-0.020769517359748718,0.008652188863264437,-0.02906107623964123,2022-03-07 00:00:00+00:00,2022
1663,-0.03787568394018679,6.938893903907228e-18,0.018342458064994537,0.015723261117702912,-0.00269201858327444,0.012665474637468102,2022-03-08 00:00:00+00:00,2022
1664,-0.09638805900301252,1.3877787807814457e-17,0.04414476560189971,0.038634145450462884,1.1425433894152182e-05,0.038065706212056835,2022-03-09 00:00:00+00:00,2022
1665,0.10233679930774534,-1.3877787807814457e-17,-0.04233427469979956,-0.03155974252413521,0.0026494434143422146,-0.041736024634822705,2022-03-10 00:00:00+00:00,2022
1666,0.0008071250453287242,-1.0842021724855044e-18,0.0007737255846534603,-0.001748179234947243,-0.003926637487331996,-0.007828961557005253,2022-03-11 00:00:00+00:00,2022
1667,-0.014559587759849352,0.0,0.002512350409506722,0.0033993266108403135,0.0013955160747010573,0.004249732055216086,2022-03-12 00:00:00+00:00,2022
1668,0.029019183684618047,0.0,-0.01381731643218178,-0.014464562758120254,-0.01691732541227591,-0.020092804486055535,2022-03-13 00:00:00+00:00,2022
1669,0.041047729895665096,6.938893903907228e-18,-0.025416036595348378,-0.022509949129382888,0.0007166937268439436,-0.02311233330378655,2022-03-14 00:00:00+00:00,2022
1670,0.04257503533974672,0.0,-0.018427916462125767,-0.015747975050457746,0.02591246086644374,-0.02186449554054344,2022-03-15 00:00:00+00:00,2022
1671,0.027186557268485043,3.469446951953614e-18,-0.011200709409990989,-0.011616507714602908,-0.007053980430265436,-0.016911133962060277,2022-03-16 00:00:00+00:00,2022
1672,-0.025867084050789857,0.0,0.010939090514203767,0.011472894777071979,-0.0018180042242895607,0.009238910640816337,2022-03-17 00:00:00+00:00,2022
1673,0.022994129474346453,0.0,-0.007398675115618047,-0.006991289796872555,-0.0006925144418565253,-0.012515074097821445,2022-03-18 00:00:00+00:00,2022
1674,-0.001959946386668147,8.673617379884035e-19,0.0018099500770833187,0.0008421783586087565,0.004087495079830852,-0.0017852833326851723,2022-03-19 00:00:00+00:00,2022
1675,-0.019579998084477017,6.938893903907228e-18,0.009188864311254288,0.009778480785880412,-0.02076025986352644,0.007160888060214643,2022-03-20 00:00:00+00:00,2022
1676,0.02631662573133196,-3.469446951953614e-18,-0.010987620784047672,-0.012275059598108096,0.005939922456665737,-0.014660590392966986,2022-03-21 00:00:00+00:00,2022
1677,-0.04018395257239439,0.0,0.014236421666757551,0.015361632753784816,-0.0008894812706497501,0.013244870072010119,2022-03-22 00:00:00+00:00,2022
1678,-0.07170687098892367,0.0,0.032560750956318676,0.024452199931307067,0.0036964961711895283,0.03430635109321901,2022-03-23 00:00:00+00:00,2022
1679,-0.0025292038917541504,-4.336808689942018e-19,0.0024564620076136046,0.0020735540162471933,6.464616378964267e-05,-0.000893972318336194,2022-03-24 00:00:00+00:00,2022
1680,0.02977800705494025,0.0,-0.017244770016463008,-0.015467214513095389,0.013476452561240464,-0.01674298906741115,2022-03-25 00:00:00+00:00,2022
1681,-0.01346667760457748,-1.734723475976807e-18,0.005836564496172255,0.005282888256153239,-0.004516788972427499,0.005724390837795681,2022-03-26 00:00:00+00:00,2022
1682,0.025662470780886137,-3.469446951953614e-18,-0.013268170036553215,-0.012272614527125731,0.0009967127591010636,-0.014922692229643895,2022-03-27 00:00:00+00:00,2022
1683,0.02433934823060647,-3.469446951953614e-18,-0.010127780577828642,-0.012018823523397972,-0.004374035096914794,-0.017887968083869277,2022-03-28 00:00:00+00:00,2022
1684,0.03854450262509859,0.0,-0.010195499981449786,-0.014185798893317954,-0.009217740040634446,-0.019781623679407778,2022-03-29 00:00:00+00:00,2022
1685,-0.043418960999219845,-6.938893903907228e-18,0.017070164557378177,0.015356465817429138,-0.015997801074885076,0.01607911025455875,2022-03-30 00:00:00+00:00,2022
1686,0.0027243980994591348,0.0,-0.002483488690946748,-0.0017354566591568149,0.011836899993646973,-0.004843480975458491,2022-03-31 00:00:00+00:00,2022
1687,-0.012716930034833077,0.0,0.0063144109557069705,0.004941011619718377,0.0017005917210714955,0.004768938184692305,2022-04-01 00:00:00+00:00,2022
1688,-0.1513434275602683,0.0,0.06143488643246549,0.05842118319150033,0.004631439273745985,0.09063241294588736,2022-04-02 00:00:00+00:00,2022
1689,-0.13159047334622115,0.0,0.08566337797852525,0.05398036417471136,0.022056359546316906,0.06263359994793836,2022-04-03 00:00:00+00:00,2022
1690,0.07599644569250254,1.3877787807814457e-17,-0.041240510163387145,-0.019967692991843256,0.0027153964499368882,-0.03616986691205816,2022-04-04 00:00:00+00:00,2022
1691,-0.03960111416303194,-6.938893903907228e-18,0.018588366314192556,0.01510892655909777,-0.0043802797230615,0.019895776676604655,2022-04-05 00:00:00+00:00,2022
1692,0.010324657269013235,-1.734723475976807e-18,-0.005151632857835991,-0.004577605511973442,0.004641098691833901,-0.006394565178655318,2022-04-06 00:00:00+00:00,2022
1693,-0.0274285967533405,0.0,0.01555180006857336,0.014159859773887437,-0.003920026997725805,0.013010631181942806,2022-04-07 00:00:00+00:00,2022
1694,0.036996489916092314,-6.938893903907228e-18,-0.018507541428060797,-0.018310323453352297,-0.0024787762334649785,-0.018381938012799574,2022-04-08 00:00:00+00:00,2022
1695,0.009076931232061141,0.0,-0.004099148667447612,-0.003764858567732639,-0.007766406368400558,-0.006409057905739852,2022-04-09 00:00:00+00:00,2022
1696,0.07400211737706111,0.0,-0.035924059323583404,-0.028109089529626083,-0.00730822329309172,-0.05170707095905257,2022-04-10 00:00:00+00:00,2022
1697,-0.010059573711493077,0.0,0.006934043670581747,0.005917751642691836,-0.01697932068505783,0.0037866208588944687,2022-04-11 00:00:00+00:00,2022
1698,0.03304322132697472,0.0,-0.016386348052839082,-0.01742350277061926,-0.0022229540977006385,-0.014085016257862463,2022-04-12 00:00:00+00:00,2022
1699,-0.006527129197731996,-8.673617379884035e-19,0.0037164191189290943,0.0032656323201702498,-0.0047514311883226955,7.30925319522768e-05,2022-04-13 00:00:00+00:00,2022
1700,-0.04438852897057166,0.0,0.014620911736723606,0.014302366975510246,0.00888981211514716,0.01872535984718205,2022-04-14 00:00:00+00:00,2022
1701,0.009067611205272186,1.734723475976807e-18,-0.0029121521752002773,-0.003423830271759123,-0.0026490758201537026,-0.005934725441948435,2022-04-15 00:00:00+00:00,2022
1702,-0.023273496750073557,0.0,0.009944286840387555,0.009119697499131753,0.005679918021096686,0.009221944619125113,2022-04-16 00:00:00+00:00,2022
1703,0.002843659352033566,4.336808689942018e-19,0.00015895285210401101,-0.000262350696935928,0.011941289757123578,-0.0020924304198118764,2022-04-17 00:00:00+00:00,2022
1704,-0.013006201462867932,-1.734723475976807e-18,0.007107677190033454,0.006888623334550715,-0.0025687634007263895,0.0057736697084899225,2022-04-18 00:00:00+00:00,2022
1705,-0.004959528874128293,8.673617379884035e-19,0.0019910279696808047,0.002223513358786723,0.00175874572149461,0.00208079922820541,2022-04-19 00:00:00+00:00,2022
1706,-0.06642385996305025,0.0,0.03128298734819724,0.030870067052955058,0.007345454221915931,0.03245851526517792,2022-04-20 00:00:00+00:00,2022
1707,0.004523269641093719,-8.673617379884035e-19,-0.0015973306223029762,-0.00096085730567462,-0.00017568528550334066,-0.0023182388572598107,2022-04-21 00:00:00+00:00,2022
1708,0.028532748984307358,-3.469446951953614e-18,-0.014049783846132128,-0.010734934898297466,-0.004560593419754098,-0.015026088124274948,2022-04-22 00:00:00+00:00,2022
1709,0.040229889842652786,-6.938893903907228e-18,-0.013838498867372526,-0.01191617705269954,-0.0010868736906939902,-0.019381339589841826,2022-04-23 00:00:00+00:00,2022
1710,0.00040945257108236096,5.421010862427522e-20,-0.0006826043103841662,-0.0005147267359420244,-0.001960921206226234,-0.0019491377073529203,2022-04-24 00:00:00+00:00,2022
1711,0.012081164367420157,0.0,-0.006230348857511717,-0.0069315889450909385,-0.003636718965977623,-0.009450011777549396,2022-04-25 00:00:00+00:00,2022
1712,-0.014799340791309002,0.0,0.00904096819999473,0.008760071339082914,0.009716907610881769,0.007403157106814337,2022-04-26 00:00:00+00:00,2022
1713,-0.013194334568436612,0.0,0.007000225989874162,0.007146658779907231,-0.0005657241291826647,0.006012868133950624,2022-04-27 00:00:00+00:00,2022
1714,-0.0074377545376413876,8.673617379884035e-19,0.005197979388731841,0.004930503519646562,0.00701461157873696,0.0024074121762341447,2022-04-28 00:00:00+00:00,2022
1715,0.030050928445206473,0.0,-0.016428591320439938,-0.01632480444064368,-0.01632570092897958,-0.016564011265589325,2022-04-29 00:00:00+00:00,2022
1716,-0.04153125157061311,-6.938893903907228e-18,0.020039450301532032,0.018845071272111366,-0.0032625853840266977,0.0226355123165184,2022-04-30 00:00:00+00:00,2022
1717,-0.0025310706846492807,0.0,0.001434839719340302,0.0013074802322138837,-0.004319615509098234,0.0002598396626014368,2022-05-01 00:00:00+00:00,2022
1718,-0.0057137513283601745,8.673617379884035e-19,0.002541940568052569,0.0034740172853147434,-0.006638794439023745,0.0021950898081686122,2022-05-02 00:00:00+00:00,2022
1719,-0.011752988567057344,1.734723475976807e-18,0.0071113343161600655,0.007494577024800718,0.006723284541658087,0.006115716060569173,2022-05-03 00:00:00+00:00,2022
1720,-0.029576938791373342,3.469446951953614e-18,0.01706815697651719,0.015896787896499183,-0.0034139498253468285,0.01457110398452012,2022-05-04 00:00:00+00:00,2022
1721,0.06956684189973418,1.3877787807814457e-17,-0.033298228598448026,-0.036347397259414216,0.01204926417323092,-0.031834687457229796,2022-05-05 00:00:00+00:00,2022
1722,-0.009144863517014021,0.0,0.0028632947766420117,0.003016371139573596,-0.009826428207623996,0.004861737008170005,2022-05-06 00:00:00+00:00,2022
1723,0.0320436871543373,0.0,-0.01373719806092217,-0.013900783077091493,0.0032365234706930868,-0.01638829744196963,2022-05-07 00:00:00+00:00,2022
1724,-0.0010516729551492277,-4.336808689942018e-19,-0.0003070587024141672,-4.882752683853741e-05,-0.0018300683856287087,-0.0004830518365818539,2022-05-08 00:00:00+00:00,2022
1725,-0.03420417118318302,6.938893903907228e-18,0.014880719861535826,0.018084257782979552,-0.012116153519626506,0.019947845409518918,2022-05-09 00:00:00+00:00,2022
1726,0.07999581405796956,0.0,-0.04470704447637383,-0.04250956631959982,0.004425945141392426,-0.040527626077589446,2022-05-10 00:00:00+00:00,2022
1727,0.004297332358114498,0.0,-0.0026637281810373012,-0.002316928497767551,0.0057186442355861246,-0.0024683707061961737,2022-05-11 00:00:00+00:00,2022
1728,-0.01466653672690244,1.734723475976807e-18,0.003369681117156723,0.0045545283314677824,-0.001974448701057065,0.004995617015183066,2022-05-12 00:00:00+00:00,2022
1729,-0.02470206169737983,0.0,0.009630011590200207,0.010944344423075306,0.009995462931843304,0.011858163702027087,2022-05-13 00:00:00+00:00,2022
1730,0.015306048479276834,1.734723475976807e-18,-0.008606866845226272,-0.007284251029126781,0.008449724348894875,-0.010119837852053452,2022-05-14 00:00:00+00:00,2022
1731,0.016293530611647775,-3.469446951953614e-18,-0.007332766292674745,-0.007935819874559125,0.0008946264446032665,-0.010452585134416714,2022-05-15 00:00:00+00:00,2022
1732,-0.009290876155047072,0.0,0.004478825008265431,0.0054804440465705175,0.016728110482885458,0.004731811835725566,2022-05-16 00:00:00+00:00,2022
1733,0.018271107341825348,0.0,-0.009024237569287276,-0.009109862682984094,0.006826755206384219,-0.009209814417436214,2022-05-17 00:00:00+00:00,2022
1734,-0.004503362879310686,-8.673617379884035e-19,0.0021711584768625866,0.0022684121131754135,-0.004002245557476031,-0.0009369715066404631,2022-05-18 00:00:00+00:00,2022
1735,-0.008017535369420788,0.0,0.004061502936565079,0.004018377370885166,-0.01969935761675847,0.0012432375323995996,2022-05-19 00:00:00+00:00,2022
1736,-0.007650185798861317,1.734723475976807e-18,0.0031740378143974264,0.003167529879437734,0.004125296776420361,0.0022407109254286564,2022-05-20 00:00:00+00:00,2022
1737,0.0006985424720134932,-1.0842021724855044e-19,-0.0006922832772788873,-0.0001252046261442086,0.00328267930021091,-0.0015657856213139136,2022-05-21 00:00:00+00:00,2022
1738,0.000138105190906328,-3.5236570605778894e-19,6.0009834406335205e-05,0.00015892590160972552,-0.00031736004113615783,-0.0013096331288883075,2022-05-22 00:00:00+00:00,2022
1739,-0.015214546215839874,1.734723475976807e-18,0.007772331978894103,0.009191620879638316,0.0009675163673511268,0.008915419794081504,2022-05-23 00:00:00+00:00,2022
1740,0.00963189021134988,0.0,-0.005905120297559158,-0.0052778681459001225,-0.02590218277897047,-0.006899385857149025,2022-05-24 00:00:00+00:00,2022
1741,0.024960040434812886,0.0,-0.008774347695990618,-0.009706053793144319,-0.00024159808860664544,-0.01571128513887117,2022-05-25 00:00:00+00:00,2022
1742,0.017258075567392204,-3.469446951953614e-18,-0.007319322002558203,-0.008336099237082716,-0.017351144689966926,-0.008893388943987598,2022-05-26 00:00:00+00:00,2022
1743,-0.009491659739078619,-1.734723475976807e-18,0.0036201118897627015,0.0046038095909292556,-0.0007155399688656156,0.003647859556222108,2022-05-27 00:00:00+00:00,2022
1744,-0.07170341748457688,0.0,0.030919667235468067,0.035863983980754965,-0.005776365006585751,0.042413549717531994,2022-05-28 00:00:00+00:00,2022
1745,-0.03721164434384077,6.938893903907228e-18,0.024201435051387395,0.01689839593991954,-0.006105150214171372,0.025207482050491413,2022-05-29 00:00:00+00:00,2022
1746,0.018857864233163688,-3.469446951953614e-18,-0.012660732380715174,-0.012410548371478997,0.028421978144036072,-0.012895329248935168,2022-05-30 00:00:00+00:00,2022
1747,-0.022442570405128676,0.0,0.013575938804966204,0.013847031896149428,-0.0068045318903007385,0.012195082470073622,2022-05-31 00:00:00+00:00,2022
1748,-0.04760566766445453,0.0,0.026044859143592988,0.025929946501340163,-0.005440531993559011,0.023302390090914497,2022-06-01 00:00:00+00:00,2022
1749,0.039296941268138395,6.938893903907228e-18,-0.019363494546168945,-0.01658128214336815,-0.004791966225503326,-0.02311742946136309,2022-06-02 00:00:00+00:00,2022
1750,-0.04422593055627285,6.938893903907228e-18,0.02425711091524447,0.02307698731571443,0.010451351333912631,0.022745667694701918,2022-06-03 00:00:00+00:00,2022
1751,-0.02635227472354204,0.0,0.014190475378069924,0.013982323809059507,-0.0024666598713272946,0.015212786773002304,2022-06-04 00:00:00+00:00,2022
1752,0.01397639574148716,1.734723475976807e-18,-0.00797520695196817,-0.006878566166163591,-0.010131076259523088,-0.008465652791263985,2022-06-05 00:00:00+00:00,2022
1753,0.004821115273695726,0.0,-0.0016942166494116257,-0.002259703669119416,-0.001400818438060873,-0.003198150817343656,2022-06-06 00:00:00+00:00,2022
1754,-0.07483797925741562,0.0,0.03733941789067093,0.041068416086254306,-0.005716630029029113,0.049954697308662144,2022-06-07 00:00:00+00:00,2022
1755,-0.0652054965187231,1.3877787807814457e-17,0.04325545969211152,0.03842392710410455,0.005854815494842187,0.041987869084527,2022-06-08 00:00:00+00:00,2022
1756,0.0157392488242431,0.0,-0.010974083728467133,-0.008198636562436518,0.001913791507500609,-0.00938756814591998,2022-06-09 00:00:00+00:00,2022
1757,0.01381952188175577,0.0,-0.006570764708414542,-0.006113395516322259,0.007007536814895767,-0.007145998901100508,2022-06-10 00:00:00+00:00,2022
1758,-0.0035057524942981146,-4.336808689942018e-19,0.0011215313672717454,0.0014160879753627384,-0.005275780131770553,0.0002671065434458504,2022-06-11 00:00:00+00:00,2022
1759,-0.0035347222046530928,0.0,0.002129225045880315,0.0019069214662527866,0.006487661986173721,0.001467904341117275,2022-06-12 00:00:00+00:00,2022
1760,-0.02968317054096281,0.0,0.015658888911271197,0.017468794954464774,0.004098324368382145,0.018723399789859756,2022-06-13 00:00:00+00:00,2022
1761,0.018635084900831312,3.469446951953614e-18,-0.012790583072699962,-0.011582430508713258,0.009537717509898333,-0.012432352308698496,2022-06-14 00:00:00+00:00,2022
1762,0.024143462662869784,0.0,-0.015047805518378851,-0.01303555591617989,0.002683558693571144,-0.013018965227611935,2022-06-15 00:00:00+00:00,2022
1763,-0.0182057538798436,0.0,0.008173407435539005,0.009016118951322045,-0.009462489129003417,0.009165170705851582,2022-06-16 00:00:00+00:00,2022
1764,0.023370350580758998,3.469446951953614e-18,-0.010005951027074175,-0.01102891931351124,0.0006179842554302518,-0.010847135700192048,2022-06-17 00:00:00+00:00,2022
1765,-0.019763179393629954,0.0,0.00933002502358373,0.008550971202629529,0.03012988513996239,0.008315146761814104,2022-06-18 00:00:00+00:00,2022
1766,-0.02141832100912697,-3.469446951953614e-18,0.010320308331840434,0.009849071680987975,-0.003399555094536981,0.014444512711177856,2022-06-19 00:00:00+00:00,2022
1767,0.03932045624046128,0.0,-0.022183929581101637,-0.024473724107837762,5.673891930744329e-05,-0.018896489478988657,2022-06-20 00:00:00+00:00,2022
1768,-0.017178831322823163,-3.469446951953614e-18,0.008753271996864497,0.006734205424649416,-0.004470907970182448,0.009187707199008376,2022-06-21 00:00:00+00:00,2022
1769,0.0005019538760802906,2.168404344971009e-19,0.0006565852395014064,0.00035213683183499495,0.0069888348426557795,0.00020414539659381397,2022-06-22 00:00:00+00:00,2022
1770,-0.048160604553519136,0.0,0.01414026456777493,0.015902425336613055,-0.001523939706608017,0.02556250014206209,2022-06-23 00:00:00+00:00,2022
1771,-0.08516494165430415,-1.3877787807814457e-17,0.04270613888118453,0.041976630384323185,0.005788220059050955,0.05020373223254629,2022-06-24 00:00:00+00:00,2022
1772,-0.030562347389873446,0.0,0.018370335065469947,0.015783700163698625,-0.00990967349725928,0.020518845764505703,2022-06-25 00:00:00+00:00,2022
1773,0.06910636264425485,0.0,-0.05059672242581881,-0.032326618041718796,-0.005752233456965766,-0.05401721256932243,2022-06-26 00:00:00+00:00,2022
1774,-0.059586228484316814,0.0,0.04533565068694452,0.03838326278490281,0.004467514524638255,0.03545167544369794,2022-06-27 00:00:00+00:00,2022
1775,0.03002317983251779,3.469446951953614e-18,-0.01812182442705428,-0.018455633391192678,0.02375809566877148,-0.01960611003588437,2022-06-28 00:00:00+00:00,2022
1776,0.025097789850877357,0.0,-0.016889305668094358,-0.015466473505121998,-0.012453839878676945,-0.014975821383381804,2022-06-29 00:00:00+00:00,2022
1777,0.010780346517118148,0.0,-0.004573776111396671,-0.004536427090677175,-0.0034792019276588225,-0.005834911669150131,2022-06-30 00:00:00+00:00,2022
1778,-0.011030491151957932,0.0,0.0060586964786117125,0.006546857287672493,0.009340206027610338,0.005317012151248862,2022-07-01 00:00:00+00:00,2022
1779,0.022669755424242564,0.0,-0.011344200213291432,-0.010819416157731257,-0.0014120745337194845,-0.014370758635213518,2022-07-02 00:00:00+00:00,2022
1780,0.02958580465514425,0.0,-0.016560118536062533,-0.016766047700563558,-0.004074988443667001,-0.017396331245068397,2022-07-03 00:00:00+00:00,2022
1781,0.02438682286850529,3.469446951953614e-18,-0.010265930574419175,-0.012047589109849894,-0.009146782012243245,-0.01260083878441093,2022-07-04 00:00:00+00:00,2022
1782,0.047318651268519266,6.938893903907228e-18,-0.021704613181314857,-0.023251594167761257,0.0027929327164383025,-0.020394337906544956,2022-07-05 00:00:00+00:00,2022
1783,0.001450148271155481,-4.336808689942018e-19,-0.0003739612558118911,-0.0004888367339500273,0.00016319731962444574,-0.0016159361746572115,2022-07-06 00:00:00+00:00,2022
1784,0.0014262400142887096,2.168404344971009e-19,-0.0008223752277241768,-0.0007099111512046728,0.004321103908184831,-0.0020546138618760318,2022-07-07 00:00:00+00:00,2022
1785,-0.01491073252623563,-1.734723475976807e-18,0.007310386436127679,0.008101065821362753,-0.0035456188263211525,0.009271114668343858,2022-07-08 00:00:00+00:00,2022
1786,0.03236778443341428,0.0,-0.017530912880460804,-0.015743610610598292,0.005050222590831946,-0.01612921242355692,2022-07-09 00:00:00+00:00,2022
1787,0.0012424464670487635,2.168404344971009e-19,-0.0007607105412371667,-0.0006557771342073297,-0.011674549110160347,-0.0015165228997079782,2022-07-10 00:00:00+00:00,2022
1788,0.011071491117922135,1.734723475976807e-18,-0.004263964238781679,-0.00511079693800461,-0.017718838078289213,-0.00542989575692874,2022-07-11 00:00:00+00:00,2022
1789,-0.04457333994408449,0.0,0.02239131015123131,0.022612590919105374,0.002380816693742481,0.020288329706329537,2022-07-12 00:00:00+00:00,2022
1790,-0.025064688175916672,3.469446951953614e-18,0.011576281563109372,0.009922566171206182,0.0019106674754846079,0.010959174679586976,2022-07-13 00:00:00+00:00,2022
1791,-0.020759769715368748,0.0,0.007932669503687725,0.008302997200985958,0.013947404433480907,0.009506245964161386,2022-07-14 00:00:00+00:00,2022
1792,-0.0073454851905504865,8.673617379884035e-19,0.002829354673846281,0.00259102521810463,-0.008766320395987293,0.0025348150827613283,2022-07-15 00:00:00+00:00,2022
1793,0.04988485140105089,-6.938893903907228e-18,-0.027432454817541745,-0.023740032226521816,0.0002230993705112927,-0.03213148515688373,2022-07-16 00:00:00+00:00,2022
1794,0.0064327338089545565,8.673617379884035e-19,-0.003654679246069655,-0.0033076177323524882,-0.001816858541239857,-0.004367859400805977,2022-07-17 00:00:00+00:00,2022
1795,-0.02044682204723358,0.0,0.012528407619462894,0.01230987357684429,-0.011094386816551546,0.013295886883474085,2022-07-18 00:00:00+00:00,2022
1796,0.005492997355759144,8.673617379884035e-19,-0.004231116342762189,-0.004064267267521961,-0.007365549917580415,-0.004081469162999039,2022-07-19 00:00:00+00:00,2022
1797,-0.023463523325820763,0.0,0.01319680904249575,0.01238885487680366,-0.0005886719316546517,0.014897926706761197,2022-07-20 00:00:00+00:00,2022
1798,-0.020361236296594143,0.0,0.01243780007687478,0.011502097198884518,-0.007464295809753618,0.010028196157249234,2022-07-21 00:00:00+00:00,2022
1799,-0.012899885264535746,1.734723475976807e-18,0.007181106270942771,0.006863120719701734,0.0005210727846402998,0.007567818301611368,2022-07-22 00:00:00+00:00,2022
1800,-0.06405505662163098,-1.3877787807814457e-17,0.03410550755524551,0.03356550189217872,-0.004195816572276287,0.04155588865164113,2022-07-23 00:00:00+00:00,2022
1801,-0.045177179078261055,0.0,0.02889619552199229,0.02610360511431232,-0.02161290133109963,0.02739641558570139,2022-07-24 00:00:00+00:00,2022
1802,-0.0426290196677049,0.0,0.025396929689890105,0.02296745505627428,0.014072021227509956,0.026649270519687997,2022-07-25 00:00:00+00:00,2022
1803,-0.07242271738747756,1.3877787807814457e-17,0.04748947484295244,0.040383517734245464,0.016666935289145826,0.04260370740605822,2022-07-26 00:00:00+00:00,2022
1804,0.047877077013254166,0.0,-0.03160948364252161,-0.019700794570191166,-0.008696782441242154,-0.02952787235892116,2022-07-27 00:00:00+00:00,2022
1805,-0.02163660308967034,0.0,0.013973904028313609,0.0138674407380634,0.04224326060800579,0.014332091108706604,2022-07-28 00:00:00+00:00,2022
1806,0.10205575699607532,-1.3877787807814457e-17,-0.06368264469553825,-0.05808010748848481,0.0052515374400835535,-0.07132859081801646,2022-07-29 00:00:00+00:00,2022
1807,-0.01371409185230732,0.0,0.009602215328902812,0.008448581490299149,-0.004625697924787578,0.007583383581123138,2022-07-30 00:00:00+00:00,2022
1808,0.016981041058897972,0.0,-0.009192372767084272,-0.008710339541636872,-0.004444104613243979,-0.011418930356278193,2022-07-31 00:00:00+00:00,2022
1809,-0.05052283344169458,0.0,0.02896270153525215,0.03128849935770007,0.005980425227198723,0.03815960614161862,2022-08-01 00:00:00+00:00,2022
1810,0.03869704312334458,0.0,-0.029006997532282888,-0.026748623556003905,0.008750471296024277,-0.025451318405672312,2022-08-02 00:00:00+00:00,2022
1811,0.012250537052750587,0.0,-0.007624184991561882,-0.006949165021277541,0.008857841197955092,-0.008081933190010007,2022-08-03 00:00:00+00:00,2022
1812,-0.01943289798994859,0.0,0.011551317784057246,0.011547534256326326,-0.005130923977408202,0.009556057396677708,2022-08-04 00:00:00+00:00,2022
1813,-0.034598647306362786,0.0,0.01629300730849586,0.017907382993619318,-0.008045712413024951,0.022768586111811026,2022-08-05 00:00:00+00:00,2022
1814,0.002777126617729664,0.0,-0.000806264811700244,-0.0011826938647888068,-0.013101572176573255,-0.0013428118992449163,2022-08-06 00:00:00+00:00,2022
1815,0.02133663184940815,0.0,-0.011076087836336282,-0.011933334952840482,0.005742392633543047,-0.015462732137408786,2022-08-07 00:00:00+00:00,2022
1816,0.024433324423929054,-3.469446951953614e-18,-0.015090163485841154,-0.015191224979379902,0.004728109430504553,-0.019438143607744353,2022-08-08 00:00:00+00:00,2022
1817,0.02597593019406001,-3.469446951953614e-18,-0.01671223163656154,-0.016522390026155607,-0.013975578405539944,-0.01998790414449613,2022-08-09 00:00:00+00:00,2022
1818,0.018816684372723103,0.0,-0.012515109303271335,-0.011680855565077548,-0.01706814258609063,-0.011111003263957569,2022-08-10 00:00:00+00:00,2022
1819,0.040070539650817714,-6.938893903907228e-18,-0.01757784039066218,-0.01943710417190183,0.00427516906643239,-0.024583420411029608,2022-08-11 00:00:00+00:00,2022
1820,0.013810470079382261,-1.734723475976807e-18,-0.009625861220330045,-0.008967093277729146,0.001299212635432494,-0.011075225090755494,2022-08-12 00:00:00+00:00,2022
1821,0.0714918952435255,0.0,-0.04119084180646079,-0.043846308694005076,-0.0037677278365839534,-0.0406272492173141,2022-08-13 00:00:00+00:00,2022
1822,0.006344178691506386,0.0,-0.003571248148989138,-0.0028954979837590785,-0.003289892978533277,-0.005931056012789121,2022-08-14 00:00:00+00:00,2022
1823,-0.007056720865269502,8.673617379884035e-19,0.003649171872788311,0.004099874171352527,-0.004097064887401593,0.002777592776507247,2022-08-15 00:00:00+00:00,2022
1824,-0.04863771920402845,6.938893903907228e-18,0.02949192690928483,0.029476318479181023,-0.002386810325325943,0.030162464762005577,2022-08-16 00:00:00+00:00,2022
1825,-0.054922413701812424,0.0,0.03509622994122544,0.033107365227049754,-0.0018881987667002248,0.03624036110549746,2022-08-17 00:00:00+00:00,2022
1826,-0.010130325642724832,1.734723475976807e-18,0.006749322562764623,0.005983911668917134,-0.0005042987572805892,0.006290291125309036,2022-08-18 00:00:00+00:00,2022
1827,0.0029079693680008254,-8.673617379884035e-19,-0.002024610430877165,-0.0017374457499293426,-0.001393205414715989,-0.0023508769833172445,2022-08-19 00:00:00+00:00,2022
1828,0.0021049358571569123,0.0,-0.0013878877130460749,-0.0010112945015245084,-0.011565989231323692,-0.0017058071646376398,2022-08-20 00:00:00+00:00,2022
1829,-0.01753088676681121,0.0,0.00883033684756881,0.008415977212273603,-0.0013211908552822338,0.011408893905310366,2022-08-21 00:00:00+00:00,2022
1830,-0.04075616163512071,6.938893903907228e-18,0.023253763507539542,0.025779690091072758,-0.00380073880432847,0.02617390672750876,2022-08-22 00:00:00+00:00,2022
1831,0.05071248455593983,-6.938893903907228e-18,-0.03379724185113046,-0.03200073895604564,-0.0025779555653675304,-0.03605419284188745,2022-08-23 00:00:00+00:00,2022
1832,-0.03612659312784672,0.0,0.02495419137331218,0.025304360277646657,-0.0024340340186289958,0.02339002392182371,2022-08-24 00:00:00+00:00,2022
1833,0.017185650455454986,-3.469446951953614e-18,-0.011432678522245764,-0.011056734011168462,-0.0031881907460319693,-0.01297430558056085,2022-08-25 00:00:00+00:00,2022
1834,-0.03023273094246785,3.469446951953614e-18,0.021965373478989067,0.020119795873686078,-0.005829258292749977,0.0184723416680105,2022-08-26 00:00:00+00:00,2022
1835,-0.03390263579785824,0.0,0.0193964219874206,0.019700578786120235,-0.002044184703617169,0.018586760625426406,2022-08-27 00:00:00+00:00,2022
1836,0.010484912122289339,-1.734723475976807e-18,-0.005637936092447128,-0.004999940805607523,0.0037563175954969698,-0.007108725397740309,2022-08-28 00:00:00+00:00,2022
1837,0.029848942533135414,0.0,-0.01710294668929914,-0.01747175228321054,-0.0013969409128868349,-0.021491263981091503,2022-08-29 00:00:00+00:00,2022
1838,0.044450550650556885,-6.938893903907228e-18,-0.03119236522716159,-0.030333697528352674,0.005810021273385389,-0.02906745804405685,2022-08-30 00:00:00+00:00,2022
1839,0.014139355789304404,0.0,-0.009370801342428549,-0.008635151892960297,-0.003569267192770129,-0.010480219688352999,2022-08-31 00:00:00+00:00,2022
1840,-0.012694343222373443,0.0,0.00732304764270607,0.007238613369849781,0.004635181846773745,0.005431843780959868,2022-09-01 00:00:00+00:00,2022
1841,0.0216875045087325,3.469446951953614e-18,-0.010723977602473088,-0.01108886938666584,0.004615233353781788,-0.011386480764755869,2022-09-02 00:00:00+00:00,2022
1842,0.021121551853199905,-3.469446951953614e-18,-0.010264726513171625,-0.011226147493913256,-0.0031662067105880515,-0.012314728914404383,2022-09-03 00:00:00+00:00,2022
1843,-0.006124699615059099,-8.673617379884035e-19,0.0022096820608323063,0.0026824972536395966,-0.012943111686703833,0.0020114092761099557,2022-09-04 00:00:00+00:00,2022
1844,-0.031430722219157596,0.0,0.012395632557603557,0.018284859712152234,-0.005765725492667809,0.018537757417561196,2022-09-05 00:00:00+00:00,2022
1845,-0.027243998662339456,0.0,0.018223159715955253,0.017028987128705344,-0.019093548647237283,0.01472411766061733,2022-09-06 00:00:00+00:00,2022
1846,0.02782743919582267,3.469446951953614e-18,-0.01538651096478645,-0.016688808925551288,0.004669144841278203,-0.017631841032272597,2022-09-07 00:00:00+00:00,2022
1847,0.020861749561669314,3.469446951953614e-18,-0.01215291467331487,-0.012479911949985937,0.0013486118284169006,-0.014261510693510383,2022-09-08 00:00:00+00:00,2022
1848,0.04396554063127927,6.938893903907228e-18,-0.027461142958193442,-0.025492896414123545,0.0017421366953242964,-0.030159800758209773,2022-09-09 00:00:00+00:00,2022
1849,0.026941365596511602,3.469446951953614e-18,-0.017879392717126474,-0.01744197344847961,-0.0012845712299094647,-0.019937216787277175,2022-09-10 00:00:00+00:00,2022
1850,0.024429076629159337,0.0,-0.01456361871453608,-0.01465797197352283,-0.004760306867693034,-0.019972103847918025,2022-09-11 00:00:00+00:00,2022
1851,-0.0242603661502219,-3.469446951953614e-18,0.018884056727787098,0.018642646211457132,-0.015410342376074696,0.01724404364124508,2022-09-12 00:00:00+00:00,2022
1852,0.0246239357593796,6.938893903907228e-18,-0.017568239935853706,-0.016187811646816805,0.008655071971206803,-0.01784545167038582,2022-09-13 00:00:00+00:00,2022
1853,0.02222251611230261,0.0,-0.01416877043807327,-0.014212495969677219,-0.0065415304466712905,-0.014491937302212975,2022-09-14 00:00:00+00:00,2022
1854,-0.017219560308606212,0.0,0.010767620310452617,0.009771335566477347,-0.008227474263455867,0.009350576590215098,2022-09-15 00:00:00+00:00,2022
1855,0.028375896171749574,3.469446951953614e-18,-0.01558965271236127,-0.01670128945933127,-0.011820439256410138,-0.016053853157178874,2022-09-16 00:00:00+00:00,2022
1856,0.022900762670327233,-3.469446951953614e-18,-0.011222457249417287,-0.011898652134910995,-0.0021091483897227557,-0.012930739810889403,2022-09-17 00:00:00+00:00,2022
1857,-0.020898608949171935,-3.469446951953614e-18,0.01054000382229094,0.012711993637531248,-0.005490288589212924,0.014473658797120488,2022-09-18 00:00:00+00:00,2022
1858,0.013705131895255044,1.734723475976807e-18,-0.010047330414780918,-0.009080262312666069,-0.0032573275243570985,-0.012142258706678491,2022-09-19 00:00:00+00:00,2022
1859,-0.046613115290696706,0.0,0.0319821267065344,0.029291121597187195,0.0014533944650158212,0.024992663200059932,2022-09-20 00:00:00+00:00,2022
1860,-0.07357444345014881,-1.3877787807814457e-17,0.04016483741486134,0.04078865784501674,-0.036457996559466146,0.049415588987705046,2022-09-21 00:00:00+00:00,2022
1861,-0.018028708652676088,3.469446951953614e-18,0.012285291151870858,0.010324741266134557,-0.02408774869218606,0.011377831457145767,2022-09-22 00:00:00+00:00,2022
1862,-0.01394279465001291,-1.734723475976807e-18,0.009867484314003527,0.008512184989590705,0.006668055130031045,0.010029590676267575,2022-09-23 00:00:00+00:00,2022
1863,0.042027006286601123,0.0,-0.028532272611841315,-0.026638471778945946,-0.005731580066469601,-0.023986778497339264,2022-09-24 00:00:00+00:00,2022
1864,0.0006683796488177714,2.168404344971009e-19,0.0008412177910446885,0.00011945372973499297,0.00459517295514641,-0.001582565985419503,2022-09-25 00:00:00+00:00,2022
1865,0.027941749982184766,0.0,-0.017016544503161903,-0.0151349238857728,-0.00036541607696214534,-0.019582322490144535,2022-09-26 00:00:00+00:00,2022
1866,-0.0001340527283517938,1.111307226797642e-18,-0.001147072452579527,-0.000632875307902695,-0.01703462125320962,-0.0015868406070355906,2022-09-27 00:00:00+00:00,2022
1867,-0.010929461861156044,-1.734723475976807e-18,0.007999128020582712,0.007707645785121441,-0.005418080071040533,0.00391318126046955,2022-09-28 00:00:00+00:00,2022
1868,-0.021898705921872125,0.0,0.00945527504099127,0.009296056186453561,-0.005207928673539464,0.010813437095341051,2022-09-29 00:00:00+00:00,2022
1869,0.004627450598472076,-8.673617379884035e-19,-0.0022813986404308932,-0.002266961246101733,0.04368700562140687,-0.0041399817602287845,2022-09-30 00:00:00+00:00,2022
1870,0.03735678139781452,0.0,-0.018222038957174422,-0.01784812355309525,-0.0014019285949809224,-0.018436740764699994,2022-10-01 00:00:00+00:00,2022
1871,0.011260985703992595,0.0,-0.00462838262786973,-0.005509701960380808,-0.001927447439120794,-0.005947347023469534,2022-10-02 00:00:00+00:00,2022
1872,-0.009696604381681113,1.734723475976807e-18,0.003545904282468001,0.004659236250108804,-0.006701581463338017,0.004990462672693137,2022-10-03 00:00:00+00:00,2022
1873,0.04604354141894435,6.938893903907228e-18,-0.027048292741415125,-0.02576044706198468,0.013547576842714813,-0.026183835379382063,2022-10-04 00:00:00+00:00,2022
1874,-0.018302511855175622,3.469446951953614e-18,0.009593201298812033,0.009144375332131124,-0.02130654218836032,0.009344599185689546,2022-10-05 00:00:00+00:00,2022
1875,-0.0072479285691913805,8.673617379884035e-19,0.00454638024791169,0.004260453316399706,0.00042005331438497474,0.0034596459081853896,2022-10-06 00:00:00+00:00,2022
1876,-0.0198662237117165,0.0,0.009104661953199715,0.010023785845896084,-0.0005595627183372434,0.010455947979398306,2022-10-07 00:00:00+00:00,2022
1877,0.0236552379633251,3.469446951953614e-18,-0.013611364839144276,-0.013481021041533026,0.0052020524748927245,-0.011703447446814567,2022-10-08 00:00:00+00:00,2022
1878,0.0054081973276640235,8.673617379884035e-19,-0.0017650486844228565,-0.002558949339348046,-0.006929067990393228,-0.0036034975422560276,2022-10-09 00:00:00+00:00,2022
1879,0.04005936760651438,0.0,-0.024811418076546878,-0.024084638012663865,-0.014624431948194745,-0.029680910957626216,2022-10-10 00:00:00+00:00,2022
1880,-0.023460931840695833,0.0,0.014902750107794734,0.014083466562568162,-0.01293786257631183,0.009706593710836271,2022-10-11 00:00:00+00:00,2022
1881,-0.004397088602969521,0.0,0.003090857283574157,0.0027449166714276206,-0.004295389426640332,0.001460988897642711,2022-10-12 00:00:00+00:00,2022
1882,-0.0404329892836119,0.0,0.01981359425984648,0.021465148326172728,0.0024849673859636406,0.021105521840117183,2022-10-13 00:00:00+00:00,2022
1883,0.011558478129537482,0.0,-0.004611631574586715,-0.003683340384282665,0.007818388027291259,-0.004586709006325568,2022-10-14 00:00:00+00:00,2022
1884,-0.0672683718957399,0.0,0.025122840743930445,0.030412499749904273,-0.0009472905574430673,0.029615653606131928,2022-10-15 00:00:00+00:00,2022
1885,0.005549933722144679,0.0,-0.0052852630998291876,-0.0035773389377987083,-0.0005505026077986174,-0.0020618708083445193,2022-10-16 00:00:00+00:00,2022
1886,0.021111634530519185,0.0,-0.01213863045822037,-0.011093934543791442,0.000594620662526444,-0.012234719294789538,2022-10-17 00:00:00+00:00,2022
1887,0.008976280061822188,1.734723475976807e-18,-0.004432200100570634,-0.004698814385667497,-0.0039872747312962725,-0.005140680406345139,2022-10-18 00:00:00+00:00,2022
1888,0.03966183442818491,0.0,-0.015390545046036083,-0.01525355158976105,0.0027986865121227625,-0.017425471570427762,2022-10-19 00:00:00+00:00,2022
1889,-0.0035992051425733063,-4.336808689942018e-19,-0.00038212088855870763,0.00034435778509995206,0.01800602796837377,-0.0015004926154762433,2022-10-20 00:00:00+00:00,2022
1890,-0.046647303982784875,6.938893903907228e-18,0.01693501260968855,0.021264540349084992,0.007489522682005277,0.015270858386447879,2022-10-21 00:00:00+00:00,2022
1891,-0.012960399138300042,0.0,0.005151090703619238,0.004246485027474916,-0.0025735679153519424,0.003200853198636621,2022-10-22 00:00:00+00:00,2022
1892,-0.019981636812812405,3.469446951953614e-18,0.005450356059755822,0.0059564199199018605,-0.00012504593805388875,0.009591101638441072,2022-10-23 00:00:00+00:00,2022
1893,-0.03581372624949405,-6.938893903907228e-18,0.017133459438548028,0.017314455827217332,-0.0003090645332132283,0.026292715957438994,2022-10-24 00:00:00+00:00,2022
1894,-0.019399940340142502,0.0,0.013696347899116858,0.01200630816093734,-0.012271341147379933,0.007068360190809118,2022-10-25 00:00:00+00:00,2022
1895,0.0428372721923025,0.0,-0.02019867500576383,-0.018689392019611503,0.009526396476937843,-0.02083229290089072,2022-10-26 00:00:00+00:00,2022
1896,0.09798711002188384,0.0,-0.04448044740517913,-0.04289220612451189,0.0022252400222859403,-0.04231058913799271,2022-10-27 00:00:00+00:00,2022
1897,0.006899267277389607,-8.673617379884035e-19,-0.002261207882427333,-0.0012354129683399663,-0.0003602940613975482,-0.003924529342113132,2022-10-28 00:00:00+00:00,2022
1898,0.011102881381120632,0.0,-0.002646249789991976,-0.0028523409802448055,0.007018119118177636,-0.006103762863135152,2022-10-29 00:00:00+00:00,2022
1899,0.035268934000106084,0.0,-0.009776753118766909,-0.011326141725345962,0.0016772652752477246,-0.02248597902886921,2022-10-30 00:00:00+00:00,2022
1900,0.044901331896504394,6.938893903907228e-18,-0.025382376731218115,-0.027239736753638076,-0.017960739849125735,-0.024427158434136793,2022-10-31 00:00:00+00:00,2022
1901,0.0431326359668106,-6.938893903907228e-18,-0.020743770619107284,-0.017251253362234632,0.006009584743659299,-0.01876511083432122,2022-11-01 00:00:00+00:00,2022
1902,-0.02274153756086158,3.469446951953614e-18,0.009279633582398535,0.00579258307845773,0.004530603372022227,0.0065166894707126485,2022-11-02 00:00:00+00:00,2022
1903,-0.05024585238209477,6.938893903907228e-18,0.020197918087167668,0.01195570487894309,0.0015908774942893916,0.014542833608440685,2022-11-03 00:00:00+00:00,2022
1904,-0.020518232590307002,0.0,0.007880959679513745,0.006266943548141429,0.015035321779684654,0.004059871494597654,2022-11-04 00:00:00+00:00,2022
1905,0.05151400995002222,0.0,-0.017128842720636077,-0.015452254605416736,0.009219231290581477,-0.026879658529399424,2022-11-05 00:00:00+00:00,2022
1906,0.07066260664551346,0.0,-0.033676200235098576,-0.026968108445038372,0.000294549008049233,-0.047693162897183144,2022-11-06 00:00:00+00:00,2022
1907,-0.03391395674811469,0.0,0.02040739105001111,0.019718396413818326,-0.0017233559201401613,0.015791169062237865,2022-11-07 00:00:00+00:00,2022
1908,0.07547062509274356,-1.3877787807814457e-17,-0.04628855310009613,-0.0402961945329565,0.008596770773317955,-0.04484696006918154,2022-11-08 00:00:00+00:00,2022
1909,-0.02131267546345948,0.0,0.011126835356915915,0.010906364716753672,-0.010076344516803965,0.006407493827771598,2022-11-09 00:00:00+00:00,2022
1910,-0.034419557089528076,-6.938893903907228e-18,0.012996103413285616,0.012150221582395801,-0.021679149842780056,0.013888303747796552,2022-11-10 00:00:00+00:00,2022
1911,0.057192267564238695,0.0,-0.026339485306373957,-0.02335632783048918,-0.0030020480601599814,-0.03214183175073501,2022-11-11 00:00:00+00:00,2022
1912,0.033201890016989734,-6.938893903907228e-18,-0.015104852123587503,-0.013101414489536507,0.008144021978199571,-0.021791185222455108,2022-11-12 00:00:00+00:00,2022
1913,0.08046640258617502,0.0,-0.035466792146349874,-0.034259910109047026,-0.015392041528538555,-0.048717090557270415,2022-11-13 00:00:00+00:00,2022
1914,0.048672014443331926,0.0,-0.025116284622496182,-0.019520322893892765,-0.008552931798988528,-0.032843633128006616,2022-11-14 00:00:00+00:00,2022
1915,-0.018183647009430738,0.0,0.012211566916998366,0.010513878340262357,0.01851551202395462,0.006452483745877853,2022-11-15 00:00:00+00:00,2022
1916,-0.012240634708808212,1.734723475976807e-18,0.005994323765604776,0.00598570768214458,0.014890660490561317,0.0062180850998443055,2022-11-16 00:00:00+00:00,2022
1917,0.05832807727591701,0.0,-0.02377983367811206,-0.01836118991563842,-0.0023470072875013057,-0.022254662728308262,2022-11-17 00:00:00+00:00,2022
1918,-0.0008795419067302078,2.168404344971009e-19,0.0014445544483304184,0.0006863855243412776,-0.008133838429727328,-0.0012960254004795613,2022-11-18 00:00:00+00:00,2022
1919,0.03826749673549165,0.0,-0.013745603233408656,-0.01218465791359747,-0.007634456713680807,-0.022833689629892885,2022-11-19 00:00:00+00:00,2022
1920,0.03951960045193869,-6.938893903907228e-18,-0.015006697905717584,-0.016914195050097523,-0.006173305281547484,-0.030929294708436396,2022-11-20 00:00:00+00:00,2022
1921,0.013313734342181494,-1.734723475976807e-18,-0.0063180506470199155,-0.0069946051016870105,-0.007563921588617409,-0.009518749030337743,2022-11-21 00:00:00+00:00,2022
1922,0.036078986982819895,0.0,-0.018321012836331453,-0.016506410852112893,0.008320596317304037,-0.02481314269067534,2022-11-22 00:00:00+00:00,2022
1923,0.09068280109699736,1.3877787807814457e-17,-0.04352497177625622,-0.03541701419713357,0.016176148329523646,-0.0557315310644155,2022-11-23 00:00:00+00:00,2022
1924,0.01442407520990523,0.0,-0.004402585004681674,-0.002560365358995023,-0.015479614297864167,-0.008432191704198618,2022-11-24 00:00:00+00:00,2022
1925,-0.005523090955441591,0.0,0.004506687806838503,0.0028273020713034443,0.008493743391222938,-0.004888930661468485,2022-11-25 00:00:00+00:00,2022
1926,0.03833015822859668,6.938893903907228e-18,-0.007210527655269052,-0.005485908559845695,0.002390341033743304,-0.016055340099391212,2022-11-26 00:00:00+00:00,2022
1927,-0.007715609023179957,8.673617379884035e-19,0.0022772014442226053,0.0013075207928076966,0.003565379285868301,0.0014305987834094726,2022-11-27 00:00:00+00:00,2022
1928,0.02533056338628133,3.469446951953614e-18,-0.0048583689829074135,-0.00586560369777752,-0.004262338133816206,-0.017948812149774035,2022-11-28 00:00:00+00:00,2022
1929,-0.16939073674893254,2.7755575615628914e-17,0.0678395769686822,0.06172006391585587,0.005383031289569795,0.09880596677823672,2022-11-29 00:00:00+00:00,2022
1930,-0.023507506616653934,0.0,0.014130234196241525,0.00813163884014691,0.0014272737709023313,0.01221713624351866,2022-11-30 00:00:00+00:00,2022
1931,0.08063533293303624,0.0,-0.04542571684851816,-0.03815906455011353,-0.008830263795746862,-0.03869369311783881,2022-12-01 00:00:00+00:00,2022
1932,0.026230963822957632,3.469446951953614e-18,-0.011707387615799519,-0.009156187481493955,-0.006087712263623767,-0.01710911014629537,2022-12-02 00:00:00+00:00,2022
1933,0.008041839766246017,1.734723475976807e-18,-0.0009030900040578934,-0.0014932539992610107,-0.004557039987639205,-0.009335251201210806,2022-12-03 00:00:00+00:00,2022
1934,-0.04008545638412558,-6.938893903907228e-18,0.016384195158305085,0.01606221108692294,-0.002194169538189246,0.023741996204056655,2022-12-04 00:00:00+00:00,2022
1935,0.01607585081490137,3.469446951953614e-18,-0.007775527065842731,-0.006708960467354037,0.042595143073802286,-0.008354161739951073,2022-12-05 00:00:00+00:00,2022
1936,-0.020343084809600665,-3.469446951953614e-18,0.011952926230250911,0.009829429651785918,-0.0007579714129151392,0.007859357352976902,2022-12-06 00:00:00+00:00,2022
1937,-0.051686211298870785,0.0,0.020374515205196127,0.016898435425010294,-0.005660005733789469,0.02339995817175523,2022-12-07 00:00:00+00:00,2022
1938,-0.08948694313726117,0.0,0.041416721861582954,0.04054411127628923,-0.01285390805456646,0.04233194807387699,2022-12-08 00:00:00+00:00,2022
1939,-0.06782778777101989,0.0,0.034526879168596356,0.021596019007420295,-0.005818703657368057,0.029687616864461946,2022-12-09 00:00:00+00:00,2022
1940,0.03640477183044598,0.0,-0.017210715825502005,-0.011819389031823668,0.0022052567792693184,-0.019259634620304413,2022-12-10 00:00:00+00:00,2022
1941,-0.03652031383206768,0.0,0.018151817907120886,0.0068215965435532155,-0.009620060950885204,0.020334059873158956,2022-12-11 00:00:00+00:00,2022
1942,0.008105221294587659,0.0,-0.003365543743903354,-0.002360815529052188,-0.037997688289659035,-0.004627994536737841,2022-12-12 00:00:00+00:00,2022
1943,0.0644616215459762,0.0,-0.023240189096464164,-0.020190546294758645,0.010168693975446466,-0.03948518630742254,2022-12-13 00:00:00+00:00,2022
1944,0.03416349907075205,6.938893903907228e-18,-0.01535516552300896,-0.01500268164350832,-0.0016781702705730775,-0.01533839763147855,2022-12-14 00:00:00+00:00,2022
1945,-0.013458338917278852,-1.734723475976807e-18,0.006170079286887773,0.005119766659088221,-0.0016877584640730137,0.005643926924932494,2022-12-15 00:00:00+00:00,2022
1946,-0.057977376088418596,0.0,0.029254147798086085,0.03076394646638856,-0.01026433540997835,0.02786693400707075,2022-12-16 00:00:00+00:00,2022
1947,0.01029921815695007,0.0,-0.005053545803005969,-0.003969323350973799,-0.00211927661132354,-0.006732526737694521,2022-12-17 00:00:00+00:00,2022
1948,0.04576614859339955,0.0,-0.015406349013592571,-0.012997811343895833,-0.007688967942168799,-0.02859398627081121,2022-12-18 00:00:00+00:00,2022
1949,-0.03926517272907528,6.938893903907228e-18,0.022613969800811606,0.022347021751417825,0.009397462125922372,0.018416691944070127,2022-12-19 00:00:00+00:00,2022
1950,-0.010780504492462659,0.0,0.005328434579957783,0.004715287872328981,0.003242631762640999,0.0029861588689789184,2022-12-20 00:00:00+00:00,2022
1951,-0.013351659305760117,0.0,0.004686925086052528,0.0033319349741113453,-0.0012377723328220198,0.0035421120680455935,2022-12-21 00:00:00+00:00,2022
1952,0.035327328033134583,6.938893903907228e-18,-0.014202842485883715,-0.012538206729413873,-0.0028745069144938268,-0.02121304664936615,2022-12-22 00:00:00+00:00,2022
1953,0.02061689453698247,-3.469446951953614e-18,-0.00790320291771852,-0.006902792767170048,0.003417777224325194,-0.006763662360472839,2022-12-23 00:00:00+00:00,2022
1954,0.0498930323319357,-6.938893903907228e-18,-0.012671321013621846,-0.01402331576131479,0.00857953104381625,-0.025269744687378033,2022-12-24 00:00:00+00:00,2022
1955,0.001317625814448289,-2.168404344971009e-19,-0.00039132227207553587,-0.00011348076554113635,0.011551201152356102,-0.002856692162219912,2022-12-25 00:00:00+00:00,2022
1956,0.007894713044817982,-1.734723475976807e-18,-0.0026501272980569996,-0.0036471326027856434,-0.0028841253365246757,-0.006636004427724933,2022-12-26 00:00:00+00:00,2022
1957,0.008740582752748917,0.0,-0.003628159103399531,-0.004485200332398569,0.005551438839854711,-0.005517622246810548,2022-12-27 00:00:00+00:00,2022
1958,-0.09075066854393547,1.3877787807814457e-17,0.030499860978816976,0.035263417536645386,-0.008154806334404158,0.03541970151334704,2022-12-28 00:00:00+00:00,2022
1959,-0.029840131600697834,0.0,0.013354148070568447,0.00997368933143367,-0.0026306674642606297,0.018323470841264945,2022-12-29 00:00:00+00:00,2022
1960,-0.018257260973987683,0.0,0.01110662803513958,0.009737473310432116,0.0019816080603141384,0.009114079832583022,2022-12-30 00:00:00+00:00,2022
1961,0.022388525673600494,0.0,-0.011748461831543265,-0.012166018927752091,0.0008988626903021282,-0.013284973656164448,2022-12-31 00:00:00+00:00,2022
1962,-0.0037139569475351138,0.0,0.002051243088842627,0.0021075539079541666,0.004887583886162938,-6.998019889353562e-05,2023-01-01 00:00:00+00:00,2023
1963,-0.023378923942482536,-3.469446951953614e-18,0.01042530392178857,0.0108335594275967,0.0005585336806556845,0.011217246752877396,2023-01-02 00:00:00+00:00,2023
1964,-0.029085337460696043,-3.469446951953614e-18,0.015356862549434394,0.014670909587854511,0.00724350341549319,0.014392413267240941,2023-01-03 00:00:00+00:00,2023
1965,0.038664743468001646,6.938893903907228e-18,-0.019298015698793067,-0.014227690626111959,0.0025399350716977867,-0.018982184078678428,2023-01-04 00:00:00+00:00,2023
1966,0.05247928644274617,0.0,-0.02305846464824294,-0.025662712709217626,0.010400182837972546,-0.027683694173001025,2023-01-05 00:00:00+00:00,2023
1967,-0.016970596470675624,-6.938893903907228e-18,0.007832784928615472,0.006998290298603384,-0.005783683999703918,0.0069268545399871866,2023-01-06 00:00:00+00:00,2023
1968,0.0623378458913866,6.938893903907228e-18,-0.029139119354362197,-0.03184750629069788,-0.002448571545436741,-0.02962590855232989,2023-01-07 00:00:00+00:00,2023
1969,-0.06815136625216557,-1.3877787807814457e-17,0.028097851487601203,0.027373760191004667,-0.005190637882433055,0.030833037052530952,2023-01-08 00:00:00+00:00,2023
1970,-0.08728590902391371,1.3877787807814457e-17,0.0396520765213207,0.031216855155278028,0.008365022271656739,0.048592071984994975,2023-01-09 00:00:00+00:00,2023
1971,0.005714994537961352,1.734723475976807e-18,-0.0026687757451582987,-0.0021800598133818374,-0.0008522587559486924,-0.003216638492072766,2023-01-10 00:00:00+00:00,2023
1972,0.021698395191635217,0.0,-0.011159824026762449,-0.008525760764162208,-0.0026203187127215033,-0.010335443075390256,2023-01-11 00:00:00+00:00,2023
1973,-0.017200901613130676,0.0,0.006042646998336457,0.004491838689326181,-0.00351220672053517,0.005230217537781683,2023-01-12 00:00:00+00:00,2023
1974,-0.010326253843831491,-1.734723475976807e-18,0.006073650821448665,0.006036313197693927,-0.003536959357808638,0.005624089469173852,2023-01-13 00:00:00+00:00,2023
1975,-0.028188832841076695,-3.469446951953614e-18,0.011727278775440875,0.01045105859405904,0.002446400512237802,0.013373282120271687,2023-01-14 00:00:00+00:00,2023
1976,0.020210430844799503,0.0,-0.010100731873680067,-0.007715152606366321,-0.0008152601324249269,-0.014280559105754188,2023-01-15 00:00:00+00:00,2023
1977,-0.013924412019960173,-1.734723475976807e-18,0.007228738495716723,0.007934610045078625,0.0011059989551774098,0.009917972723580488,2023-01-16 00:00:00+00:00,2023
1978,-0.02413628782544817,-3.469446951953614e-18,0.016766868116914475,0.015606540025916528,0.03219102070907793,0.012643639893786222,2023-01-17 00:00:00+00:00,2023
1979,-0.0560533080127213,-2.0816681711721685e-17,0.035505905281180763,0.028495906275936726,-0.011283559227013289,0.0305253910384278,2023-01-18 00:00:00+00:00,2023
1980,0.03438649367500138,0.0,-0.019458054451207674,-0.01796219992831601,-0.005504086267999777,-0.022309668169679102,2023-01-19 00:00:00+00:00,2023
1981,0.036717806871120744,6.938893903907228e-18,-0.02096378236281572,-0.01972795871991745,-0.0004135157931130576,-0.023771721606239034,2023-01-20 00:00:00+00:00,2023
1982,-0.0037410727569035123,0.0,0.0018543180326556833,0.002033266942197131,-0.0015864445431419756,-2.2924261424887935e-05,2023-01-21 00:00:00+00:00,2023
1983,-0.057893802831461144,0.0,0.022073541976340774,0.026764338494991557,0.0019435610031042286,0.03338880049469774,2023-01-22 00:00:00+00:00,2023
1984,-0.12524267343374398,-2.7755575615628914e-17,0.07958784826706303,0.07006519090231117,0.05223845551584662,0.08473829569742816,2023-01-23 00:00:00+00:00,2023
1985,0.03698461822101048,6.938893903907228e-18,-0.025033774174653783,-0.02098759349933211,0.004227325718455362,-0.02276123525155493,2023-01-24 00:00:00+00:00,2023
1986,-0.055201208525961575,-6.938893903907228e-18,0.03676388161838885,0.014461995287862885,0.01766877729173425,0.025560749821028614,2023-01-25 00:00:00+00:00,2023
1987,-0.016851830940980177,0.0,0.009850307198039362,0.0072168689654503355,0.003390322170288689,0.009172505333858806,2023-01-26 00:00:00+00:00,2023
1988,-0.04045309404750447,0.0,0.020455395760417276,0.017274024854874823,0.0029242158268411866,0.02553466558291808,2023-01-27 00:00:00+00:00,2023
1989,0.004958398067034208,0.0,-0.003495856067726785,-0.00295137813477871,-0.0036939747069147273,-0.0036274215102666202,2023-01-28 00:00:00+00:00,2023
1990,0.04478237687886416,0.0,-0.025598800415986982,-0.023885145531229997,-0.0012800438776154888,-0.028541368318155954,2023-01-29 00:00:00+00:00,2023
1991,-0.00829748727463104,-1.734723475976807e-18,0.005574303719782684,0.005068203401888209,-0.032864117334589146,0.00581126657202912,2023-01-30 00:00:00+00:00,2023
1992,0.032006590405880414,0.0,-0.021457704054131964,-0.019571163219076877,0.00013103991920956903,-0.02422001015514124,2023-01-31 00:00:00+00:00,2023
1993,-0.004288057266677941,8.673617379884035e-19,0.0033333373994449585,0.0028317439225193993,0.000860867640843269,0.00286287368056009,2023-02-01 00:00:00+00:00,2023
1994,0.058973888556162514,6.938893903907228e-18,-0.04524909203387022,-0.03898760501627034,-0.0017341262257701134,-0.04065559765899372,2023-02-02 00:00:00+00:00,2023
1995,-0.026148854368958026,3.469446951953614e-18,0.017993157128702683,0.01539586888450353,-0.011584913343383869,0.01665315415786009,2023-02-03 00:00:00+00:00,2023
1996,0.02582934218875611,0.0,-0.014312302243255894,-0.014217590516077173,-0.022025601610260796,-0.019213697384895947,2023-02-04 00:00:00+00:00,2023
1997,-0.017713570463064626,0.0,0.00956380996456744,0.01003035160137704,-0.001046593725010845,0.01392750409114217,2023-02-05 00:00:00+00:00,2023
1998,-0.0022937240521552155,-4.336808689942018e-19,0.001791736880505164,0.0016681144033116788,-0.008947644868533063,0.0008709269993826868,2023-02-06 00:00:00+00:00,2023
1999,-0.0076493024826049805,0.0,0.006080729043244134,0.005695492928496156,0.01325022512795121,0.006218935795392821,2023-02-07 00:00:00+00:00,2023
2000,-0.040533736595132736,0.0,0.03038226497648213,0.028848060185544755,0.006330939552855339,0.02593251647553512,2023-02-08 00:00:00+00:00,2023
2001,0.013032832198380107,0.0,-0.007737956779324536,-0.00660534177792784,-0.00030915449517639193,-0.006854567141320497,2023-02-09 00:00:00+00:00,2023
2002,0.028671139511614215,0.0,-0.014339620998382662,-0.015793600249790603,0.016668479955853736,-0.013287381325143406,2023-02-10 00:00:00+00:00,2023
2003,-0.03526600026294013,0.0,0.013727046048986481,0.0160830188272542,0.0010884341110219894,0.01805283059532327,2023-02-11 00:00:00+00:00,2023
2004,0.039898694878783676,-6.938893903907228e-18,-0.020382494772354064,-0.01847126600005553,0.013376130292534733,-0.024247975389276106,2023-02-12 00:00:00+00:00,2023
2005,-0.015214227510420657,0.0,0.010257257104400373,0.009514465210380728,-0.008124759129727602,0.010798974309309874,2023-02-13 00:00:00+00:00,2023
2006,-0.10520486924901355,1.3877787807814457e-17,0.07221111737871169,0.07120014588472501,0.0033195933196111804,0.06612050274949961,2023-02-14 00:00:00+00:00,2023
2007,0.017487251891770177,0.0,-0.011508763150052847,-0.008892931177862592,0.024023453707485962,-0.009397304052767372,2023-02-15 00:00:00+00:00,2023
2008,-0.0007127296991188433,-1.0842021724855044e-19,-0.00010615687635957393,-0.0003121471461909458,-0.0007167153803296216,-0.00022959902655629637,2023-02-16 00:00:00+00:00,2023
2009,0.008377057547009858,0.0,-0.0036806211245582416,-0.0029433380225837216,0.0027546533103541496,-0.004724669178476783,2023-02-17 00:00:00+00:00,2023
2010,-0.0022184405912900104,-4.336808689942018e-19,0.0008250778435838228,0.001031582890609027,-9.226843173936426e-05,-0.000283121741885114,2023-02-18 00:00:00+00:00,2023
2011,-0.00842365639169789,0.0,0.0035240754020527693,0.002924772450271453,0.004505939926813548,0.00522637397559475,2023-02-19 00:00:00+00:00,2023
2012,0.09153820848997744,1.3877787807814457e-17,-0.05972207178778284,-0.054627807766112396,0.007188042627718758,-0.05135235694261865,2023-02-20 00:00:00+00:00,2023
2013,-0.12370320405374026,0.0,0.06443024699355981,0.05311133394925065,-0.00489931933612793,0.07700220838724914,2023-02-21 00:00:00+00:00,2023
2014,-0.02268449287840774,0.0,0.01536649210071835,0.011527990628707168,0.011702934619747654,0.014067240530102929,2023-02-22 00:00:00+00:00,2023
2015,0.03294379817706913,0.0,-0.01959222624825693,-0.015796561180727357,-0.00163823180084436,-0.02089411774258523,2023-02-23 00:00:00+00:00,2023
2016,-0.016450208325625798,0.0,0.00982594566997467,0.009882160847003062,0.005308547276356847,0.010022940804054362,2023-02-24 00:00:00+00:00,2023
2017,-0.01261379132723675,0.0,0.007855654824866444,0.007904857832957536,-0.01372877135266902,0.006672234478739323,2023-02-25 00:00:00+00:00,2023
2018,-0.011204613320654332,0.0,0.007253022074971352,0.0063292443823636975,-0.0016189917273557557,0.006161057884504698,2023-02-26 00:00:00+00:00,2023
2019,-0.0874398946762085,-1.3877787807814457e-17,0.05305221053977477,0.05395604295578893,-0.028261715227733422,0.07042365581383087,2023-02-27 00:00:00+00:00,2023
2020,-0.035826347393696535,6.938893903907228e-18,0.0294022516596447,0.024167721813938524,-0.012126908732342408,0.02537310003768245,2023-02-28 00:00:00+00:00,2023
2021,0.04239759898052535,0.0,-0.029983979551804783,-0.025611930603899304,7.413614798327389e-05,-0.029413097240165074,2023-03-01 00:00:00+00:00,2023
2022,0.015545127445093081,0.0,-0.010387876456533749,-0.009119052152819409,0.0037671122379006727,-0.011064901884220255,2023-03-02 00:00:00+00:00,2023
2023,-0.012254590095754442,0.0,0.00871450654692395,0.008225965226183251,-0.006180694710493755,0.004661161180872829,2023-03-03 00:00:00+00:00,2023
2024,0.03230000874183697,0.0,-0.014026883085201655,-0.013630619028697659,0.003952524093921314,-0.017147184799651778,2023-03-04 00:00:00+00:00,2023
2025,0.020338639533719536,3.469446951953614e-18,-0.009093704175019392,-0.009464819749374291,-0.006163423733633235,-0.013617242954960631,2023-03-05 00:00:00+00:00,2023
2026,-0.0399567761234731,0.0,0.022364922347412358,0.02361080896513961,0.00040729078538036256,0.029665050314509153,2023-03-06 00:00:00+00:00,2023
2027,0.05072050787217124,6.938893903907228e-18,-0.03790590256186137,-0.035241455867234345,0.00229022255048731,-0.033663664425495954,2023-03-07 00:00:00+00:00,2023
2028,-0.008151781625587847,-1.734723475976807e-18,0.005911395545775231,0.0056733178450429425,0.06591664700769104,0.004995239297072742,2023-03-08 00:00:00+00:00,2023
2029,0.03260350926628326,0.0,-0.02014161416100477,-0.020139123115020995,-0.01345984444817552,-0.01910877671974605,2023-03-09 00:00:00+00:00,2023
2030,-0.026036234874299118,-3.469446951953614e-18,0.014121698888356609,0.015006836406988489,-0.010877132498932823,0.010258115826216316,2023-03-10 00:00:00+00:00,2023
2031,-0.014562674740839271,-1.734723475976807e-18,0.006400830441913263,0.0065716365603917856,-0.0015549601254772494,0.00840137343908569,2023-03-11 00:00:00+00:00,2023
2032,0.014961982239558044,1.734723475976807e-18,-0.007208380421654143,-0.007979657308531556,0.0007417980947949602,-0.011401083717601915,2023-03-12 00:00:00+00:00,2023
2033,-0.004355440925619456,8.673617379884035e-19,0.003877962510318445,0.0035527382655567014,-0.02756902995642738,0.003250381207187971,2023-03-13 00:00:00+00:00,2023
2034,0.037090509630448326,0.0,-0.022410471085621664,-0.0223594356980581,-0.0062103190669480675,-0.021213432304397973,2023-03-14 00:00:00+00:00,2023
2035,0.01018275795036188,0.0,-0.00589376358526348,-0.004891844858829057,0.0007708128941848764,-0.006847167395729774,2023-03-15 00:00:00+00:00,2023
2036,-0.012513742766566782,0.0,0.0059840929345021995,0.006255560613945331,-0.003541116402044466,0.006975205279633882,2023-03-16 00:00:00+00:00,2023
2037,-0.0030052005911672583,-4.336808689942018e-19,0.003256099134548301,0.0029294146846728067,0.00189992341873517,0.0030451180007906487,2023-03-17 00:00:00+00:00,2023
2038,-0.06354778368821305,1.3877787807814457e-17,0.03002343204059292,0.03413202300789626,0.037524230461571294,0.03525870942380724,2023-03-18 00:00:00+00:00,2023
2039,-0.041029004233606746,-6.938893903907228e-18,0.024080456788391484,0.019768852039768647,-0.01238128022387127,0.02876140673781882,2023-03-19 00:00:00+00:00,2023
2040,0.004339189676756269,0.0,-0.0034617379815749744,-0.003257452384994913,0.014521739770789934,-0.0032986461544886663,2023-03-20 00:00:00+00:00,2023
2041,-0.004852930481514234,-8.673617379884035e-19,0.002609574877564644,0.002477971738131366,0.004852732894949511,0.002807710956993382,2023-03-21 00:00:00+00:00,2023
2042,0.006401890784167172,-8.673617379884035e-19,-0.002554752241275266,-0.0031195301390494513,-0.038575983257896886,-0.002859780574621931,2023-03-22 00:00:00+00:00,2023
2043,-0.06818556484211696,0.0,0.0418243628734175,0.04208035798600961,0.016417166665971594,0.04224570838298834,2023-03-23 00:00:00+00:00,2023
2044,-0.002087287688523196,4.336808689942018e-19,0.0008924691449945863,0.0008217068860151108,-0.001487678110422308,0.0038189805275114968,2023-03-24 00:00:00+00:00,2023
2045,0.004271949944871195,8.673617379884035e-19,-0.002124734613273132,-0.0022060084724407738,-0.008769674180510353,-0.0026550995646656165,2023-03-25 00:00:00+00:00,2023
2046,-0.00573907775825329,0.0,0.00263276866827385,0.0031611174321118434,0.0005555263829549175,0.0028245092957906014,2023-03-26 00:00:00+00:00,2023
2047,-0.09257529123445575,0.0,0.061895192157262746,0.06495022206995849,-0.024303172764401665,0.06729641537257308,2023-03-27 00:00:00+00:00,2023
2048,0.022793924540616153,3.469446951953614e-18,-0.017033363214928827,-0.015085076475197311,-0.001973765069340456,-0.015203632299452666,2023-03-28 00:00:00+00:00,2023
2049,-0.051457255074147425,-6.938893903907228e-18,0.03365389921477549,0.02793172023946399,0.008071383083933466,0.04577397433072416,2023-03-29 00:00:00+00:00,2023
2050,0.11025619540321693,0.0,-0.09466687335173918,-0.08019669844822976,-0.02106028896686092,-0.08802184527046572,2023-03-30 00:00:00+00:00,2023
2051,-0.039831458182817095,0.0,0.03205122824643937,0.027747056459451466,-0.0005100177943175646,0.027107910498856025,2023-03-31 00:00:00+00:00,2023
2052,0.025368764159384737,0.0,-0.014571227665610146,-0.014998511105509975,-0.0027199536465166603,-0.015476427586956772,2023-04-01 00:00:00+00:00,2023
2053,0.036246245161870895,-6.938893903907228e-18,-0.021472479316061253,-0.02135397437661063,0.002447184187658276,-0.026583347611136073,2023-04-02 00:00:00+00:00,2023
2054,-0.05576059590564685,6.938893903907228e-18,0.038925582921747956,0.03758947418383611,0.016899009859228244,0.043458901675371524,2023-04-03 00:00:00+00:00,2023
2055,-0.0014425660117288654,2.168404344971009e-19,0.002709502969757286,0.002346991412632736,-0.13805817148742197,0.002196507917257716,2023-04-04 00:00:00+00:00,2023
2056,-0.009990290309605973,1.734723475976807e-18,0.005103745111243489,0.006017073825875482,-0.016236097140435467,0.004368654900651366,2023-04-05 00:00:00+00:00,2023
2057,0.006882158984914857,0.0,-0.003983133610450534,-0.004185962383098074,0.008525130707243691,-0.007337437334199599,2023-04-06 00:00:00+00:00,2023
2058,0.009181465321814108,-1.734723475976807e-18,-0.004892047743607733,-0.005214909024429211,2.9218763088709535e-05,-0.005079057362321331,2023-04-07 00:00:00+00:00,2023
2059,0.022491654805969773,0.0,-0.012281724917564647,-0.012536123833771813,0.005525152899292819,-0.018162463727352744,2023-04-08 00:00:00+00:00,2023
2060,0.029793363914155123,0.0,-0.018149999931429586,-0.018835992197481888,0.006785730438744551,-0.021516178086992202,2023-04-09 00:00:00+00:00,2023
2061,0.016464091532411632,0.0,-0.01441902363906442,-0.013588385395380116,-0.013428085052953662,-0.015704557654772994,2023-04-10 00:00:00+00:00,2023
2062,0.001575799016227499,-1.3010426069826053e-18,0.0002386202790480487,0.000324178914003465,0.011786514405190721,-0.0006534089837759798,2023-04-11 00:00:00+00:00,2023
2063,0.059223076753449025,-6.938893903907228e-18,-0.03138196819834217,-0.03410096901405801,0.0022869158967001035,-0.03885925672059633,2023-04-12 00:00:00+00:00,2023
2064,0.015420861760078118,1.734723475976807e-18,-0.008488197750922806,-0.008133672422772631,0.0029127093701408705,-0.009674260063087192,2023-04-13 00:00:00+00:00,2023
2065,0.02408928550474825,3.469446951953614e-18,-0.015249542210107006,-0.01650535690655449,-0.010043858536744799,-0.020434685918815684,2023-04-14 00:00:00+00:00,2023
2066,0.02144805904020343,0.0,-0.016351435925606658,-0.01507835060144892,0.03281392222413443,-0.014568605267016886,2023-04-15 00:00:00+00:00,2023
2067,0.018263768731502063,0.0,-0.010614146191732784,-0.010829230894926527,-0.002179038401220152,-0.014242715272981767,2023-04-16 00:00:00+00:00,2023
2068,-0.036638681651556,6.938893903907228e-18,0.023584651666011834,0.023449677166450796,-0.0024730031890967327,0.026115442030482598,2023-04-17 00:00:00+00:00,2023
2069,0.019528354817663716,0.0,-0.013059815401382915,-0.01257864955339884,-0.00042088638780657037,-0.013965261042016347,2023-04-18 00:00:00+00:00,2023
2070,-0.02294920515595821,0.0,0.016353012632319183,0.015064337379567954,0.002869960000564848,0.015573037747925532,2023-04-19 00:00:00+00:00,2023
2071,0.019545697329337138,-3.469446951953614e-18,-0.016295853418878754,-0.015154673395988399,-0.018819604964320148,-0.01546866085302379,2023-04-20 00:00:00+00:00,2023
2072,0.008495761985667268,-1.734723475976807e-18,-0.002855083890110518,-0.0038558569168052753,0.008230299409196222,-0.005106167715869609,2023-04-21 00:00:00+00:00,2023
2073,0.00019122011521283317,6.2341624917916505e-19,0.00016387355355712118,-0.00020782378472705598,0.004713437327841882,-0.001313449118576142,2023-04-22 00:00:00+00:00,2023
2074,-0.03973491226925569,-6.938893903907228e-18,0.027283482829133086,0.02651053225769016,0.00539669134412761,0.03219958544521226,2023-04-23 00:00:00+00:00,2023
2075,-0.024623980241663315,0.0,0.01940467475724952,0.017861346981988956,-0.010382443658944706,0.017803314520084795,2023-04-24 00:00:00+00:00,2023
2076,0.00652320104486802,0.0,-0.003942430554101563,-0.0040285453186020325,0.003455800726087588,-0.004932567161651859,2023-04-25 00:00:00+00:00,2023
2077,-0.01902866994633394,0.0,0.013988318045189109,0.013737551138006497,-0.02122413232141157,0.01662000082534045,2023-04-26 00:00:00+00:00,2023
2078,0.0035724103450775146,4.336808689942018e-19,-0.002783850982067666,-0.002386191448894926,-0.01199103752261882,-0.0023970025161915444,2023-04-27 00:00:00+00:00,2023
2079,0.1063688758541556,0.0,-0.08332595055713285,-0.08510990875932711,0.017878410978939205,-0.0878212359971235,2023-04-28 00:00:00+00:00,2023
2080,0.048984166804481956,0.0,-0.04013357049609475,-0.03810571435635025,0.02157236660379868,-0.03858589302296491,2023-04-29 00:00:00+00:00,2023
2081,0.06509212010047015,0.0,-0.05097761439267104,-0.045917053764377436,0.03004765078370633,-0.05805839139841689,2023-04-30 00:00:00+00:00,2023
2082,-0.020208167679169598,-3.469446951953614e-18,0.017757549245658817,0.01618124014123285,-0.006880618794602524,0.01710834524235271,2023-05-01 00:00:00+00:00,2023
2083,0.006590909817639519,-1.734723475976807e-18,-0.005772631753670645,-0.005041663678819488,0.010736772975915248,-0.0051704711102532,2023-05-02 00:00:00+00:00,2023
2084,0.025965775461757885,0.0,-0.019106411306834874,-0.017004733285220078,-0.008225700385092738,-0.023202435825564003,2023-05-03 00:00:00+00:00,2023
2085,-0.03704048780833974,0.0,0.03280966586017049,0.02814350040369673,-0.004009261384214674,0.02816031238556549,2023-05-04 00:00:00+00:00,2023
2086,-0.058223409512463735,0.0,0.0449169480366763,0.04308864982221459,0.0020328780126884563,0.04871843003724102,2023-05-05 00:00:00+00:00,2023
2087,-0.0009932209463680492,-4.336808689942018e-19,0.0005802353438367346,0.0004670710949138087,-0.00773917135335922,0.00014215057048211062,2023-05-06 00:00:00+00:00,2023
2088,-0.027481600817512063,0.0,0.02282591714158646,0.020525691226567083,-0.0010940263654318216,0.01898271792007567,2023-05-07 00:00:00+00:00,2023
2089,0.029297291531282313,0.0,-0.0203943892803237,-0.020300786590406544,-0.013939615326702636,-0.021233592798497656,2023-05-08 00:00:00+00:00,2023
2090,-0.016591472385903083,0.0,0.012158087010058594,0.010655113409483248,-0.00242605014502607,0.011532342112359914,2023-05-09 00:00:00+00:00,2023
2091,0.01166874734607674,-1.734723475976807e-18,-0.007424253428114573,-0.0074752148212229195,-0.001013303959101491,-0.007179996354365533,2023-05-10 00:00:00+00:00,2023
2092,0.013483319762190419,0.0,-0.008283310431236684,-0.008485260619062386,-0.010155773084701485,-0.007400806644033683,2023-05-11 00:00:00+00:00,2023
2093,0.04426955048149154,0.0,-0.02322213412343506,-0.024595972344930425,0.0037006977861698057,-0.024300832970937172,2023-05-12 00:00:00+00:00,2023
2094,-0.06570085195394662,0.0,0.03493669508365716,0.03509294515178493,0.004468460881440581,0.04853512340516343,2023-05-13 00:00:00+00:00,2023
2095,-0.0020030437136542866,-4.336808689942018e-19,0.001526891611929212,0.0012292401700626128,-0.010080617133996815,-0.000526089302609241,2023-05-14 00:00:00+00:00,2023
2096,-0.0006532168247290617,2.168404344971009e-19,0.0005450936942357469,0.0005224169431074539,0.0035566821985568257,0.0006036302771231236,2023-05-15 00:00:00+00:00,2023
2097,-0.0036693488558133445,4.336808689942018e-19,0.003020964169534331,0.002745599855955802,-0.003017106523251457,0.0019387872535318515,2023-05-16 00:00:00+00:00,2023
2098,0.022564312177045003,0.0,-0.015079402172001002,-0.014084494592256455,0.004291458651508526,-0.01972187832806114,2023-05-17 00:00:00+00:00,2023
2099,-0.005078473616214026,0.0,0.00420114934439902,0.0035745196868883105,-0.01355615254288473,0.003867347922120867,2023-05-18 00:00:00+00:00,2023
2100,-0.022049948218322936,0.0,0.01809111899130479,0.016088729309071983,0.005928308296380795,0.018383896040809436,2023-05-19 00:00:00+00:00,2023
2101,-0.09012585343001131,-2.7755575615628914e-17,0.07548226648217071,0.06664381859488386,-0.008312254504027672,0.08051876374534238,2023-05-20 00:00:00+00:00,2023
2102,0.004359749456246694,-8.673617379884035e-19,-0.0037618854340760906,-0.0034028347568258142,0.006724629291951711,-0.003152182770032541,2023-05-21 00:00:00+00:00,2023
2103,0.01682161930061522,-3.469446951953614e-18,-0.013227697507405944,-0.01183097373020673,-0.006358510352451694,-0.01316848762549475,2023-05-22 00:00:00+00:00,2023
2104,0.019274577143646422,0.0,-0.013563246630056537,-0.012451609736843523,0.0013857676854547342,-0.013918667044361194,2023-05-23 00:00:00+00:00,2023
2105,0.0014291891739481972,-2.168404344971009e-19,-0.0009127281986278967,-0.0009507987718062135,-0.017492737306032548,-0.0015391652732239035,2023-05-24 00:00:00+00:00,2023
2106,-0.02571617847397214,0.0,0.015576123585396649,0.01691002833669019,-0.0001370880868099139,0.018596025266500033,2023-05-25 00:00:00+00:00,2023
2107,-0.055089019948527926,0.0,0.0404036631073829,0.03858382905215332,0.0018641656627661901,0.04216915733089546,2023-05-26 00:00:00+00:00,2023
2108,0.012212210113093966,0.0,-0.009046827462821172,-0.00783937226546585,0.003677875594056905,-0.007753493258218903,2023-05-27 00:00:00+00:00,2023
2109,0.035025318463643394,-6.938893903907228e-18,-0.02391570028380104,-0.0235767796342808,0.003008681600949234,-0.025576820765550477,2023-05-28 00:00:00+00:00,2023
2110,-0.0039515722365606396,0.0,0.002818658570423584,0.0028556221187890155,-0.011503183404122822,0.0021438847139584223,2023-05-29 00:00:00+00:00,2023
2111,0.05026163763943173,0.0,-0.03392257061413101,-0.03347953015362339,-0.009079773988359546,-0.0379707761559846,2023-05-30 00:00:00+00:00,2023
2112,0.027433755142348155,-3.469446951953614e-18,-0.019754645713377695,-0.017845541875976895,0.0009841636041976708,-0.01561910344904706,2023-05-31 00:00:00+00:00,2023
2113,-0.03896474057719821,6.938893903907228e-18,0.01985542508027082,0.022037439412859124,0.01357212673200189,0.023515303955015124,2023-06-01 00:00:00+00:00,2023
2114,-0.049169635134083886,6.938893903907228e-18,0.029448963336028647,0.025594974398818957,-0.0007246935175737948,0.028788935896963037,2023-06-02 00:00:00+00:00,2023
2115,-0.025792698420229413,3.469446951953614e-18,0.017107358702049012,0.015577564002512435,-0.0006195286257191859,0.012200832869143237,2023-06-03 00:00:00+00:00,2023
2116,-0.009164446876162574,1.734723475976807e-18,0.004582861489865204,0.004326418755352416,0.0015483474865414307,0.006109783527962107,2023-06-04 00:00:00+00:00,2023
2117,0.0017958471462840126,-6.505213034913027e-19,-0.0005555617509267242,-0.0007089872671308568,-0.003672554746501501,-0.00018271587592202606,2023-06-05 00:00:00+00:00,2023
2118,0.010364427807785216,0.0,-0.003964522980920195,-0.004718327242511264,-0.0039596372954085945,-0.006333614903535548,2023-06-06 00:00:00+00:00,2023
2119,-0.044204226916744596,6.938893903907228e-18,0.021367427390373537,0.019060729743328952,0.00997881937468828,0.025043966322045096,2023-06-07 00:00:00+00:00,2023
2120,0.004942561189333598,-8.673617379884035e-19,-0.0032710231280006145,-0.002912677569362364,-0.0010703698749427015,-0.003434943206829829,2023-06-08 00:00:00+00:00,2023
2121,-0.002835250326565334,8.673617379884035e-19,0.0019820548344861703,0.0017227178173925318,-0.0080159069804231,0.0014936013130701338,2023-06-09 00:00:00+00:00,2023
2122,-0.02788597061520531,3.469446951953614e-18,0.0159667893456525,0.017423176317517254,0.012046867833136438,0.0195825475220282,2023-06-10 00:00:00+00:00,2023
2123,-0.03990509361028671,0.0,0.027883498965696113,0.024566809931727687,-0.008949322446845938,0.033048799742338736,2023-06-11 00:00:00+00:00,2023
2124,-0.024871926932107834,-3.469446951953614e-18,0.019914822040473755,0.018447377034155533,0.01508295315807429,0.01911776198455755,2023-06-12 00:00:00+00:00,2023
2125,0.09378696978092194,0.0,-0.07365112719190053,-0.06625482014976118,-0.03459352375683669,-0.06471005030572242,2023-06-13 00:00:00+00:00,2023
2126,0.00840194345939727,0.0,-0.005823744894440016,-0.005362066396058422,-0.007941586974282063,-0.004244765361650847,2023-06-14 00:00:00+00:00,2023
2127,-0.022958468823205857,3.469446951953614e-18,0.01296317334208269,0.013705188757128341,-0.0021590681388797724,0.01555795082590265,2023-06-15 00:00:00+00:00,2023
2128,-0.022823941494737352,0.0,0.015708182568830782,0.015415498213255358,-0.003269316780115588,0.015357588626336858,2023-06-16 00:00:00+00:00,2023
2129,0.008689193143731072,0.0,-0.004921307797583353,-0.00551253953985161,0.0009432012885905502,-0.004060804601319452,2023-06-17 00:00:00+00:00,2023
2130,0.01808396230141322,-3.469446951953614e-18,-0.007789851590139965,-0.008776432812892344,-0.0013262398361558354,-0.012256846105749364,2023-06-18 00:00:00+00:00,2023
2131,0.03375336740698133,0.0,-0.020172497888957315,-0.022196816925660313,-0.014019564421241752,-0.022991473099732575,2023-06-19 00:00:00+00:00,2023
2132,-0.0273978944335665,0.0,0.018934663728519957,0.018822252770060097,-0.004857572517869176,0.01451896761682768,2023-06-20 00:00:00+00:00,2023
2133,-0.03931386875254767,0.0,0.020637788619228097,0.01976065935241491,0.0012290472705547353,0.02609830858560984,2023-06-21 00:00:00+00:00,2023
2134,0.060456438335829865,6.938893903907228e-18,-0.03889283863005472,-0.03906920594629718,0.009947084973850176,-0.0382026074225371,2023-06-22 00:00:00+00:00,2023
2135,-0.004102590198288421,-8.673617379884035e-19,0.0052030589641374045,0.004033137543324441,-0.015556561074712792,0.0044774841750267885,2023-06-23 00:00:00+00:00,2023
2136,-0.04123702427236045,-6.938893903907228e-18,0.024477328701288013,0.027120886031836846,-0.003466525354521549,0.02735096631842008,2023-06-24 00:00:00+00:00,2023
2137,-0.004250077576172061,0.0,0.0027960992813704463,0.0026732616185531233,-0.00870708440259144,0.003848520169866565,2023-06-25 00:00:00+00:00,2023
2138,0.014937086803157156,0.0,-0.009024120801433881,-0.010185927067108623,-0.003962505324106852,-0.009183387552699524,2023-06-26 00:00:00+00:00,2023
2139,0.001142907433393525,-4.336808689942018e-19,-0.0016105979391888617,-0.0013273299143440995,-0.007623208186243026,-0.004414848549613758,2023-06-27 00:00:00+00:00,2023
2140,0.0201944756071742,0.0,-0.010568303704450548,-0.011501732151201116,-0.004881642257396627,-0.012724000668432977,2023-06-28 00:00:00+00:00,2023
2141,0.03708292144100841,0.0,-0.02051974955095412,-0.021977722655100774,0.0070076827011367054,-0.026011646972278486,2023-06-29 00:00:00+00:00,2023
2142,0.05449006979058429,0.0,-0.03687228257322509,-0.03455905078309773,0.005469804178134287,-0.03190426937260796,2023-06-30 00:00:00+00:00,2023
2143,0.011019983306163696,0.0,-0.005475721800214814,-0.005598407028163334,0.0009517232580960409,-0.00801051236136492,2023-07-01 00:00:00+00:00,2023
2144,0.01065681402276202,0.0,-0.006311637263545806,-0.006740584450838487,0.0020398089397596388,-0.01114703119919476,2023-07-02 00:00:00+00:00,2023
2145,0.01648622823924553,0.0,-0.010587788886705972,-0.010299899283797018,0.06875313567719078,-0.013095079200538118,2023-07-03 00:00:00+00:00,2023
2146,0.004955333543986809,0.0,-0.004060430323932686,-0.0035041192951974745,0.0038214658450439034,-0.004321343663088146,2023-07-04 00:00:00+00:00,2023
2147,0.021639093393232764,0.0,-0.01289443120524008,-0.011650848298637804,-0.0004286698298017408,-0.01498008454022034,2023-07-05 00:00:00+00:00,2023
2148,0.018388539189245642,0.0,-0.010641436026798269,-0.010792845303322852,0.00011371985758611147,-0.011409159323393555,2023-07-06 00:00:00+00:00,2023
2149,0.016245760568758337,0.0,-0.009509852030507145,-0.0098422486658477,-0.0008884981755753786,-0.012506180028619692,2023-07-07 00:00:00+00:00,2023
2150,-0.0026694241820312127,0.0,0.0020389760798109197,0.002056609187286425,-0.007237094751056501,0.00112563458929898,2023-07-08 00:00:00+00:00,2023
2151,0.026058856307006464,0.0,-0.01712484985733701,-0.01686258727719089,0.08937033245840355,-0.01948788402711603,2023-07-09 00:00:00+00:00,2023
2152,0.044503318751516516,0.0,-0.029618239982643492,-0.030615049189624224,-0.01974747444686991,-0.035000019922574184,2023-07-10 00:00:00+00:00,2023
2153,0.013580829995434458,1.734723475976807e-18,-0.00819581974219215,-0.0080377547681229,-0.004202132634972594,-0.009472769205718655,2023-07-11 00:00:00+00:00,2023
2154,-0.0038159475093934594,-8.673617379884035e-19,0.0034841172563360606,0.0030257898269072,0.0010683106588946357,0.0025359408355071413,2023-07-12 00:00:00+00:00,2023
2155,-0.06608661064287512,-1.3877787807814457e-17,0.04146458763440382,0.0390163689815139,0.007108796986990011,0.04951584527137634,2023-07-13 00:00:00+00:00,2023
2156,-0.015215184425283794,0.0,0.012025498896195273,0.010045485205451524,-0.012724920918280189,0.010059996411267197,2023-07-14 00:00:00+00:00,2023
2157,0.022843481200497326,-3.469446951953614e-18,-0.016855620624409748,-0.015273545056573972,-0.013037197450779817,-0.015942636778134633,2023-07-15 00:00:00+00:00,2023
2158,0.015263866360594586,0.0,-0.01055764246025655,-0.009609634156405953,-0.006136192426675371,-0.013370752759800104,2023-07-16 00:00:00+00:00,2023
2159,0.027095299668428375,3.469446951953614e-18,-0.013701487094159479,-0.017352852852086445,-0.0012788998462444322,-0.018938596482891954,2023-07-17 00:00:00+00:00,2023
2160,-0.05038151581112931,-6.938893903907228e-18,0.029837911882341014,0.03074379248328025,0.0004646715198517934,0.03243981583709128,2023-07-18 00:00:00+00:00,2023
2161,-0.013333076384009384,-1.734723475976807e-18,0.010599960641450665,0.009227467929105313,0.0019346340653388742,0.007326020501043457,2023-07-19 00:00:00+00:00,2023
2162,-0.012661345484780102,1.734723475976807e-18,0.006301416986281389,0.006021858513568755,-0.014001195667653253,0.005732525849984071,2023-07-20 00:00:00+00:00,2023
2163,-0.034150665126195766,-6.938893903907228e-18,0.017651546227097893,0.017150523516752454,-0.007743481049720433,0.019807662811798972,2023-07-21 00:00:00+00:00,2023
2164,-0.030226212449190094,-3.469446951953614e-18,0.018564656080074224,0.01745273062526745,0.00464695149388893,0.016249178399563146,2023-07-22 00:00:00+00:00,2023
2165,-0.01970678712382461,3.469446951953614e-18,0.011315377831725643,0.011146692069772098,0.0029676870308434945,0.013167110071753422,2023-07-23 00:00:00+00:00,2023
2166,0.03109515110651652,0.0,-0.02065349803281003,-0.020135103920253923,0.002431029841213586,-0.01941053390466529,2023-07-24 00:00:00+00:00,2023
2167,0.035256908879135594,-6.938893903907228e-18,-0.020511919159557863,-0.021277896070927605,0.019541130723452524,-0.020136991520188923,2023-07-25 00:00:00+00:00,2023
2168,-0.03513501449064775,0.0,0.02003553374810354,0.02163665688685237,-0.0052484164712665315,0.022597705831503605,2023-07-26 00:00:00+00:00,2023
2169,0.013884470679543235,-1.734723475976807e-18,-0.008829951710489212,-0.008647114138515878,-0.0014113860979700302,-0.008318579947640002,2023-07-27 00:00:00+00:00,2023
2170,0.04448570627154726,0.0,-0.024555493298737158,-0.026566507152726914,0.0065828630390041415,-0.027699008696674722,2023-07-28 00:00:00+00:00,2023
2171,0.02788231119965062,0.0,-0.01703046045386791,-0.01740245063115144,0.009629548478090801,-0.015546162004813308,2023-07-29 00:00:00+00:00,2023
2172,0.02695080583745783,-3.469446951953614e-18,-0.011906552796953053,-0.012536994457721221,-0.006573379133150356,-0.01763503798966245,2023-07-30 00:00:00+00:00,2023
2173,-0.0025971600503632516,0.0,0.0014094500752217874,0.0012737770108517744,-0.0010644977605967013,8.11124270637749e-05,2023-07-31 00:00:00+00:00,2023
2174,-0.04003121600006566,0.0,0.023554074329348973,0.022280565218430325,0.01867109570593152,0.022257942537154185,2023-08-01 00:00:00+00:00,2023
2175,0.05075600111123287,6.938893903907228e-18,-0.027463987475163845,-0.025905135211436916,0.009064919888856757,-0.0326342647269838,2023-08-02 00:00:00+00:00,2023
2176,0.028279743772564512,3.469446951953614e-18,-0.01821835629948772,-0.01593286650660934,-0.0015573767447776658,-0.01442029849038034,2023-08-03 00:00:00+00:00,2023
2177,-0.0711615132563042,0.0,0.026026373686801524,0.027968569700141208,-0.018550924813536374,0.04545048510993421,2023-08-04 00:00:00+00:00,2023
2178,0.0010727279114000725,-2.168404344971009e-19,-0.0003081999966677404,-0.0001552249805731261,0.0014154020692266896,-0.002034206109941191,2023-08-05 00:00:00+00:00,2023
2179,0.02758218086127079,0.0,-0.01310000106087665,-0.012104878735090887,-0.011525082448053815,-0.020706715981478448,2023-08-06 00:00:00+00:00,2023
2180,0.0028779737877123283,0.0,-0.0008610232623725363,-0.0015471151974331232,-0.0010619860735181512,-0.002579145157516543,2023-08-07 00:00:00+00:00,2023
2181,-0.032344149098251805,0.0,0.01720387205507269,0.01768960508258995,-0.005933056324334503,0.02204650425828593,2023-08-08 00:00:00+00:00,2023
2182,-0.035389483697486644,-6.938893903907228e-18,0.025454507787840953,0.02388459312469246,-0.05089436518376237,0.019929185098186374,2023-08-09 00:00:00+00:00,2023
2183,0.041869528365857674,0.0,-0.024029444192474436,-0.02508768669534657,-0.009862535109602368,-0.02736771388121915,2023-08-10 00:00:00+00:00,2023
2184,-0.020864018888184517,0.0,0.013028856463202839,0.01270445565525245,-0.00040477622478926265,0.009740472983411791,2023-08-11 00:00:00+00:00,2023
2185,0.07704444256695835,0.0,-0.038299826660963654,-0.04262057213587622,-0.006685228251135766,-0.05905926581620016,2023-08-12 00:00:00+00:00,2023
2186,-0.007281661033630371,8.673617379884035e-19,0.005618184602154996,0.0046250555548089725,0.004188598621133528,0.0023621006369370905,2023-08-13 00:00:00+00:00,2023
2187,-0.017649773395422733,0.0,0.009001649221808839,0.010896787574830657,-0.011154487909073928,0.008467203635636716,2023-08-14 00:00:00+00:00,2023
2188,-0.0702116456898776,1.3877787807814457e-17,0.037571050583759105,0.03172059669918918,-0.003423341730799709,0.04259293146338404,2023-08-15 00:00:00+00:00,2023
2189,0.042917056517167526,-6.938893903907228e-18,-0.026546218587882274,-0.02242091814809159,-0.0022776698715129134,-0.028206857361389018,2023-08-16 00:00:00+00:00,2023
2190,0.001777708169185754,4.336808689942018e-19,-0.0032537702830531413,-0.0028497768853284573,-0.017621325433896717,-0.005291507676826039,2023-08-17 00:00:00+00:00,2023
2191,0.015335852810830782,-1.734723475976807e-18,-0.004392882015945631,-0.006466005121500716,0.0020221508742571913,-0.00789997010518531,2023-08-18 00:00:00+00:00,2023
2192,-0.043832517753947864,0.0,0.02366029656532286,0.025009225743119312,-0.0043077842564145236,0.028936511246477108,2023-08-19 00:00:00+00:00,2023
2193,0.01209533792553526,-1.734723475976807e-18,-0.008136484682274663,-0.0072938963027980855,0.004054607905519297,-0.008825733178099367,2023-08-20 00:00:00+00:00,2023
2194,-0.007411517157699122,-8.673617379884035e-19,0.004439372473778604,0.004959263147300743,0.0006293579176651493,0.0036282630653578654,2023-08-21 00:00:00+00:00,2023
2195,-0.03215091770345514,-6.938893903907228e-18,0.02090761336451774,0.019590960086135863,-0.002376503516620984,0.021596046326511218,2023-08-22 00:00:00+00:00,2023
2196,0.02854889558582771,0.0,-0.019028380455680116,-0.01806380995602936,-0.00016261098815528036,-0.018563184912690323,2023-08-23 00:00:00+00:00,2023
2197,0.005845895264206863,0.0,-0.003908824263850996,-0.003947989640503095,0.0006990672121084543,-0.0030506833502839913,2023-08-24 00:00:00+00:00,2023
2198,-0.029315951757314728,-3.469446951953614e-18,0.015329863013040058,0.01664122164270777,0.00763385982902854,0.019924549716919468,2023-08-25 00:00:00+00:00,2023
2199,0.012063227048734339,3.469446951953614e-18,-0.008112906369907887,-0.007727741499142036,-0.0005864704831094799,-0.007181668971106284,2023-08-26 00:00:00+00:00,2023
2200,-0.004409168915050786,0.0,0.0022621161227165984,0.002499021157452446,-0.0062166513106540885,0.0007884690410735313,2023-08-27 00:00:00+00:00,2023
2201,0.016262319029831305,-3.469446951953614e-18,-0.008474438608530874,-0.010069786602512261,0.002212342298754638,-0.009099301045147211,2023-08-28 00:00:00+00:00,2023
2202,0.015969661677755962,-3.469446951953614e-18,-0.006003364135281956,-0.007981302057186305,-0.004891884924337394,-0.010133273888526079,2023-08-29 00:00:00+00:00,2023
2203,0.0013554928506292949,2.168404344971009e-19,-0.0012830488508706439,-0.001198704327351651,-0.003482859321116711,-0.0013789859724804526,2023-08-30 00:00:00+00:00,2023
2204,0.013752977540887938,1.734723475976807e-18,-0.00880176949550037,-0.008528966288039952,-0.010356560564397092,-0.008627599956209226,2023-08-31 00:00:00+00:00,2023
2205,0.009411057321036734,0.0,-0.0046101678190961625,-0.005304657053919921,-0.003566080411003694,-0.004874471765190654,2023-09-01 00:00:00+00:00,2023
2206,0.01844900882825619,0.0,-0.008998582898954121,-0.010308839592671282,0.02056661161076661,-0.007655045162817231,2023-09-02 00:00:00+00:00,2023
2207,0.015359119671147043,1.734723475976807e-18,-0.005479226543871131,-0.005941342526413278,-0.01977640775345612,-0.009117088282773439,2023-09-03 00:00:00+00:00,2023
2208,-0.03329367826624614,-6.938893903907228e-18,0.017747249269113974,0.01920629152818424,-0.0061136310522416915,0.020454364082801872,2023-09-04 00:00:00+00:00,2023
2209,-0.03246040249163388,6.938893903907228e-18,0.02063747133520557,0.01944362716234709,0.026992842054473925,0.02245287303038067,2023-09-05 00:00:00+00:00,2023
2210,0.013223253144808341,1.734723475976807e-18,-0.0077617432334387195,-0.00641802411331532,0.0045296364553502316,-0.006386695684508962,2023-09-06 00:00:00+00:00,2023
2211,0.018727458553549684,0.0,-0.008539281193511609,-0.01019405889649792,-0.0022711783272521026,-0.011389503586264598,2023-09-07 00:00:00+00:00,2023
2212,0.011544210307392073,0.0,-0.006230647616519476,-0.005669692366607843,0.002047311407113412,-0.008413260839723463,2023-09-08 00:00:00+00:00,2023
2213,-0.03386420526622254,0.0,0.014448637192751631,0.019579449219769417,-0.006035192543110662,0.02296570569698976,2023-09-09 00:00:00+00:00,2023
2214,0.016674905647466213,-3.469446951953614e-18,-0.012296142188229628,-0.010617500094500463,-0.005296323639507742,-0.013473856493170714,2023-09-10 00:00:00+00:00,2023
2215,-0.013267446079371888,0.0,0.008715358445249552,0.009211564554551672,-0.00017891575974634567,0.0072376853834132514,2023-09-11 00:00:00+00:00,2023
2216,-0.07131803771595896,0.0,0.03851133946334121,0.04331967606551876,0.0007036264658253633,0.04855560869293814,2023-09-12 00:00:00+00:00,2023
2217,0.0010429267530088072,2.168404344971009e-19,-0.0003210789231561647,-0.0004922124916045383,-0.013537849408884934,-0.0035895571323238513,2023-09-13 00:00:00+00:00,2023
2218,0.007728537291656306,0.0,-0.003559005825476554,-0.004031808052599944,-0.004987361749528364,-0.0061201229664562245,2023-09-14 00:00:00+00:00,2023
2219,-0.059637617549778504,6.938893903907228e-18,0.0330155097678078,0.033855103077722215,-0.01185560592823623,0.030728867865375924,2023-09-15 00:00:00+00:00,2023
2220,0.037030416874238005,-6.938893903907228e-18,-0.01968796858904117,-0.017454984692733155,-0.00727097816936962,-0.024714437670480698,2023-09-16 00:00:00+00:00,2023
2221,-0.0025583571857876247,0.0,0.0017174619373933931,0.0018418238313909242,0.00037981181115250397,0.0007435227941805845,2023-09-17 00:00:00+00:00,2023
2222,0.01724487543106079,0.0,-0.008139024054835155,-0.010011641445775706,-0.014072220100164887,-0.012158460926983763,2023-09-18 00:00:00+00:00,2023
2223,-0.002317805717020859,0.0,0.002748600264687287,0.0022855788588401395,0.03414476861218842,-0.0003251110331193995,2023-09-19 00:00:00+00:00,2023
2224,-0.013461282223830988,1.734723475976807e-18,0.006498478610962971,0.007465300564543677,0.005073196457530254,0.005804346593165425,2023-09-20 00:00:00+00:00,2023
2225,0.0565052941257571,0.0,-0.02779242710040798,-0.02758110083848172,0.006447807806362074,-0.0372916306672483,2023-09-21 00:00:00+00:00,2023
2226,0.02479050459305933,0.0,-0.01468052177013688,-0.014183334530603503,-0.0015484849381942403,-0.01471513054886424,2023-09-22 00:00:00+00:00,2023
2227,0.008671071631776774,1.734723475976807e-18,-0.005133895682953576,-0.004824355393734355,-0.0029648048830554627,-0.00601952626916956,2023-09-23 00:00:00+00:00,2023
2228,-0.0249951390400986,3.469446951953614e-18,0.012575065085569603,0.013188319740038305,-0.0021883038292314742,0.014614881628171716,2023-09-24 00:00:00+00:00,2023
2229,0.0011056891979615382,0.0,-0.001496168934773252,-0.001049277507194451,0.0016787988999160982,-0.0021036784835917416,2023-09-25 00:00:00+00:00,2023
2230,0.02544033563941534,3.469446951953614e-18,-0.014280870172692712,-0.01367758079780967,0.0028516943333049515,-0.01339197491432199,2023-09-26 00:00:00+00:00,2023
2231,-0.04218157010575745,6.938893903907228e-18,0.0192262351542818,0.019548649376293643,-0.004548935116482626,0.025230737110037944,2023-09-27 00:00:00+00:00,2023
2232,0.025239516620987033,0.0,-0.016164352417725604,-0.015521184374261629,0.009212814092835097,-0.01613603374166199,2023-09-28 00:00:00+00:00,2023
2233,-0.01600916985353809,0.0,0.0067065736899723435,0.007525998211766789,0.021278994583141527,0.005562224187564465,2023-09-29 00:00:00+00:00,2023
2234,-0.23868863787387778,0.0,0.12086278127618533,0.11583187381773608,0.032991069362103026,0.10881653409932898,2023-09-30 00:00:00+00:00,2023
2235,0.01698316825679475,0.0,-0.018662039069045563,-0.009961737512803034,0.0033677101302919225,-0.014684219725416725,2023-10-01 00:00:00+00:00,2023
2236,0.09951168737528514,1.3877787807814457e-17,-0.04095781083379034,-0.03238681936989178,0.015672296278351303,-0.06552522468353933,2023-10-02 00:00:00+00:00,2023
2237,0.0660546385437433,0.0,-0.04258459312106871,-0.036520729336491864,0.019986194092214526,-0.0450142910978909,2023-10-03 00:00:00+00:00,2023
2238,-0.03465360256791846,-6.938893903907228e-18,0.020996297637220926,0.018881199962678476,-0.0039049478485397165,0.017338519747711695,2023-10-04 00:00:00+00:00,2023
2239,-0.03755752074937879,0.0,0.020242510618816094,0.014512864584017439,-0.0014946298335617517,0.020853617625859397,2023-10-05 00:00:00+00:00,2023
2240,-0.03533480759778637,0.0,0.020430423652307773,0.019218275896105877,-0.01649904003201165,0.02202496722335149,2023-10-06 00:00:00+00:00,2023
2241,-0.018931725639507083,0.0,0.01156817805895186,0.010471112335830177,0.006179465137401346,0.011052079396486322,2023-10-07 00:00:00+00:00,2023
2242,0.013022172670422888,0.0,-0.007593794760734154,-0.00576898241775677,0.0007182743723663284,-0.00891487289597068,2023-10-08 00:00:00+00:00,2023
2243,0.030373549534499278,6.938893903907228e-18,-0.020165755198445254,-0.019026178234403748,-0.0008044351819797846,-0.023935214729529718,2023-10-09 00:00:00+00:00,2023
2244,0.002323835539671541,0.0,-0.0004031323621223521,-0.0001290959183909376,-0.010928409019172768,-0.001382705560778449,2023-10-10 00:00:00+00:00,2023
2245,-0.02973056826854776,0.0,0.019285016648862393,0.019135822501928582,0.0023839667486270574,0.019530504929645802,2023-10-11 00:00:00+00:00,2023
2246,-0.035966620489132184,0.0,0.024241993849243425,0.0214990592951913,0.0051437034154584345,0.022458325334579768,2023-10-12 00:00:00+00:00,2023
2247,0.028826673338018312,0.0,-0.018572610654437806,-0.017426447112932078,0.0048380837630111265,-0.019073404060587384,2023-10-13 00:00:00+00:00,2023
2248,0.014687495363270579,0.0,-0.00917292902158878,-0.008665514153094097,-0.005562059459058169,-0.007852155575432625,2023-10-14 00:00:00+00:00,2023
2249,-0.0003203541223256866,3.2526065174565133e-19,0.0005355874177854777,0.0004049788711343655,-0.0037695568376722405,0.00010169583339591088,2023-10-15 00:00:00+00:00,2023
2250,0.03487640253605287,0.0,-0.023778984904976406,-0.022303292990002208,0.014404514562528517,-0.0245533617671026,2023-10-16 00:00:00+00:00,2023
2251,-0.026794949923556275,0.0,0.016721505493603274,0.01622973016007211,0.018665252342507134,0.015244820223949507,2023-10-17 00:00:00+00:00,2023
2252,-0.02768458617976838,-3.469446951953614e-18,0.016699369254441532,0.01642005746359497,0.00512472214171349,0.01862204447808644,2023-10-18 00:00:00+00:00,2023
2253,0.003482430990488251,4.336808689942018e-19,-0.0027007704712949396,-0.0023976187613740153,0.012305823061173008,-0.0019115382197344812,2023-10-19 00:00:00+00:00,2023
2254,-0.0605768978230061,0.0,0.03716532288366965,0.03731825950708119,-0.0019107999465483166,0.04151092209354274,2023-10-20 00:00:00+00:00,2023
2255,0.023481458608358183,3.469446951953614e-18,-0.016688432508479376,-0.014635768239370898,0.003998827616294807,-0.014318973432902959,2023-10-21 00:00:00+00:00,2023
2256,0.034765916733654,6.938893903907228e-18,-0.017732139156605153,-0.020863180754241605,-0.00062217541393942,-0.027226867498754397,2023-10-22 00:00:00+00:00,2023
2257,0.0012471416245208927,-4.336808689942018e-19,-0.0022816522710208008,-0.0017683687660045725,-0.007979399961444051,-0.003446703260175283,2023-10-23 00:00:00+00:00,2023
2258,-0.09363879967320916,0.0,0.04744578270798508,0.051025833761636524,0.024032120153470934,0.06684759053178888,2023-10-24 00:00:00+00:00,2023
2259,-0.014358508806287145,1.734723475976807e-18,0.008206464939676604,0.006651509412062232,-0.006117667446403239,0.005797222804980726,2023-10-25 00:00:00+00:00,2023
2260,0.03513650221327331,0.0,-0.022038707823549244,-0.01767023025624022,0.002830216610695019,-0.023968354911738193,2023-10-26 00:00:00+00:00,2023
2261,-0.003225338239611292,8.673617379884035e-19,0.002519971747132703,0.002349948058210343,-0.007841421266813102,-0.002028301273482082,2023-10-27 00:00:00+00:00,2023
2262,0.12845744933087402,0.0,-0.0698585025528567,-0.05952283186719398,0.008105818076727472,-0.10779112425071488,2023-10-28 00:00:00+00:00,2023
2263,-0.019771076784543463,0.0,0.016824626777079608,0.015031484360941058,0.002797731637242295,0.01257943413552046,2023-10-29 00:00:00+00:00,2023
2264,0.005745348389163339,0.0,-0.0031233103371759827,-0.0031250195352681086,-0.0005771075367090048,-0.006210165310151359,2023-10-30 00:00:00+00:00,2023
2265,0.01079152003387732,0.0,-0.0031211201652421115,-0.00431755447348362,-0.08975195690531261,-0.0068957594503978835,2023-10-31 00:00:00+00:00,2023
2266,-0.04730472462308919,0.0,0.03424346019860991,0.032018616412756544,0.022526869851793106,0.03445551308995464,2023-11-01 00:00:00+00:00,2023
2267,-0.01640887104946634,0.0,0.012197480759789225,0.01161758639690445,0.014771534529263504,0.010368715652455526,2023-11-02 00:00:00+00:00,2023
2268,-0.03315175542179842,6.938893903907228e-18,0.022849809525565333,0.020102130720208236,0.01165936322525616,0.02419277580842611,2023-11-03 00:00:00+00:00,2023
2269,-0.03583041444328261,0.0,0.025674819779089694,0.023069034384756902,0.009767135274171532,0.01829947920060945,2023-11-04 00:00:00+00:00,2023
2270,0.025627778553814623,-6.938893903907228e-18,-0.015181069901337524,-0.013536016175321911,-0.007515972511833596,-0.01881480661386288,2023-11-05 00:00:00+00:00,2023
2271,-0.028878952405467537,3.469446951953614e-18,0.019042517457865078,0.019907696585320434,0.013007757954163871,0.01992845765583956,2023-11-06 00:00:00+00:00,2023
2272,-0.019928171767951537,0.0,0.013106855311272184,0.01235598084651935,0.01265233303911849,0.011216256790161038,2023-11-07 00:00:00+00:00,2023
2273,0.02391892597542046,0.0,-0.01377777700088841,-0.012826722338219701,-0.011607694556072197,-0.013501042378541953,2023-11-08 00:00:00+00:00,2023
2274,-0.02334930215563093,3.469446951953614e-18,0.012281871926539865,0.012987101271158284,0.011411011007415317,0.011441132992717724,2023-11-09 00:00:00+00:00,2023
2275,-0.017032013916821215,3.469446951953614e-18,0.009414482898102945,0.008246888746578824,-0.004536906970868178,0.009439570418868205,2023-11-10 00:00:00+00:00,2023
2276,-0.0669341276151053,1.3877787807814457e-17,0.0443635271036369,0.03623759076153467,0.0042242638269220645,0.01571382632518495,2023-11-11 00:00:00+00:00,2023
2277,0.008329682098412367,-1.734723475976807e-18,-0.0015831329016206012,-0.0013693034999344563,0.000506569458829903,-0.006040138871772857,2023-11-12 00:00:00+00:00,2023
2278,0.009642995292355554,0.0,-0.006393481366628169,-0.006941363009718514,-0.013194025018952497,-0.007298520390762687,2023-11-13 00:00:00+00:00,2023
2279,0.02849765371832048,-3.469446951953614e-18,-0.012227780109090543,-0.013476241790300438,-0.001989210129399909,-0.0180548596688362,2023-11-14 00:00:00+00:00,2023
2280,0.004683997690307428,-8.673617379884035e-19,-0.002263283265238301,-0.0019073071707528836,-0.00021495888482599753,-0.0032804452138538915,2023-11-15 00:00:00+00:00,2023
2281,0.012087020074358638,0.0,-0.0078955862050031,-0.007957454843228235,-0.008557258202361924,-0.009661858283473341,2023-11-16 00:00:00+00:00,2023
2282,-0.0001496087690317853,1.3552527156068805e-19,0.001486607156447539,0.0009283088313151053,-0.0024556934765805564,-0.0002027004255403101,2023-11-17 00:00:00+00:00,2023
2283,-0.009381175411413915,0.0,0.005326180940596706,0.005865037330692898,-0.0050179034405723275,0.0034749077743053934,2023-11-18 00:00:00+00:00,2023
2284,-0.013071704355085858,1.734723475976807e-18,0.007274762583684498,0.0075253070247763565,0.009033576099215793,0.0071436970208003745,2023-11-19 00:00:00+00:00,2023
2285,-0.0031002560017271814,-4.336808689942018e-19,0.0012258458987761695,0.0017036124209641001,-0.005607280244333327,0.0004063335726161659,2023-11-20 00:00:00+00:00,2023
2286,-0.06599110438956977,1.3877787807814457e-17,0.03358464080736985,0.036078739768259184,-0.03654444637097265,0.04908442474419408,2023-11-21 00:00:00+00:00,2023
2287,0.04539487487781122,-6.938893903907228e-18,-0.03369995435124953,-0.026665944127054857,0.0038011995970592544,-0.03291501381652375,2023-11-22 00:00:00+00:00,2023
2288,0.02568462990825961,0.0,-0.017622613922888296,-0.015560271121437867,0.05364327059540855,-0.015865214907162535,2023-11-23 00:00:00+00:00,2023
2289,-0.02510806381332208,3.469446951953614e-18,0.01395946729928775,0.013803738884687878,-0.009040185526057207,0.01563122885067379,2023-11-24 00:00:00+00:00,2023
2290,-0.028107357691533816,0.0,0.01955109282515755,0.017504886507650065,-0.0008860477094636138,0.017242228825659622,2023-11-25 00:00:00+00:00,2023
2291,0.023103457059919463,-3.469446951953614e-18,-0.014906600025869292,-0.014792720572940146,0.01262424814960698,-0.019531350297353558,2023-11-26 00:00:00+00:00,2023
2292,-0.02145609055987056,3.469446951953614e-18,0.015875519437679994,0.014861163736874305,0.08846788513730315,0.01618399636071592,2023-11-27 00:00:00+00:00,2023
2293,0.020138061935116785,0.0,-0.015597822614417054,-0.014294942199046569,-0.013825399013329723,-0.014930809163025457,2023-11-28 00:00:00+00:00,2023
2294,0.032568910477324305,-6.938893903907228e-18,-0.02200433614545339,-0.019236868335746095,-0.003428336644827383,-0.0231416970293732,2023-11-29 00:00:00+00:00,2023
2295,-0.02034943111194587,3.469446951953614e-18,0.013702336712072147,0.01207032609887812,-0.015933235522158584,0.007640165597448966,2023-11-30 00:00:00+00:00,2023
2296,-0.01861862218157845,0.0,0.0077770765253731625,0.007477648568431007,-0.002512877010450925,0.009533331053602882,2023-12-01 00:00:00+00:00,2023
2297,-0.018760933639099878,0.0,0.010627154029782263,0.010197849489520513,-0.014386210782595256,0.012844027354265725,2023-12-02 00:00:00+00:00,2023
2298,0.005302255568297013,-8.673617379884035e-19,-0.0038229650207383973,-0.0030289874950091343,-0.004362227552876649,-0.0031915430486098434,2023-12-03 00:00:00+00:00,2023
2299,-0.0379050248157904,6.938893903907228e-18,0.021924191947209352,0.02289576861174824,-0.008036911147833288,0.028361152749239855,2023-12-04 00:00:00+00:00,2023
2300,-0.03377967443525421,0.0,0.026008915784859234,0.02371106783376275,0.004775477767260616,0.02551207230756504,2023-12-05 00:00:00+00:00,2023
2301,-0.0006088421951909983,-1.0842021724855044e-19,0.0009727526691992402,0.0011353857685119434,-0.008851885758087878,7.772109305314982e-06,2023-12-06 00:00:00+00:00,2023
2302,-0.04728089720010757,-6.938893903907228e-18,0.025376622907104834,0.026704833591369163,0.005093379435630152,0.03631867520559732,2023-12-07 00:00:00+00:00,2023
2303,-0.03271890804171562,0.0,0.02500614390394973,0.02077921651008182,-0.0059069058072451636,0.023273153146893155,2023-12-08 00:00:00+00:00,2023
2304,0.05882918164134025,0.0,-0.04187135799976673,-0.0384272113258043,0.0043453568686453725,-0.04334010705535298,2023-12-09 00:00:00+00:00,2023
2305,0.008114975690841675,0.0,-0.005972124447219578,-0.005704418836479831,-0.003705842927748719,-0.006965491152760171,2023-12-10 00:00:00+00:00,2023
2306,-0.01821734495460987,-3.469446951953614e-18,0.009602110850459672,0.011181552570896309,-0.00660152641967315,0.01245147838264618,2023-12-11 00:00:00+00:00,2023
2307,0.005608072504401207,0.0,-0.0023526644402778055,-0.002021264193100665,-0.005352938237415065,-0.002640908421856914,2023-12-12 00:00:00+00:00,2023
2308,-0.0016070608049631118,-8.673617379884035e-19,0.0018874872343512946,0.0016617484826042489,-0.008670997600896837,-0.0007017389028340457,2023-12-13 00:00:00+00:00,2023
2309,0.0007597867399454117,-4.336808689942018e-19,-0.0003252213834951171,-0.00017003224463776152,0.00816367997465447,-0.001174139841639228,2023-12-14 00:00:00+00:00,2023
2310,-0.0015377670526504517,-6.505213034913027e-19,-0.0015304849073915266,-0.0006290681354122862,0.005305696263456185,-0.0009965437772394773,2023-12-15 00:00:00+00:00,2023
2311,0.008695082738995552,0.0,-0.006430698279296548,-0.0060069497152247875,-0.02481546485418667,-0.0061289135204506085,2023-12-16 00:00:00+00:00,2023
2312,0.032502780109643935,0.0,-0.013107429741215381,-0.013881158707074667,0.00429383675402388,-0.023893559398671917,2023-12-17 00:00:00+00:00,2023
2313,-0.010686919093132019,0.0,0.00797508729783903,0.007483413670399854,1.3645426596061924e-05,0.006749816845767427,2023-12-18 00:00:00+00:00,2023
2314,-0.00821552388370037,-1.734723475976807e-18,0.002525208727160515,0.0030140947495852525,-0.010698535576367381,0.002754316542465227,2023-12-19 00:00:00+00:00,2023
2315,-0.0007693018764257431,1.0842021724855044e-19,0.0004736732781502924,0.0005836163896712681,0.01237021954498897,-0.0006574348043265418,2023-12-20 00:00:00+00:00,2023
2316,-0.015905166417360304,-3.469446951953614e-18,0.009282320377811636,0.00885217186386345,0.0028997889686216416,0.009142775818358968,2023-12-21 00:00:00+00:00,2023
2317,0.04220488741993904,0.0,-0.022338419215143866,-0.022842369736392296,0.003755182415272326,-0.033832608668649185,2023-12-22 00:00:00+00:00,2023
2318,0.025824494287371637,0.0,-0.020154309021219317,-0.018304131297257026,-0.0018451852115051737,-0.00901011344117917,2023-12-23 00:00:00+00:00,2023
2319,0.0030928954482078554,0.0,-6.9841746018900475e-06,-0.00045865115831958837,0.001339252604027382,-0.0020329516097900013,2023-12-24 00:00:00+00:00,2023
2320,0.01862271800637245,3.469446951953614e-18,-0.010339409613643326,-0.010212653320292723,-0.002193493343969014,-0.013781409006766564,2023-12-25 00:00:00+00:00,2023
2321,0.024134397879242896,3.469446951953614e-18,-0.014801841628652935,-0.015666328318837696,0.001972513851638196,-0.014827853162727164,2023-12-26 00:00:00+00:00,2023
2322,0.010916991159319878,1.734723475976807e-18,-0.006189047518178618,-0.005997276204912428,0.012722374794846954,-0.006441841131716036,2023-12-27 00:00:00+00:00,2023
2323,-0.034501437470316886,-6.938893903907228e-18,0.020223061576617796,0.01845304214954851,-0.003542848082726348,0.021115195433980292,2023-12-28 00:00:00+00:00,2023
2324,-0.0008772034198045731,1.0842021724855044e-19,-0.0003114394166522079,-0.00018070861890818893,-0.011141442262252865,-0.000907948763266655,2023-12-29 00:00:00+00:00,2023
2325,0.004851425811648369,-8.673617379884035e-19,-0.0035408913333714247,-0.003454503767952267,-0.009524685786952269,-0.005359463290618596,2023-12-30 00:00:00+00:00,2023
2326,-0.005475210770964622,-8.673617379884035e-19,0.004321992964035383,0.003996232398299918,-0.018896104413397025,0.002335956089958116,2023-12-31 00:00:00+00:00,2023
2327,-0.014004558324813843,0.0,0.008735816286970368,0.009829625330942917,0.004520342276835955,0.008685603009308984,2024-01-01 00:00:00+00:00,2024
2328,-0.008256752789020539,0.0,0.006063051939920509,0.006090937762928322,0.02000364949307814,0.0021628809446848406,2024-01-02 00:00:00+00:00,2024
2329,0.06826559252708962,1.3877787807814457e-17,-0.024661607192837193,-0.02967749873721988,-0.012885491701107199,-0.03893771937342934,2024-01-03 00:00:00+00:00,2024
2330,-0.002272520425184718,4.336808689942018e-19,-0.001072029623389268,-0.00021883937563944508,-0.007549597421929691,-0.0028597197814596398,2024-01-04 00:00:00+00:00,2024
2331,-0.028439279247379903,-3.469446951953614e-18,0.01257273555138341,0.013185753807699777,2.504101540276235e-05,0.02002367383049878,2024-01-05 00:00:00+00:00,2024
2332,0.024704496440647532,0.0,-0.01833227757230038,-0.01776731022622849,-0.013721812052927001,-0.018214209188739332,2024-01-06 00:00:00+00:00,2024
2333,0.011135458196484068,0.0,-0.00720138703057402,-0.0072401636346842765,-0.013131178272852368,-0.010574904000515046,2024-01-07 00:00:00+00:00,2024
2334,-0.016957531185270106,0.0,0.011000929895395688,0.01190521884763038,-0.016615033491411395,0.01048693853260688,2024-01-08 00:00:00+00:00,2024
2335,-0.03371873254296165,0.0,0.02038934417977726,0.018039416432188968,0.004809282681968292,0.024048564057250244,2024-01-09 00:00:00+00:00,2024
2336,-0.045966987714827434,0.0,0.03687806439883534,0.031395794033133945,-0.015692933392202117,0.030578698441380503,2024-01-10 00:00:00+00:00,2024
2337,0.029677091154662317,0.0,-0.020502029040700608,-0.01875860118362191,-0.016338889281993584,-0.01717177950218653,2024-01-11 00:00:00+00:00,2024
2338,-0.013513321396689745,1.734723475976807e-18,0.008221709165585595,0.007928789148094913,-0.004543040649391275,0.007702284704489878,2024-01-12 00:00:00+00:00,2024
2339,0.0006615493282582025,2.168404344971009e-19,-0.00031859156231773937,-0.00020037095897181006,0.002067727487143389,-9.717592575733615e-06,2024-01-13 00:00:00+00:00,2024
2340,-0.004417909391271243,-8.673617379884035e-19,0.0038695686836548978,0.003387298117036832,0.006435749920749487,0.002803333215462277,2024-01-14 00:00:00+00:00,2024
2341,-0.05088531858516189,0.0,0.02594563238297496,0.02982894209582136,-0.004485816502717586,0.03374795908348682,2024-01-15 00:00:00+00:00,2024
2342,0.03461093085366975,-6.938893903907228e-18,-0.023674117776241333,-0.021166566033160486,0.010772478172238531,-0.01665324141864572,2024-01-16 00:00:00+00:00,2024
2343,0.005757472800008906,0.0,-0.0019709717127675114,-0.0022665879151530363,0.006275640959280097,-0.002708966346898313,2024-01-17 00:00:00+00:00,2024
2344,-0.016541705566382257,0.0,0.008724198314737277,0.009228252922952025,0.0014772465121174628,0.009129381452539673,2024-01-18 00:00:00+00:00,2024
2345,-0.05702703516438322,-6.938893903907228e-18,0.023736376640239906,0.028936589670819433,-0.012180297196897047,0.03766274302606116,2024-01-19 00:00:00+00:00,2024
2346,-0.012209547765599857,1.734723475976807e-18,0.007982188432000834,0.007187556870239652,0.017901783774286917,0.006329623049431148,2024-01-20 00:00:00+00:00,2024
2347,-0.08144772427636872,-1.3877787807814457e-17,0.044536355709089065,0.04459725352408067,0.0049221929790295715,0.06143939298868943,2024-01-21 00:00:00+00:00,2024
2348,-0.009201701332188252,0.0,0.0071266968633287115,0.006223734348316519,0.07067430680761225,0.004892023775300729,2024-01-22 00:00:00+00:00,2024
2349,0.019516706841546785,-3.469446951953614e-18,-0.010199242376844045,-0.00945555243087673,0.0034007728241539394,-0.011492488447205658,2024-01-23 00:00:00+00:00,2024
2350,-0.01412225069489869,0.0,0.008316824047157684,0.008108566613470309,0.0062222170504000005,0.007554799628844287,2024-01-24 00:00:00+00:00,2024
2351,-0.018732870899656282,-3.469446951953614e-18,0.012761106734661826,0.01220621070286618,-0.002963051802510913,0.010848776431174035,2024-01-25 00:00:00+00:00,2024
2352,-0.12926883292648028,0.0,0.07033436456359836,0.06325835603599403,0.011215062693388761,0.088984482695199,2024-01-26 00:00:00+00:00,2024
2353,0.08284204111159223,0.0,-0.0601049917327047,-0.052630644339092994,-0.0009403495040730403,-0.06072429107475446,2024-01-27 00:00:00+00:00,2024
2354,-0.009445793598702868,0.0,0.008787746228827126,0.006484172075831381,0.0039026862262449592,0.005598405072870679,2024-01-28 00:00:00+00:00,2024
2355,-0.016077879464851237,0.0,0.007791901203509945,0.007865892262459283,0.0026644710716419856,0.009520868579331652,2024-01-29 00:00:00+00:00,2024
2356,0.009967580906250191,3.469446951953614e-18,-0.007243059590094382,-0.006588662079180329,-0.004710942493375582,-0.009156401384212918,2024-01-30 00:00:00+00:00,2024
2357,-0.010330391081073616,3.469446951953614e-18,0.003481820988399639,0.0036718650863530686,-0.009094821000993852,-0.00039481295505289053,2024-01-31 00:00:00+00:00,2024
2358,-0.025539986367495555,0.0,0.02019797672087329,0.019285836433457455,0.024809994026861973,0.021039598411668116,2024-02-01 00:00:00+00:00,2024
2359,0.007434881333285158,-2.6020852139652106e-18,-0.0021411236934497065,-0.002012730265788098,0.017981746286098534,-0.0015222413882751825,2024-02-02 00:00:00+00:00,2024
2360,0.03526389014487173,0.0,-0.022131162050028776,-0.02128284172807218,0.00584333961787372,-0.026782052943116544,2024-02-03 00:00:00+00:00,2024
2361,0.035104826384899666,0.0,-0.024965085481472884,-0.022414205926007826,-0.00899363544371036,-0.026068003123745256,2024-02-04 00:00:00+00:00,2024
2362,-0.04204126822403054,0.0,0.028990513025603286,0.027830970899457373,0.004938501093729411,0.02939277447373512,2024-02-05 00:00:00+00:00,2024
2363,0.01889614536871318,0.0,-0.0133316018632719,-0.012921796132276973,0.016906730804707608,-0.014067277479921104,2024-02-06 00:00:00+00:00,2024
2364,-0.014375211756213818,0.0,0.008914319023001858,0.009268581953460052,-0.008646998976777403,0.00899385156091132,2024-02-07 00:00:00+00:00,2024
2365,-0.03235134657691507,-6.938893903907228e-18,0.020891750127354395,0.01992968402306709,-0.00807153231225504,0.02198490422060531,2024-02-08 00:00:00+00:00,2024
2366,-0.0032866834815031562,0.0,0.0026430885762645123,0.002572446272074318,-0.01678722377385088,0.0014184807508124857,2024-02-09 00:00:00+00:00,2024
2367,0.01764718146105997,0.0,-0.009714794426781605,-0.010212150234319255,-0.008972187741340338,-0.009682868472742169,2024-02-10 00:00:00+00:00,2024
2368,-0.0018550660095962824,0.0,0.0013339086190779924,0.0007870533913842351,0.003149757139373587,-0.00017961201571492242,2024-02-11 00:00:00+00:00,2024
2369,-0.025158892659580007,0.0,0.01765834690697542,0.018703766603568595,-0.0014512012341479953,0.017617840958153518,2024-02-12 00:00:00+00:00,2024
2370,-0.031764615594951154,-6.938893903907228e-18,0.022616160627768826,0.021195734299214626,-0.013530091805253476,0.017611969371930644,2024-02-13 00:00:00+00:00,2024
2371,0.0001543966773288702,-5.421010862427522e-19,-0.00041130881945135734,-6.511032211924735e-05,-0.0048016839447611115,-0.0022503873996480486,2024-02-14 00:00:00+00:00,2024
2372,0.06836251456753101,0.0,-0.04168277250579392,-0.04208732005510837,-0.003440358464524604,-0.05380689176549747,2024-02-15 00:00:00+00:00,2024
2373,-0.01751013324151631,-3.469446951953614e-18,0.012640119118615989,0.011290144896559468,0.008437377022022508,0.008757959283780026,2024-02-16 00:00:00+00:00,2024
2374,-0.017894305434881474,0.0,0.013161955348484824,0.010660378247968626,0.025155275786104166,0.011539059524833643,2024-02-17 00:00:00+00:00,2024
2375,0.010428583310320486,0.0,-0.005725592174287392,-0.005406058614641382,-0.022488298925141086,-0.00971421361956591,2024-02-18 00:00:00+00:00,2024
2376,-0.027080556536032484,-3.469446951953614e-18,0.020751361756398058,0.017746545849701187,-0.002487603212644053,0.022098046412676063,2024-02-19 00:00:00+00:00,2024
2377,0.02666888935001273,0.0,-0.021114830548144954,-0.018901510255869104,-0.007374550156489062,-0.014153501329920815,2024-02-20 00:00:00+00:00,2024
2378,-0.007125701951353173,0.0,0.003413967983044974,0.0024929501325942757,0.00335516822504121,0.003674313934209853,2024-02-21 00:00:00+00:00,2024
2379,0.02856350180349852,0.0,-0.014622078737089884,-0.016389546031324975,-0.004883688659028777,-0.017415056305886436,2024-02-22 00:00:00+00:00,2024
2380,-0.013854349130078367,0.0,0.007809849302260197,0.007140917684037774,0.0004734939942840598,0.00806389246795456,2024-02-23 00:00:00+00:00,2024
2381,-0.029019108336222798,3.469446951953614e-18,0.01585881060213528,0.01717077647251619,-0.0001690940756323145,0.018438935880961863,2024-02-24 00:00:00+00:00,2024
2382,-0.016300258275709655,0.0,0.00986601103759456,0.009488158806487627,-0.0086880942183446,0.010661188248756672,2024-02-25 00:00:00+00:00,2024
2383,0.004758699159873159,8.673617379884035e-19,-0.0059869782939845064,-0.005328257872154853,-0.004080440939004818,-0.006822400958409485,2024-02-26 00:00:00+00:00,2024
2384,0.02030522650793979,0.0,-0.01315066652283246,-0.013816538022862552,-0.016349878468889432,-0.014173614894257686,2024-02-27 00:00:00+00:00,2024
2385,0.0074762490234876935,0.0,-0.0035428611095081634,-0.003934093542010348,0.011688106833332044,-0.004606992798116288,2024-02-28 00:00:00+00:00,2024
2386,0.02420390318883093,-3.469446951953614e-18,-0.013032321304980922,-0.013357230430829715,-0.017938200827657506,-0.02047905612670141,2024-02-29 00:00:00+00:00,2024
2387,0.00048806322248358473,-8.131516293641283e-19,-0.00022874995866411124,-2.7168921786597513e-05,-0.00696648935765699,-0.00041951879299237046,2024-03-01 00:00:00+00:00,2024
2388,-0.0002180855525167365,3.2526065174565133e-19,0.0010679083193492474,0.0003558203265994856,0.002245213652172536,0.00020509803708133162,2024-03-02 00:00:00+00:00,2024
2389,-0.0034723830538869694,4.336808689942018e-19,0.002586202323591572,0.0024640154944329225,0.003181283299947586,0.001720343030916204,2024-03-03 00:00:00+00:00,2024
2390,0.019757171602625596,0.0,-0.011606511115612998,-0.011983832780372542,0.013415685537910154,-0.014533921149971098,2024-03-04 00:00:00+00:00,2024
2391,0.038669506185933164,-6.938893903907228e-18,-0.026521553723350126,-0.025582489813040635,-0.0038915811522419533,-0.027590975219605584,2024-03-05 00:00:00+00:00,2024
2392,-0.004628598297897138,8.673617379884035e-19,0.004316211863506578,0.003565899997553168,0.009519290074541626,0.0016557857480901826,2024-03-06 00:00:00+00:00,2024
2393,-0.04186845374734778,0.0,0.02244305637259463,0.02321013533769642,0.0013256130785005288,0.03040385525266914,2024-03-07 00:00:00+00:00,2024
2394,-0.019589512755996304,3.469446951953614e-18,0.015041259069333561,0.013484922510749581,0.04825970396875522,0.014094149327951267,2024-03-08 00:00:00+00:00,2024
2395,-0.0016859409056211774,2.168404344971009e-19,0.002672805843624077,0.002240301314339751,-0.0025333547453349264,0.002063867248831304,2024-03-09 00:00:00+00:00,2024
2396,-0.009566022377265128,1.734723475976807e-18,0.005836131866871257,0.006036870109516624,-0.0023764939964624355,0.007139470195764849,2024-03-10 00:00:00+00:00,2024
2397,-0.03361198266870097,0.0,0.02530444404812257,0.025180059825385907,-0.005131642537236844,0.025283568640787468,2024-03-11 00:00:00+00:00,2024
2398,0.028107919191059313,0.0,-0.020834579703190356,-0.018594645616373764,-0.008734583364187608,-0.020429499915841916,2024-03-12 00:00:00+00:00,2024
2399,0.0075700443826223675,-8.673617379884035e-19,-0.005709354803148491,-0.005503964868088033,-0.0006125826767128875,-0.005663131244457013,2024-03-13 00:00:00+00:00,2024
2400,0.003441977265634035,0.0,-0.0017041952464476279,-0.00206390888334249,0.006457285401464671,-0.0024369245598181203,2024-03-14 00:00:00+00:00,2024
2401,-0.036908305397159176,6.938893903907228e-18,0.019537915946693185,0.022991785579719055,0.040912989964562954,0.022748475021341544,2024-03-15 00:00:00+00:00,2024
2402,-0.028575517237186432,3.469446951953614e-18,0.018065172398370764,0.017719179172020656,0.0008299975338733612,0.016768701941195105,2024-03-16 00:00:00+00:00,2024
2403,-0.0015538146621302555,-4.336808689942018e-19,0.0015246750317809174,0.0012492803635599807,0.0034837273716908407,0.0006929321642097322,2024-03-17 00:00:00+00:00,2024
2404,-0.020978956630355435,3.469446951953614e-18,0.015296039850157369,0.015338224437740248,-0.000600274729060532,0.016107307710369553,2024-03-18 00:00:00+00:00,2024
2405,0.01670473382661217,0.0,-0.012526341353128164,-0.011681483026065101,-0.005116679351473327,-0.0122436091727241,2024-03-19 00:00:00+00:00,2024
2406,0.00915178225228661,-1.734723475976807e-18,-0.004966979171276259,-0.004397733839808312,0.015210276059434256,-0.00423368931379995,2024-03-20 00:00:00+00:00,2024
2407,0.013648189402915336,0.0,-0.01005062874010187,-0.009843354912083793,0.008297449160365894,-0.010966251208350365,2024-03-21 00:00:00+00:00,2024
2408,-0.01591127023503587,0.0,0.008162091661638239,0.009060456848376034,0.010984869572398135,0.008415003061361497,2024-03-22 00:00:00+00:00,2024
2409,0.014897558737445521,3.469446951953614e-18,-0.010085447628537452,-0.009062591871518106,0.0016231624413678408,-0.012246046145985104,2024-03-23 00:00:00+00:00,2024
2410,0.006428234077788688,0.0,-0.004131012631003335,-0.0041512491633797395,-0.003898832519801859,-0.0058645607507058165,2024-03-24 00:00:00+00:00,2024
2411,-0.005598230136407388,-8.673617379884035e-19,0.004834035018572265,0.004410144748852809,0.005035324352808245,0.0036812238917257284,2024-03-25 00:00:00+00:00,2024
2412,0.005549655572788135,8.673617379884035e-19,-0.004336098514732578,-0.00444927582901314,-0.010786527299362442,-0.005965878610838861,2024-03-26 00:00:00+00:00,2024
2413,0.03397428667223131,6.938893903907228e-18,-0.018271089276212592,-0.019722838772986688,0.003215991821861358,-0.024741092404914476,2024-03-27 00:00:00+00:00,2024
2414,-0.018926106191970205,0.0,0.015280942003145937,0.01470431637284285,-0.006780341976874906,0.011086561812621673,2024-03-28 00:00:00+00:00,2024
2415,0.00553227638876116,-8.673617379884035e-19,-0.004108613296098695,-0.0036535611140104205,0.028720584688170257,-0.0027486866682623805,2024-03-29 00:00:00+00:00,2024
2416,0.008248312650500116,1.734723475976807e-18,-0.005018031588705079,-0.005425806034294373,-0.0037898785206104254,-0.006025224178070933,2024-03-30 00:00:00+00:00,2024
2417,0.0033898462314863463,1.3010426069826053e-18,-0.003734148901636033,-0.0029223129098033813,-0.040151163559936844,-0.004412060469972804,2024-03-31 00:00:00+00:00,2024
2418,-0.032049444478911324,0.0,0.024468823358650284,0.025626822987521836,0.0011710736352506558,0.022012074975231437,2024-04-01 00:00:00+00:00,2024
2419,0.03496312490991644,6.938893903907228e-18,-0.023577813802838608,-0.02242503213913257,0.03350090005971575,-0.02302948393783272,2024-04-02 00:00:00+00:00,2024
2420,-0.01897198164544138,0.0,0.013252473145234936,0.01158018860546911,0.010933359014004019,0.010742885935511353,2024-04-03 00:00:00+00:00,2024
2421,0.023972300445141436,-3.469446951953614e-18,-0.014123546637972469,-0.015354002478775112,0.09890768047795996,-0.017286745519017002,2024-04-04 00:00:00+00:00,2024
2422,0.03495093227243748,0.0,-0.021345684513858765,-0.02234727682106578,-0.008760001310020908,-0.02650728169125744,2024-04-05 00:00:00+00:00,2024
2423,0.01662951140176682,0.0,-0.010854554425386145,-0.010928053650424381,0.016909884021774513,-0.013415660739560964,2024-04-06 00:00:00+00:00,2024
2424,-0.031827714572958396,0.0,0.025242068328956563,0.02417136279906808,0.028886810399488892,0.02631391738090599,2024-04-07 00:00:00+00:00,2024
2425,-0.03671534896707859,0.0,0.03043508860976,0.028435181271126746,-0.008542550958458912,0.02896991441923954,2024-04-08 00:00:00+00:00,2024
2426,0.027482267139720268,0.0,-0.021500776236163047,-0.02018123057756186,-0.0010688089520188362,-0.01940380828000665,2024-04-09 00:00:00+00:00,2024
2427,-0.006946187035567096,0.0,0.005872741965826448,0.005047866987639715,-0.004272244160467254,0.005370752735968862,2024-04-10 00:00:00+00:00,2024
2428,-0.0018594224436753461,-2.168404344971009e-19,0.003432036268256728,0.0023518156367655215,0.00296917923977485,0.003039398691767296,2024-04-11 00:00:00+00:00,2024
2429,0.0028343805184601048,-8.673617379884035e-19,-0.0016462049991808917,-0.0015952778960103197,-0.001489783136395269,-0.0029425810160062195,2024-04-12 00:00:00+00:00,2024
2430,0.004525814496033581,-8.673617379884035e-19,-0.0024885143150698646,-0.0024477522946394865,-0.006156916050423201,-0.002901842719822986,2024-04-13 00:00:00+00:00,2024
2431,-0.0014029128331664606,2.168404344971009e-19,0.0013717104232180682,0.0010930224482732457,-0.010313152902945644,0.0003582092602929807,2024-04-14 00:00:00+00:00,2024
2432,0.0072904774483214035,-8.673617379884035e-19,-0.003978411067989225,-0.003696842953274458,0.007467382806534165,-0.005751531405647824,2024-04-15 00:00:00+00:00,2024
2433,-0.026477441297355273,3.469446951953614e-18,0.02108611180583145,0.01857153775264323,0.0037050582774797412,0.01874050300480208,2024-04-16 00:00:00+00:00,2024
2434,-0.0018708140089891958,2.168404344971009e-19,0.0004762980940771189,0.0006091832066825273,0.0022282848692015984,0.0006714901247350832,2024-04-17 00:00:00+00:00,2024
2435,-0.018902849459993668,0.0,0.012033611301890821,0.010476768674482492,0.017493871507659634,0.012099357706459294,2024-04-18 00:00:00+00:00,2024
2436,-0.00737819550693899,0.0,0.00462982941282992,0.004087788958989969,-0.008748806329441331,0.004891993443276699,2024-04-19 00:00:00+00:00,2024
2437,0.013388871282771013,0.0,-0.009802874154107084,-0.008859396395310613,-0.0013190847775039465,-0.00976074048198036,2024-04-20 00:00:00+00:00,2024
2438,0.016020224146220997,0.0,-0.008567564646403434,-0.008983863029811794,0.022342025092046604,-0.013912883239901874,2024-04-21 00:00:00+00:00,2024
2439,-0.00159301921941232,4.336808689942018e-19,0.0015111950383638476,0.0014244716983199217,-0.0010337110905283729,7.1115574275023e-05,2024-04-22 00:00:00+00:00,2024
2440,0.0028468582077302794,4.336808689942018e-19,-0.002259751752641376,-0.0020370787245273148,0.0025207497911841127,-0.002885679583629785,2024-04-23 00:00:00+00:00,2024
2441,0.024151243161464084,-3.469446951953614e-18,-0.016754775468460985,-0.015357278477786729,0.03934454314034727,-0.01889548104385278,2024-04-24 00:00:00+00:00,2024
2442,0.018050121224444847,0.0,-0.011584718647472066,-0.011031210802484363,0.0016749094941189285,-0.015110803763589184,2024-04-25 00:00:00+00:00,2024
2443,0.001993097688840783,0.0,-0.0013786860258703714,-0.0012616417058188883,-0.008462186449906622,-0.0025863844988562937,2024-04-26 00:00:00+00:00,2024
2444,0.034165189749952675,0.0,-0.026747383196723044,-0.021676158380951754,-0.01059810372811431,-0.02590113472815011,2024-04-27 00:00:00+00:00,2024
2445,-0.00567068742669147,0.0,0.004688388022315203,0.003964370727513622,-0.035414684763465834,0.0050801060866473525,2024-04-28 00:00:00+00:00,2024
2446,0.026626406804375027,-3.469446951953614e-18,-0.02248121800997358,-0.02158862160444014,-0.0028830931715786087,-0.02418136487354893,2024-04-29 00:00:00+00:00,2024
2447,-0.0030767101308573847,0.0,0.003237018073016315,0.003039450092134719,-0.007801500709312841,0.0018894820193973427,2024-04-30 00:00:00+00:00,2024
2448,-0.021047339491222217,0.0,0.016881412892496676,0.014915715802780692,-0.01609634553174907,0.01770366474236842,2024-05-01 00:00:00+00:00,2024
2449,-0.03632626153420711,0.0,0.031132484629088977,0.028221659870378956,0.003385147175748386,0.03286528076848504,2024-05-02 00:00:00+00:00,2024
2450,0.014337789321291273,1.734723475976807e-18,-0.012767252449028208,-0.011315072634930975,-0.011324195543794317,-0.012609606889060591,2024-05-03 00:00:00+00:00,2024
2451,-0.03817410011222397,0.0,0.03136721565687437,0.028029091734922164,-0.0014043787169369035,0.03286761702329166,2024-05-04 00:00:00+00:00,2024
2452,-0.024178829314052196,3.469446951953614e-18,0.021359722580974464,0.01900828344298902,0.02135292267401052,0.02070835435379656,2024-05-05 00:00:00+00:00,2024
2453,-0.01778602124988169,0.0,0.015243200708539156,0.014012614377188494,0.02747412504220901,0.014559000125067181,2024-05-06 00:00:00+00:00,2024
2454,0.0034973617049231047,4.336808689942018e-19,-0.002794420962822734,-0.0023026621590159545,-0.019280394048579008,-0.002303332120945256,2024-05-07 00:00:00+00:00,2024
2455,-0.01682430160218391,3.469446951953614e-18,0.012927601289924078,0.012336169529267757,-0.001291193990267215,0.0113337137709003,2024-05-08 00:00:00+00:00,2024
2456,0.014300538145977518,-1.734723475976807e-18,-0.008078831913601297,-0.008290364167225976,-0.0035217601994696097,-0.010599663665271705,2024-05-09 00:00:00+00:00,2024
2457,0.015733977158864338,3.469446951953614e-18,-0.01101466490688891,-0.01056654486554752,0.005848591810692843,-0.012212512844191163,2024-05-10 00:00:00+00:00,2024
2458,-0.029943369868872822,0.0,0.022167633580258382,0.021199774120284124,0.0075205878026766045,0.026347947187177517,2024-05-11 00:00:00+00:00,2024
2459,0.01623773445253787,0.0,-0.01390905513363663,-0.01239868802773974,0.005207467840882048,-0.01366323224485013,2024-05-12 00:00:00+00:00,2024
2460,-0.023904227260230244,-3.469446951953614e-18,0.020483115216672777,0.01844213763820893,-0.009233711683454323,0.021362628178635695,2024-05-13 00:00:00+00:00,2024
2461,0.015439373427543087,0.0,-0.013906441104905166,-0.012907382587089199,0.0001458676887467151,-0.013827078602451697,2024-05-14 00:00:00+00:00,2024
2462,-0.02082349899886311,0.0,0.017069719115131197,0.015858581883807545,0.024512471996304006,0.01717311601288935,2024-05-15 00:00:00+00:00,2024
2463,-0.013998815372808655,-1.734723475976807e-18,0.010864848663028816,0.009863480634263996,0.006904032727771538,0.008770469009445059,2024-05-16 00:00:00+00:00,2024
2464,-0.012724442713296235,-1.734723475976807e-18,0.009112738466358381,0.008663540095142995,-0.008091588899822534,0.007164911792915927,2024-05-17 00:00:00+00:00,2024
2465,0.005067173224776539,0.0,-0.0035753306375267187,-0.003258156174267622,0.011841014572091382,-0.004743254877130026,2024-05-18 00:00:00+00:00,2024
2466,0.011026680024702157,0.0,-0.0068949666170909744,-0.007483578144407855,0.03586330244061042,-0.008852965401966955,2024-05-19 00:00:00+00:00,2024
2467,0.010010133483516636,-1.734723475976807e-18,-0.007038165340754415,-0.006902367659386774,-0.016848292527224938,-0.008880932163864135,2024-05-20 00:00:00+00:00,2024
2468,-0.005545903497667455,-8.673617379884035e-19,0.004271311325189771,0.004013026323784552,0.0014115472157806425,0.0020078168165907576,2024-05-21 00:00:00+00:00,2024
2469,-0.06528224028758149,0.0,0.038459435060022557,0.03869221831723449,-0.006551434543422149,0.04661348291380764,2024-05-22 00:00:00+00:00,2024
2470,0.008766926936249234,0.0,-0.007244990185725282,-0.006461540593990277,0.019981327278018157,-0.0071898175200148864,2024-05-23 00:00:00+00:00,2024
2471,-0.06614322849174044,0.0,0.050173548352098564,0.04789895055230979,0.05005540283230034,0.056525597181226156,2024-05-24 00:00:00+00:00,2024
2472,-0.0788554922858281,1.3877787807814457e-17,0.06696897140483558,0.05999498342101788,-0.016082466379228166,0.06419607822288487,2024-05-25 00:00:00+00:00,2024
2473,-0.00699967190400878,0.0,0.006212933988622154,0.005442405105727326,-0.008359011882336181,0.005746122328848571,2024-05-26 00:00:00+00:00,2024
2474,0.03618271226313577,0.0,-0.029969954414572255,-0.028780911653167044,-0.01253247497607237,-0.03108808253233012,2024-05-27 00:00:00+00:00,2024
2475,0.00627045666993554,0.0,-0.005096900517476182,-0.004746048026546464,-0.01922612010008526,-0.005738295581282585,2024-05-28 00:00:00+00:00,2024
2476,-0.025006082520556094,3.469446951953614e-18,0.017250888115013643,0.017310924168323485,0.004042504054919117,0.01760459656082957,2024-05-29 00:00:00+00:00,2024
2477,-0.021231726479174484,-3.469446951953614e-18,0.014952535358576727,0.014996710978756453,-0.0001866495758253324,0.012969939851479487,2024-05-30 00:00:00+00:00,2024
2478,0.04176492610974098,6.938893903907228e-18,-0.027936401385899597,-0.026969774828751625,-0.0017848998627489274,-0.021558231133772504,2024-05-31 00:00:00+00:00,2024
2479,-0.009578809809328905,0.0,0.00507701489189646,0.004554030986069319,-0.008122889354526505,0.0038523093790639312,2024-06-01 00:00:00+00:00,2024
2480,0.02170779544915726,0.0,-0.010986856011555874,-0.012886573078198425,0.008546117606500332,-0.0173835576654373,2024-06-02 00:00:00+00:00,2024
2481,0.014425711400473296,-1.734723475976807e-18,-0.009718506110743857,-0.009797478233803903,0.013622564968741516,-0.010468505868783753,2024-06-03 00:00:00+00:00,2024
2482,0.013916868327268914,0.0,-0.009792839561503432,-0.009235223322978246,0.0029682004666404267,-0.01086785484658123,2024-06-04 00:00:00+00:00,2024
2483,0.0035907434883402354,-1.3010426069826053e-18,-0.002213096805852455,-0.002175770921823925,0.04662768397079045,-0.003460281578710304,2024-06-05 00:00:00+00:00,2024
2484,-0.015052906612851727,1.734723475976807e-18,0.010723169587137014,0.01037335331028252,-0.0019454224968795519,0.012121098238697767,2024-06-06 00:00:00+00:00,2024
2485,-0.03188992169365954,0.0,0.02421563482463568,0.02441579708324639,0.009558469545179703,0.023861875829902072,2024-06-07 00:00:00+00:00,2024
2486,0.003976260809073771,-1.734723475976807e-18,-0.00317204434099196,-0.0028037739003955574,0.0063497564424555486,-0.004563647142343841,2024-06-08 00:00:00+00:00,2024
2487,0.02342234294217332,-3.469446951953614e-18,-0.015435614920755375,-0.015542593674843197,0.011307391149528518,-0.018688929516529503,2024-06-09 00:00:00+00:00,2024
2488,-0.023692906799173,3.469446951953614e-18,0.016684087027039787,0.017537340647487777,-0.0021841515804998032,0.019702251769793025,2024-06-10 00:00:00+00:00,2024
2489,-0.005350282317713687,-8.673617379884035e-19,0.0045840785369625076,0.0041746296907742364,-0.00642219959181758,0.0037785005489800556,2024-06-11 00:00:00+00:00,2024
2490,-0.026880922622250437,3.469446951953614e-18,0.019396091599776524,0.0190481040652007,0.00038671137873326836,0.021493417245644734,2024-06-12 00:00:00+00:00,2024
2491,-0.013226657433617384,1.734723475976807e-18,0.010042120306642168,0.009707519181963616,-0.00731599524643654,0.008968463080891727,2024-06-13 00:00:00+00:00,2024
2492,-0.02100663973872823,0.0,0.015705247201975095,0.014767209991765243,0.00022520801103606547,0.01564414276090877,2024-06-14 00:00:00+00:00,2024
2493,0.014215193744888879,1.734723475976807e-18,-0.011382223454259013,-0.010140801121229512,-0.0013950849715650745,-0.011829112725557617,2024-06-15 00:00:00+00:00,2024
2494,-0.011261884431193647,3.469446951953614e-18,0.009433713803237877,0.00880773010582078,-0.011968827599391007,0.007867511283176247,2024-06-16 00:00:00+00:00,2024
2495,-0.006726138573840149,0.0,0.005265672442391895,0.005325339708829176,0.007929479506234231,0.005167810848572538,2024-06-17 00:00:00+00:00,2024
2496,0.010220911269797418,0.0,-0.007494723104220574,-0.007421232388210629,-0.0008050357066285395,-0.007465468807098138,2024-06-18 00:00:00+00:00,2024
2497,-0.024873574425403337,3.469446951953614e-18,0.01609148751377425,0.015764040493520547,0.004945886456541138,0.017892448795529432,2024-06-19 00:00:00+00:00,2024
2498,0.04364904083988883,6.938893903907228e-18,-0.034100783072311486,-0.03385336445448263,-0.006367286645780429,-0.02948086133460408,2024-06-20 00:00:00+00:00,2024
2499,0.009705747428693269,0.0,-0.0024711865537782544,-0.0033930043725922026,0.005040677227198909,-0.0057731111665027856,2024-06-21 00:00:00+00:00,2024
2500,0.03930161277154334,0.0,-0.02300598249517016,-0.0262576898314577,0.0004355612045067597,-0.029256988507962153,2024-06-22 00:00:00+00:00,2024
2501,0.0036328806912988647,-8.673617379884035e-19,-0.0013404108512645907,-0.001993845092676351,-0.007800250221096781,-0.0035123257357655775,2024-06-23 00:00:00+00:00,2024
2502,0.005371243433844775,-1.734723475976807e-18,-0.004201816040223953,-0.0042765483821237404,-0.022545107113011796,-0.0054637432685869574,2024-06-24 00:00:00+00:00,2024
2503,0.0013393329498463107,0.0,-0.001220511221812161,-0.0011784496562143884,-0.010662218788862135,-0.0023332514973407837,2024-06-25 00:00:00+00:00,2024
2504,-0.028001285585245693,6.938893903907228e-18,0.02224991181627301,0.0215611059434523,0.009949740044871348,0.01939961558262389,2024-06-26 00:00:00+00:00,2024
2505,-0.009336562533127634,0.0,0.006722990151828605,0.006065349240302791,0.022660911984551765,0.006094494883647201,2024-06-27 00:00:00+00:00,2024
2506,0.004618668466582334,0.0,-0.0018993540987803257,-0.0023983935088770425,-0.009285853271385439,-0.002908587858807473,2024-06-28 00:00:00+00:00,2024
2507,0.015828479337328262,0.0,-0.009436485342893887,-0.009773787082572549,0.008266108274979658,-0.012585333769665665,2024-06-29 00:00:00+00:00,2024
2508,-0.0010922669454385306,0.0,0.0016134457308186543,0.0011146119697103935,0.005501765693630556,1.1761663913872553e-05,2024-06-30 00:00:00+00:00,2024
2509,-0.007651602948894938,8.673617379884035e-19,0.00419388149968043,0.004780383468774595,-0.006268263167714119,0.003236165666001041,2024-07-01 00:00:00+00:00,2024
2510,-0.020500765047000564,0.0,0.014696269851260746,0.01379971993638562,0.003492412997810647,0.015032606739642872,2024-07-02 00:00:00+00:00,2024
2511,0.031106422875673716,0.0,-0.02242358365657727,-0.02126694988881379,-0.004278203222263084,-0.017238567170381164,2024-07-03 00:00:00+00:00,2024
2512,0.0017295197676156313,-4.336808689942018e-19,-0.0012933282385579545,-0.0013674599725111607,-0.0012066774033824127,-0.0022626569273676085,2024-07-04 00:00:00+00:00,2024
2513,-0.01608362179676085,0.0,0.009166449446290166,0.010251734508646217,-0.006445392757803786,0.009705244801561867,2024-07-05 00:00:00+00:00,2024
2514,-0.0023856995669940045,0.0,0.0014814232680236156,0.0015650970664683901,-0.017883870624936425,0.0009489786715969821,2024-07-06 00:00:00+00:00,2024
2515,0.003785135636802848,-8.673617379884035e-19,-0.002383576982545435,-0.002797880215579224,-0.018125277208978403,-0.0032890934159677007,2024-07-07 00:00:00+00:00,2024
2516,-0.006035410265886147,8.673617379884035e-19,0.0032979685663548563,0.0036479568129762835,-0.014692437808138403,0.003317655351483111,2024-07-08 00:00:00+00:00,2024
2517,0.004458300484955766,0.0,-0.0016204384582784092,-0.002430213843120509,0.007541660031075085,-0.0017373360017673561,2024-07-09 00:00:00+00:00,2024
2518,0.006100195509786824,8.673617379884035e-19,0.00024120996468269748,-0.0008816924786713689,-0.0021405604567277074,-0.0021155372597542856,2024-07-10 00:00:00+00:00,2024
2519,-0.005203031401597817,8.673617379884035e-19,0.0026772068095605255,0.0027669091333298477,0.001957914865262831,0.00326447633474034,2024-07-11 00:00:00+00:00,2024
2520,-0.011359125603246326,3.469446951953614e-18,0.0031642984629628827,0.0049566397913621985,0.011047306464368929,0.003710127173543923,2024-07-12 00:00:00+00:00,2024
2521,-0.010802496935575064,0.0,0.005111550666274988,0.006247286976531697,0.023844172620399364,0.00657737955206608,2024-07-13 00:00:00+00:00,2024
2522,0.003662950664986181,0.0,-0.00035112997288188957,-0.0010434774964935022,0.004181293184681781,-0.0024793549369003815,2024-07-14 00:00:00+00:00,2024
2523,0.014085164051929503,0.0,-0.00932654680075275,-0.008997940072170002,0.004598330445783574,-0.011260515008869171,2024-07-15 00:00:00+00:00,2024
2524,-0.03925190217622364,0.0,0.025667665942883673,0.023282535869338372,-0.0014033929377168242,0.021237997175072215,2024-07-16 00:00:00+00:00,2024
2525,-0.0008085570262588617,-1.0842021724855044e-18,0.0008674393203450822,0.0009559978726606566,0.006496551912650921,-0.0005452024964028893,2024-07-17 00:00:00+00:00,2024
2526,-0.013990178363013814,1.734723475976807e-18,0.007489936012839054,0.008353573999174555,-0.009217377156250034,0.007672793555646747,2024-07-18 00:00:00+00:00,2024
2527,0.014398107091889127,0.0,-0.006714738339144535,-0.00668929724501406,0.006444162793761728,-0.008599778436285756,2024-07-19 00:00:00+00:00,2024
2528,-0.0005964450253785112,1.0842021724855044e-19,-0.0017907425531337616,-0.0005494568803075416,0.034682572646129596,-0.0022247597616329917,2024-07-20 00:00:00+00:00,2024
2529,-0.004741689176049851,8.673617379884035e-19,0.0035768029455287833,0.0033119634320284775,-0.0033035358157287734,0.0035634647180567266,2024-07-21 00:00:00+00:00,2024
2530,0.011318040258101835,1.734723475976807e-18,-0.007550749548869776,-0.00781856263608282,5.3629269978072366e-05,-0.007815572525158392,2024-07-22 00:00:00+00:00,2024
2531,-0.0009683866537254275,-5.421010862427522e-19,0.0011797205860208451,0.0009513994405634538,0.0008669532952213381,-0.00013660961809124105,2024-07-23 00:00:00+00:00,2024
2532,-0.0015168590400055164,-2.168404344971009e-19,0.0013577914816984076,0.00113559156116956,-0.012082347404443802,0.0008403714398288776,2024-07-24 00:00:00+00:00,2024
2533,0.006465310358819161,-8.673617379884035e-19,-0.0037581982875005246,-0.0037089071160551317,-0.009834998882984834,-0.006122662487752111,2024-07-25 00:00:00+00:00,2024
2534,0.007206446341885865,-8.673617379884035e-19,-0.0025254322293224926,-0.0036113720592447,0.011538801881699853,-0.006665614268660797,2024-07-26 00:00:00+00:00,2024
2535,-0.0031676419818674334,0.0,0.003341793786945514,0.0028127386930788404,0.006725985637215536,0.0029111233743938144,2024-07-27 00:00:00+00:00,2024
2536,0.016846448410558337,0.0,-0.011442736779388247,-0.012332048748589583,0.00044713348922217205,-0.013555690483496172,2024-07-28 00:00:00+00:00,2024
2537,0.0016157913754004558,2.168404344971009e-19,-0.0011620919193909198,-0.0012021782241205055,-0.00869299001633571,-0.0020930426295447477,2024-07-29 00:00:00+00:00,2024
2538,-0.008364099582643,1.734723475976807e-18,0.005603434038638058,0.005432946650592918,0.05125915424356356,0.00436451342152174,2024-07-30 00:00:00+00:00,2024
2539,-0.01244049308864215,1.734723475976807e-18,0.00807108620188963,0.007846872664164,-0.000253888322641109,0.008294163983689437,2024-07-31 00:00:00+00:00,2024
2540,-0.018451280266274024,3.469446951953614e-18,0.01147985883703288,0.010919606775603819,-0.0021153742733409087,0.012720307996909028,2024-08-01 00:00:00+00:00,2024
2541,0.0026431870824508083,0.0,-0.0015494725131317752,-0.0013760573207424228,-0.001798085891963158,-0.0016534439409977397,2024-08-02 00:00:00+00:00,2024
2542,-0.000844045449759214,9.75781955236954e-19,0.0008339750118942251,0.0006042966810865956,-0.0010734421637889758,-0.0016743901065762222,2024-08-03 00:00:00+00:00,2024
2543,0.0009996668073057218,-2.168404344971009e-19,0.0007797322520159266,0.00017989052685946625,-0.018021461361714907,-0.0006475425223823043,2024-08-04 00:00:00+00:00,2024
2544,-0.003702251055768428,-4.336808689942018e-19,0.001766817090773911,0.0024348736187775333,0.004914605834003896,0.0019998928276560198,2024-08-05 00:00:00+00:00,2024
2545,0.0019055081687810768,-6.505213034913027e-19,-0.0005883448556172888,-0.0008685441350039958,0.008328623415888905,-0.0007424577320005474,2024-08-06 00:00:00+00:00,2024
2546,-0.006432408139905857,8.673617379884035e-19,0.003998817493181464,0.004045012287024271,-0.007841829077692241,0.0033571673354190704,2024-08-07 00:00:00+00:00,2024
2547,0.05184214533740328,0.0,-0.02766056982592647,-0.03007729718798187,0.0035493319632625697,-0.04013353400160995,2024-08-08 00:00:00+00:00,2024
2548,0.05292185754266404,-1.3877787807814457e-17,-0.04095663359407696,-0.03713521379593158,0.0031289563393716996,-0.04179258309520137,2024-08-09 00:00:00+00:00,2024
2549,0.08897650833348282,-1.3877787807814457e-17,-0.06500201061397329,-0.06561825568962334,-0.016764026981596764,-0.07079415951328728,2024-08-10 00:00:00+00:00,2024
2550,-0.021191487785514076,3.469446951953614e-18,0.016554182931231537,0.015492742856391023,0.021488415871814843,0.016972589542864625,2024-08-11 00:00:00+00:00,2024
2551,0.025925532552122158,-3.469446951953614e-18,-0.021834307353132895,-0.018236140396813035,-0.0038526330975697035,-0.02204133938588617,2024-08-12 00:00:00+00:00,2024
2552,-0.01326445086311748,0.0,0.010853721493137826,0.010010529760498517,-0.005674736162118062,0.006125272322094441,2024-08-13 00:00:00+00:00,2024
2553,-0.014707421073476777,1.734723475976807e-18,0.00895789269611998,0.008427753981529892,0.002153200776970265,0.01036972211521578,2024-08-14 00:00:00+00:00,2024
2554,0.020715268758627083,3.469446951953614e-18,-0.015273985271236846,-0.015063245322502848,0.014225101401203467,-0.01651852741253706,2024-08-15 00:00:00+00:00,2024
2555,0.0013721899221871645,4.336808689942018e-19,0.0002710345742894789,0.00025908746731138476,0.0036048772698781956,-7.779922516666215e-05,2024-08-16 00:00:00+00:00,2024
2556,-0.03149600429389313,6.938893903907228e-18,0.021012912662241544,0.02106241488791294,-0.009597724215330845,0.023239999479250314,2024-08-17 00:00:00+00:00,2024
2557,0.00397949728346963,-8.673617379884035e-19,-0.003130861260099889,-0.002836194164094331,0.025641084750997925,-0.003822873783736199,2024-08-18 00:00:00+00:00,2024
2558,-0.019423764625578436,0.0,0.013437753593856464,0.014455420248340376,0.04788242832562764,0.015787813066707228,2024-08-19 00:00:00+00:00,2024
2559,0.010654002200556165,0.0,-0.008970342355986283,-0.008174824681719177,0.0034547997208086607,-0.0077135245836051185,2024-08-20 00:00:00+00:00,2024
