g,mkt,Δ A 等权（不调仓）,Δ B 按当前波幅,Δ C 按检索波动预期,Δ D 随机置换(对照),Δ E 上帝视角(上限),date,year
0,-0.05035620927810669,0.0,0.023989565179727633,0.0005632571349622403,-0.0012813058587308607,0.029315455459413296,2017-08-18 00:00:00+00:00,2017
1,0.01989674459804188,3.469446951953614e-18,-0.013634652102968738,0.0004395507425628692,0.000836736133523662,-0.012988334474150409,2017-08-19 00:00:00+00:00,2017
2,-0.01250386129726063,1.734723475976807e-18,0.008445871387114993,0.00027285476253029184,0.0011732962087320116,0.00910187551199832,2017-08-20 00:00:00+00:00,2017
3,0.003476706418124112,0.0,-0.002764491581997897,0.0001590183327711131,-0.0006535200844605786,-0.004120884795291743,2017-08-21 00:00:00+00:00,2017
4,0.024363811449571088,-3.469446951953614e-18,-0.010202266831362371,4.961314113319931e-06,0.00016872067966909599,-0.0125536788688171,2017-08-22 00:00:00+00:00,2017
5,-0.0020210547880692917,-4.336808689942018e-19,0.0020847829861474773,-0.0006892768901015285,-0.0004784498513503064,0.0017464571411125217,2017-08-23 00:00:00+00:00,2017
6,-0.010554775324734774,0.0,0.001551272059730633,-0.0004698386292924725,0.0013223661603717022,-0.000915386780773424,2017-08-24 00:00:00+00:00,2017
7,-0.0071420452811501245,1.734723475976807e-18,0.004026189128309446,0.0018142580895323885,0.0011780414261728421,0.003009460343905301,2017-08-25 00:00:00+00:00,2017
8,-0.03874620632691817,6.938893903907228e-18,0.016887040480286813,0.0008241143422815927,0.0007212333124152412,0.015316127029545525,2017-08-26 00:00:00+00:00,2017
9,0.033052162690596146,-6.938893903907228e-18,-0.010409946309004863,0.0006374278262261043,0.0010260376122833564,-0.017845345529704397,2017-08-27 00:00:00+00:00,2017
10,0.012420862913131714,0.0,-0.004955698600927971,-0.0003474533053392098,0.0016718472583206953,-0.0070114759846021495,2017-08-28 00:00:00+00:00,2017
11,0.0004552964653287615,7.589415207398531e-19,0.0006931250503092815,0.0003924147475306924,0.0015136813676555009,-0.0026182688082021805,2017-08-29 00:00:00+00:00,2017
12,-0.015028946101665497,1.734723475976807e-18,0.005544657466639864,-0.0034571322102136363,0.0006284313205537871,0.0034842773217496122,2017-08-30 00:00:00+00:00,2017
13,-0.031199754348823,0.0,0.016356566092880987,0.0031895519067837164,0.003023959063581279,0.018416079528761592,2017-08-31 00:00:00+00:00,2017
14,-0.0014294950025422232,0.0,0.00042836858997124323,0.0013055511820176495,0.0006149689419868327,-0.0006839379506899876,2017-09-01 00:00:00+00:00,2017
15,0.00803782684462411,0.0,-0.006885802054587093,0.00013661976361627193,0.0004186444007116454,-0.0072297415507462,2017-09-02 00:00:00+00:00,2017
16,0.007983412061418806,0.0,0.0014923286301525372,0.0008137711959085268,-0.0004584247163800445,-0.003312255275754865,2017-09-03 00:00:00+00:00,2017
17,0.008654022855418069,0.0,-0.004142356411303267,0.0019495200760937404,-0.00121035542386064,-0.006646248018239221,2017-09-04 00:00:00+00:00,2017
18,0.0021467145000185284,-8.673617379884035e-19,0.0013972793826810765,0.0005901111529379782,-0.00022441171401956536,-0.0017711790404078315,2017-09-05 00:00:00+00:00,2017
19,0.044867495340960364,0.0,-0.016042606251738804,-0.004325330739855041,1.2298939002841625e-05,-0.0273070815491611,2017-09-06 00:00:00+00:00,2017
20,0.04850957755531583,0.0,-0.02121206550614664,0.00015328610676010324,7.747992579992119e-05,-0.031504779483294464,2017-09-07 00:00:00+00:00,2017
21,-0.02819086185523442,3.469446951953614e-18,0.015453022040361676,0.002472896829157103,-0.0009489817184688623,0.00902642262705378,2017-09-08 00:00:00+00:00,2017
22,0.001227229310755144,-8.673617379884035e-19,4.275004337739156e-05,-0.000330138192722817,-0.0002180590230016397,-0.004167398268858227,2017-09-09 00:00:00+00:00,2017
23,-0.005315793187994706,8.673617379884035e-19,-0.0013732708449691123,-0.0013834482718120189,0.0008242890584083395,9.274680076031341e-05,2017-09-10 00:00:00+00:00,2017
24,-0.038150842847495245,0.0,0.03494823167082212,0.0014283089846398797,-0.0003192957354986939,0.033727589190060615,2017-09-11 00:00:00+00:00,2017
25,-0.04573744021613022,0.0,0.040394647528741036,0.0005910436398054719,-0.0002106615609655596,0.04107698566307437,2017-09-12 00:00:00+00:00,2017
26,-0.15698576281810628,-2.7755575615628914e-17,0.1349592414305942,0.0010557855200066524,-0.0017664646960628694,0.044378816086063616,2017-09-13 00:00:00+00:00,2017
27,0.007316185482617082,8.673617379884035e-19,-0.001373434434708113,-0.0005633609190828191,0.00043587704927163483,-0.0031205945942384718,2017-09-14 00:00:00+00:00,2017
28,-0.023951412257501633,3.469446951953614e-18,0.009709345920116156,-0.0010282406779948301,5.418846286622467e-05,0.01618489893026381,2017-09-15 00:00:00+00:00,2017
29,0.024330487993896983,3.469446951953614e-18,-0.017136967317976787,-9.835828387093348e-05,0.000932162285574134,-0.016666874297607874,2017-09-16 00:00:00+00:00,2017
30,0.009607757701248418,0.0,-0.005981592613009434,-0.00016602731744488723,0.0009730097928000603,-0.006674659015201007,2017-09-17 00:00:00+00:00,2017
31,-0.01562491596722212,-1.734723475976807e-18,0.006792583009329049,-0.0006572319867458893,0.0005341688962659328,0.00891907197214578,2017-09-18 00:00:00+00:00,2017
32,0.028698457069084294,0.0,-0.016627179182912018,0.0007059481606670505,0.0006175556250987181,-0.01735942861291979,2017-09-19 00:00:00+00:00,2017
33,-0.0003214689993089245,-1.5720931501039814e-18,0.0012054768950381144,0.00028128077122460937,4.852017263370635e-05,-0.001862784070885367,2017-09-20 00:00:00+00:00,2017
34,0.016552850123374693,0.0,-0.009767112924302818,-0.0007585128721011199,-0.0009217889550994576,-0.01147059006215333,2017-09-21 00:00:00+00:00,2017
35,-0.002747635687551191,4.336808689942018e-19,0.001932620308539528,0.0007535644173909061,-0.0001187903109686971,0.000741122282567432,2017-09-22 00:00:00+00:00,2017
36,0.007958537147891137,0.0,-0.004658031440138122,-0.0012743091343777602,-0.0011572172279226975,-0.00618662499655167,2017-09-23 00:00:00+00:00,2017
37,0.00745554797111019,0.0,-0.003979762614491216,0.00032706967085180654,-0.00022337645554953815,-0.006425591414716882,2017-09-24 00:00:00+00:00,2017
38,-0.028928952832375805,3.469446951953614e-18,0.016604994953109957,0.00048459554854505746,0.00170144182645076,0.016505851103199784,2017-09-25 00:00:00+00:00,2017
39,0.056469041493631175,0.0,-0.02996478037664082,0.0003350339630262822,-0.00021131066986240093,-0.03800172400654102,2017-09-26 00:00:00+00:00,2017
40,0.025231699789724043,0.0,-0.016555494818280093,5.828099614232571e-05,0.0008256996906468791,-0.019566520138694754,2017-09-27 00:00:00+00:00,2017
41,0.03278648757165478,6.938893903907228e-18,-0.015430529772711747,0.00024081339169234467,0.000622870088339264,-0.02109105369122071,2017-09-28 00:00:00+00:00,2017
42,-0.014941732729634932,1.734723475976807e-18,0.006405622905993526,-0.00022182923356308705,0.00028942530715147033,0.0058528221708436055,2017-09-29 00:00:00+00:00,2017
43,-0.012071686406289377,0.0,0.00485348923741675,0.00010120769491099059,-0.0001937220413963832,0.004339509904245447,2017-09-30 00:00:00+00:00,2017
44,0.0049974504978426044,-8.673617379884035e-19,-0.002270206123871596,0.0006324280585051504,0.001119084869458371,-0.0034407759110379682,2017-10-01 00:00:00+00:00,2017
45,-0.010597912092057486,1.734723475976807e-18,0.010097805544900732,0.0012654117962017097,-4.716372032897466e-05,0.007865292127606362,2017-10-02 00:00:00+00:00,2017
46,0.03390946936985803,-6.938893903907228e-18,-0.023085960650788905,-0.0021741380251709685,0.0006552959495784647,-0.02724765961882821,2017-10-03 00:00:00+00:00,2017
47,-0.02749324507183499,3.469446951953614e-18,0.01680435573259464,-0.0020082747621891286,0.0010832132085478834,0.01769350995792661,2017-10-04 00:00:00+00:00,2017
48,-0.031177970152052623,0.0,0.01897859138491911,0.0003153577257687043,0.00038743025948618365,0.021727054660549087,2017-10-05 00:00:00+00:00,2017
49,0.023021769902062793,0.0,-0.015926395500748113,0.00117142208844518,-0.00035811215340718697,-0.01634461502128782,2017-10-06 00:00:00+00:00,2017
50,-0.02380085937560551,3.469446951953614e-18,0.015306747444559838,0.00033411762791211996,0.0005251233001556423,0.016397582845693245,2017-10-07 00:00:00+00:00,2017
51,-0.005991719071827237,8.673617379884035e-19,0.00439725814099504,0.0009026450626794056,-0.0002626438965572667,0.0037540491902190195,2017-10-08 00:00:00+00:00,2017
52,0.022620031757960245,-6.938893903907228e-18,-0.016484589904696288,0.00023776366770937238,0.00014272792255167963,-0.01700148850783756,2017-10-09 00:00:00+00:00,2017
53,0.003176681579105438,0.0,-0.001339706446066059,0.0004254114860564439,0.0007575740213545522,-0.0028481478718963577,2017-10-10 00:00:00+00:00,2017
54,-0.013784744436778719,0.0,0.006911673236009946,0.0008919138003050317,0.0003666782678655011,0.006665649171653802,2017-10-11 00:00:00+00:00,2017
55,-0.07569207369335114,0.0,0.03933520446182147,-0.001449994834908,-0.00013529090412656153,0.056133220318716745,2017-10-12 00:00:00+00:00,2017
56,0.018853998373425197,-3.469446951953614e-18,-0.014721846136620535,-0.0003529380254721527,0.000186884909888569,-0.012400748259337065,2017-10-13 00:00:00+00:00,2017
57,0.07289879473428877,1.3877787807814457e-17,-0.03658306271086232,-0.00039218728250407786,0.0002713970203591515,-0.04279301681772665,2017-10-14 00:00:00+00:00,2017
58,-0.01822860657222687,3.469446951953614e-18,0.008705006411651523,-0.0017814283031217827,2.627606081411285e-05,0.0054596507259932325,2017-10-15 00:00:00+00:00,2017
59,0.06409992988292988,0.0,-0.022407720497992903,-0.0005153359606692165,-0.00034163552084603976,-0.051720337774010534,2017-10-16 00:00:00+00:00,2017
60,0.015541413197150597,1.734723475976807e-18,-0.009469531554632564,0.002809183704423056,0.0005227927789400021,-0.011745144707945847,2017-10-17 00:00:00+00:00,2017
61,0.001006595905010517,2.168404344971009e-19,0.0008254153728653592,0.0010978189102829597,-4.903913768527276e-05,-0.0010771073320423512,2017-10-18 00:00:00+00:00,2017
62,-0.017785539993873008,0.0,0.010140411745850696,0.0003583422956584814,-0.00021493020242702165,0.008782133226564272,2017-10-19 00:00:00+00:00,2017
63,0.0026717598621661845,4.336808689942018e-19,-0.0016509158814583744,0.001098945754916513,0.00011590921018313086,-0.0032753823941657966,2017-10-20 00:00:00+00:00,2017
64,0.018971578891460714,0.0,-0.012132043441668159,0.00019666356118202416,5.256681483754161e-05,-0.014266506167021586,2017-10-21 00:00:00+00:00,2017
65,0.014327550851381743,0.0,-0.007623887806705101,-0.00015393482968339457,-0.0011857119323813812,-0.012076493082396821,2017-10-22 00:00:00+00:00,2017
66,0.012445451663090632,3.469446951953614e-18,-0.010069535741381641,-0.002765944579807318,0.0004827963955501991,-0.012505816706931483,2017-10-23 00:00:00+00:00,2017
67,0.014783992217137264,0.0,-0.004670241882223989,0.001154000494732287,-2.508393823905629e-05,-0.008666753448537616,2017-10-24 00:00:00+00:00,2017
68,0.01903307712995089,3.469446951953614e-18,-0.007814482949584403,0.00022558193801396412,-0.0010655726921253335,-0.01268513730741774,2017-10-25 00:00:00+00:00,2017
69,0.0006613080318157489,5.421010862427522e-19,0.002519909546528638,0.001784077505744908,-5.531098821052517e-05,-0.0005305906912563909,2017-10-26 00:00:00+00:00,2017
70,-0.0021669772955087516,8.673617379884035e-19,0.0004769721286493119,0.0010466471681453808,-0.003343343013748731,-0.003295453820288806,2017-10-27 00:00:00+00:00,2017
71,-0.03710057067148613,0.0,0.019895929432021054,-4.687776505234165e-05,0.0005776877698028329,0.01696948135738354,2017-10-28 00:00:00+00:00,2017
72,0.011426628539056488,3.469446951953614e-18,-0.005099590117611323,0.00036905173359067303,0.00024207464955845574,-0.008001896373526857,2017-10-29 00:00:00+00:00,2017
73,0.01774600057890921,0.0,-0.007170907682840979,4.861097377594631e-05,0.0008384950049047032,-0.011417676099604236,2017-10-30 00:00:00+00:00,2017
74,-0.017046638510443947,0.0,0.00933743915510784,-0.0013061123276002298,0.00036902327158885515,0.007540997730389295,2017-10-31 00:00:00+00:00,2017
75,0.0071992431626175385,0.0,-0.0032142207552936924,-0.000751460141167528,-0.0007344692419726873,-0.00480884376275576,2017-11-01 00:00:00+00:00,2017
76,0.00898151235146956,0.0,-0.0034186629974192135,-0.0010902365805217345,0.0002540634304761657,-0.006805187929037163,2017-11-02 00:00:00+00:00,2017
77,-0.013031880060831705,-1.734723475976807e-18,0.003994945119432627,-0.0002647962088121944,0.0007810653016438133,0.003996017097240309,2017-11-03 00:00:00+00:00,2017
78,-0.012938329667756052,0.0,0.005025851724729144,0.0006800840684996496,-0.0008293066303046524,0.004541018344885064,2017-11-04 00:00:00+00:00,2017
79,0.012711195384754854,-1.734723475976807e-18,-0.005842896301315486,0.0006158356786853149,-0.0005320844925676693,-0.010802851784814847,2017-11-05 00:00:00+00:00,2017
80,-0.0018058752312379725,6.505213034913027e-19,0.0013442517568966498,-0.0007279523749172301,-0.0007236987333873847,-0.0007509488202123334,2017-11-06 00:00:00+00:00,2017
81,-0.0514132757397259,6.938893903907228e-18,0.027903327279902523,0.0009645814884494328,0.0009069686200968569,0.027217070209854578,2017-11-07 00:00:00+00:00,2017
82,-0.013195341124254115,0.0,0.006220760005423645,-0.000545395915427422,-0.0009986304513893412,0.006492272667649235,2017-11-08 00:00:00+00:00,2017
83,-0.014289956759004033,1.734723475976807e-18,0.008669900019525925,3.2916106913701004e-05,0.0007805037059563091,0.007454073099529789,2017-11-09 00:00:00+00:00,2017
84,-0.06208403671489043,-6.938893903907228e-18,0.028808509715686312,-0.0017906482653851571,-0.0006412734086709768,0.027455003814834386,2017-11-10 00:00:00+00:00,2017
85,-0.062429919838905334,6.938893903907228e-18,0.026579891176106568,-0.001638781591525612,-0.0002184049682137229,0.0337671208531814,2017-11-11 00:00:00+00:00,2017
86,0.0414606700925266,0.0,-0.026256258034016405,0.0009944458427083164,-0.0010506905349428053,-0.02981680248851296,2017-11-12 00:00:00+00:00,2017
87,-0.06320429971252663,1.3877787807814457e-17,0.04103533657529289,-0.0008675520138945736,0.001259543228202653,0.043781711894096825,2017-11-13 00:00:00+00:00,2017
88,0.02794957160949707,0.0,-0.02036446734496991,-0.0008999311559993207,0.00023140784584885915,-0.022132611546757747,2017-11-14 00:00:00+00:00,2017
89,0.030269888000211853,0.0,-0.0210538683450805,0.00014105328096043063,-0.0011307899574422922,-0.02103181547133171,2017-11-15 00:00:00+00:00,2017
90,0.027474780013595802,0.0,-0.015114392092397119,0.00044511752765687487,0.0019617474984823906,-0.0211228204803417,2017-11-16 00:00:00+00:00,2017
91,0.005053629909736523,0.0,-0.0032046505887910067,0.0017677694893285002,0.001003979674156814,-0.006154676452426588,2017-11-17 00:00:00+00:00,2017
92,0.02934837945993396,-3.469446951953614e-18,-0.01739848544404169,0.0009021407507998833,0.0015023891474983848,-0.019512057698548697,2017-11-18 00:00:00+00:00,2017
93,-0.024669203587940763,0.0,0.013173370825334025,-0.0009723407526361361,0.0008144870655243143,0.016355667781962294,2017-11-19 00:00:00+00:00,2017
94,-0.014705439124788557,1.734723475976807e-18,0.01078508621323216,0.001362263891653958,-0.0005363098009012173,0.009488236490527688,2017-11-20 00:00:00+00:00,2017
95,-0.013576874562672207,1.734723475976807e-18,0.008715377410463075,-0.0006020886444818574,-1.965375920351918e-05,0.007142572217628084,2017-11-21 00:00:00+00:00,2017
96,0.008246794768742153,0.0,-0.005495145329022021,0.00028841341379886275,-0.00012888707797292787,-0.007378722830121885,2017-11-22 00:00:00+00:00,2017
97,-0.018018754039491925,3.469446951953614e-18,0.010443419939727028,4.7097919253256265e-05,0.0005789932286488983,0.010585065558957458,2017-11-23 00:00:00+00:00,2017
98,0.017037808043616157,3.469446951953614e-18,-0.012823375138141437,-0.002048895917281095,-0.0005155241821236563,-0.012704378950320217,2017-11-24 00:00:00+00:00,2017
99,0.025127254213605607,0.0,-0.0176748625911377,-0.0005332836225082904,0.001621690250830747,-0.019691679039795296,2017-11-25 00:00:00+00:00,2017
100,0.008234463946920045,1.734723475976807e-18,-0.005911994575621599,-0.0005865760808610385,0.0018354615770296238,-0.006907197979501336,2017-11-26 00:00:00+00:00,2017
101,0.01917985711299198,-3.469446951953614e-18,-0.01237759166514939,0.001303987736948356,0.0019498817043951157,-0.016755698095885282,2017-11-27 00:00:00+00:00,2017
102,-0.02516405683168223,0.0,0.019122927344796307,-0.000767242312475748,0.000794821695393997,0.0154845853189579,2017-11-28 00:00:00+00:00,2017
103,-0.0711889560793487,-1.3877787807814457e-17,0.05068922718963649,-0.0012051553407610716,3.832601493003462e-06,0.05609298778854087,2017-11-29 00:00:00+00:00,2017
104,0.018701080705078556,0.0,-0.015788857534947506,-0.00024530095540722247,-9.634736284804338e-05,-0.0157783495136753,2017-11-30 00:00:00+00:00,2017
105,-0.004239279619404968,0.0,0.0035467020875949154,0.00013468783633701492,-0.00096636210417017,0.002005844381003125,2017-12-01 00:00:00+00:00,2017
106,0.011075660376481607,0.0,-0.00472875390344084,0.00033029480844805337,-0.001161762164764317,-0.007337557762173032,2017-12-02 00:00:00+00:00,2017
107,-0.034647937391845275,6.938893903907228e-18,0.019821427552798962,-6.185756313537016e-05,0.0007130297214126141,0.023855017714427242,2017-12-03 00:00:00+00:00,2017
108,0.021666154265403748,-3.469446951953614e-18,-0.016792246098514683,-0.0009098068742120491,0.00010160807024724161,-0.018102810698114043,2017-12-04 00:00:00+00:00,2017
109,-0.05251934710476133,0.0,0.0349060195803062,-0.0007894618625763766,-0.0010356492371748488,0.03324365331722267,2017-12-05 00:00:00+00:00,2017
110,-0.07276696711778641,0.0,0.04601371442544084,-0.0020003937684316686,-0.002186895251862969,0.04736383670992282,2017-12-06 00:00:00+00:00,2017
111,0.09041794637839,-1.3877787807814457e-17,-0.0618613003560635,-9.612522607348184e-05,0.0006004854084315919,-0.06193496353912632,2017-12-07 00:00:00+00:00,2017
112,-0.005231295194890764,8.673617379884035e-19,0.002628430419103545,-0.0013026130137588623,-0.00014375394265914686,-0.0019250911357671392,2017-12-08 00:00:00+00:00,2017
113,0.018545302251974743,-3.469446951953614e-18,-0.008250852861554492,0.0011618243902954267,-0.0006126628579655388,-0.014247608407739115,2017-12-09 00:00:00+00:00,2017
114,-0.011582595606644949,1.734723475976807e-18,0.005866291842095441,-0.00027212886502639595,-0.0013082067391727032,0.006909224177168043,2017-12-10 00:00:00+00:00,2017
115,0.020119576421502517,3.469446951953614e-18,-0.00785102891730159,0.0010128091120966132,-3.942185970394474e-05,-0.013697667802981298,2017-12-11 00:00:00+00:00,2017
116,-0.03179711266739728,0.0,0.019836750745064552,0.0010497748981593558,7.707804841543264e-05,0.019230123786407368,2017-12-12 00:00:00+00:00,2017
117,0.011405579847832248,1.734723475976807e-18,-0.006728409151990072,0.0001895777941532742,-0.0003221218335737689,-0.009936118441098625,2017-12-13 00:00:00+00:00,2017
118,-0.01940553808865482,0.0,0.011827599668584515,0.0012961504996091139,-0.00027062792502792477,0.011770847314204549,2017-12-14 00:00:00+00:00,2017
119,0.004787620616285768,0.0,-0.002503368307362854,-0.0002686439693597815,-5.810211988852357e-05,-0.004722549488752001,2017-12-15 00:00:00+00:00,2017
120,0.008623991927055463,0.0,-0.004333331667409582,-0.0010074984287356788,0.0007786947499974876,-0.0046618855427523215,2017-12-16 00:00:00+00:00,2017
121,0.010774413200273905,0.0,-0.0025217013360376937,0.0009141567548343887,-0.0007940286252316776,-0.006482590246822002,2017-12-17 00:00:00+00:00,2017
122,-0.0008046994470570185,-3.2526065174565133e-19,0.0025899651340738476,7.30594697488506e-05,0.0014043141496362403,0.0006157982507322574,2017-12-18 00:00:00+00:00,2017
123,-0.017893262921947324,0.0,0.009180801603303408,-0.000181523470240412,-0.0005309421468984651,0.008448033708496241,2017-12-19 00:00:00+00:00,2017
124,-0.020502162306276085,0.0,0.00898562198665969,-0.0006954548107869218,0.0008161825658231057,0.010621849350278,2017-12-20 00:00:00+00:00,2017
125,0.012792321917128889,1.734723475976807e-18,-0.006991756954692846,-7.788479418337213e-05,0.0005164146842730789,-0.0084077332635238,2017-12-21 00:00:00+00:00,2017
126,-0.035204652237565554,0.0,0.01682675225442338,0.0010149856971288715,-2.670995591716463e-06,0.020629012969064463,2017-12-22 00:00:00+00:00,2017
127,0.040015354548415094,0.0,-0.021451223431686706,0.0007488147246309668,0.00038963231214671906,-0.02158578931630061,2017-12-23 00:00:00+00:00,2017
128,0.010663074173339426,-1.734723475976807e-18,-0.00442949207634614,6.172562425641251e-06,-6.290354896329974e-05,-0.008040352189939943,2017-12-24 00:00:00+00:00,2017
129,0.0006648793413832381,-3.2526065174565133e-19,7.745953643296477e-05,-0.0005197247288980124,3.273575732009259e-05,-0.0012289150841669253,2017-12-25 00:00:00+00:00,2017
130,0.03406784260595167,6.938893903907228e-18,-0.01621369297809899,-0.000793382289986988,-4.3185177734758606e-05,-0.02309986600525432,2017-12-26 00:00:00+00:00,2017
131,-0.012596997860315684,-3.469446951953614e-18,0.0069478653547987825,-0.0018258673404800297,0.0007092869111267226,0.00635661230157653,2017-12-27 00:00:00+00:00,2017
132,-0.012212693691253662,0.0,0.006627783852108309,-0.0004071246973504604,-9.684504118551152e-05,0.0058866290994636855,2017-12-28 00:00:00+00:00,2017
133,-0.01850533968693501,0.0,0.010273100948880618,0.0006518290710891411,0.0005757084062023854,0.010445386010010391,2017-12-29 00:00:00+00:00,2017
134,0.02500375863668081,0.0,-0.012945530454622914,-0.00026379812825683135,-0.00037373402466261973,-0.016257655755943068,2017-12-30 00:00:00+00:00,2017
135,0.009002638657887778,0.0,-0.0050341951127638165,-0.00026080530405082035,0.0007451927789239067,-0.007088491023447582,2017-12-31 00:00:00+00:00,2017
136,0.01337703545888265,0.0,-0.0065511223108263225,0.0004657482060540386,0.0007295536112067822,-0.010137387165804205,2018-01-01 00:00:00+00:00,2018
137,-0.0044940757751464845,-8.673617379884035e-19,0.0019163615728696429,1.30251945127495e-05,-0.00046580955210257825,0.0001135377461815093,2018-01-02 00:00:00+00:00,2018
138,0.05757184187571208,6.938893903907228e-18,-0.022295193453622734,0.0015317209852103095,0.001976485134774761,-0.044332092117549744,2018-01-03 00:00:00+00:00,2018
139,0.037394803365071616,-6.938893903907228e-18,-0.02424865979604006,-0.0011805195931493054,0.0033378514921741306,-0.02605857233371601,2018-01-04 00:00:00+00:00,2018
140,-0.0035841472943623862,4.336808689942018e-19,0.0008330550415046795,-0.00011971360366328909,-0.002236364012570026,-0.0011233790437822407,2018-01-05 00:00:00+00:00,2018
141,0.04159102598826091,0.0,-0.022845155732664102,0.001792489536281902,-0.00038668814875317953,-0.027851480002403957,2018-01-06 00:00:00+00:00,2018
142,-0.01546293418658407,1.734723475976807e-18,0.01051686949298012,0.00036480334715111896,-0.0009226753582225519,0.009986215256452696,2018-01-07 00:00:00+00:00,2018
143,-0.042693995331463064,6.938893903907228e-18,0.025041957657143444,-0.00012608740906867866,0.00020606056773458253,0.02237601777576244,2018-01-08 00:00:00+00:00,2018
144,0.006780847122794704,0.0,-0.003867354697057381,-0.0002468911077653105,0.00013987574870461938,-0.00580864006789052,2018-01-09 00:00:00+00:00,2018
145,0.015355852873701798,0.0,-0.006975106552221373,0.0012241727220836905,0.0001969814251483598,-0.009816636517001359,2018-01-10 00:00:00+00:00,2018
146,0.0058667871512864764,-8.673617379884035e-19,-0.002559451751559924,0.0003679720262887397,-0.0007038880338534441,-0.005124674535130707,2018-01-11 00:00:00+00:00,2018
147,-0.03637268668726871,-6.938893903907228e-18,0.01714889231297169,-1.1687128594700669e-05,-0.00040438229823493155,0.01830117423740938,2018-01-12 00:00:00+00:00,2018
148,0.0014115548447558755,-6.505213034913027e-19,-0.0009518425194933369,-0.0007856583286440538,-0.0005959946686888526,-0.0019129885971879215,2018-01-13 00:00:00+00:00,2018
149,0.004723715939019856,0.0,-0.0019648109667295415,-0.0007495970385723366,-0.0006024020159200527,-0.006361769881315253,2018-01-14 00:00:00+00:00,2018
150,0.01892876076070886,-6.938893903907228e-18,-0.007232673572608681,0.0007178556444659527,0.00035806009764188795,-0.011553564593408778,2018-01-15 00:00:00+00:00,2018
151,0.013020078602590059,0.0,-0.007663305785199179,-0.0004619622236656778,-0.0003743282394826006,-0.009249794941567538,2018-01-16 00:00:00+00:00,2018
152,0.013622282367003592,0.0,-0.008625700450420876,-0.00147727726015757,-0.000707801488255725,-0.008326872571614068,2018-01-17 00:00:00+00:00,2018
153,0.0043405874779349875,8.673617379884035e-19,-0.0024905438334753187,-0.0017324689309109074,0.0006204925718067715,-0.0051177723450937795,2018-01-18 00:00:00+00:00,2018
154,0.026256587160261052,0.0,-0.012023260202515828,-0.0017852697004171053,0.0011291582451272882,-0.018775616820175874,2018-01-19 00:00:00+00:00,2018
155,0.011805011253607901,0.0,-0.0021111845486972217,0.000961805892603345,-0.00045024972883248547,-0.010170827704561822,2018-01-20 00:00:00+00:00,2018
156,0.011069108781061675,0.0,-0.005360827487603556,0.0008917343168985108,7.390174431961237e-05,-0.007537511305817253,2018-01-21 00:00:00+00:00,2018
157,0.021283568520294994,0.0,-0.011717951020433373,0.00022522168462198178,0.00022212344285082314,-0.01697582166321354,2018-01-22 00:00:00+00:00,2018
158,0.01735507736080571,-3.469446951953614e-18,-0.011405985290674416,-0.0015416346900089112,-0.00021703650210442432,-0.012734839963573118,2018-01-23 00:00:00+00:00,2018
159,0.04636202282027194,-6.938893903907228e-18,-0.024377081610330628,0.00024946280399051196,0.0005513732944331176,-0.03598554388477865,2018-01-24 00:00:00+00:00,2018
160,0.025903214749537017,0.0,-0.011080068253855718,0.0041863109372760506,0.003108919783050775,-0.014244328192930276,2018-01-25 00:00:00+00:00,2018
161,0.06688554663407176,0.0,-0.021745249136438383,-0.0008227019545258007,0.004713386809507808,-0.05085723871139685,2018-01-26 00:00:00+00:00,2018
162,0.022335989134652273,0.0,-0.01198847515092385,0.001824061251570211,-0.0013916087873680622,-0.018197382973335882,2018-01-27 00:00:00+00:00,2018
163,-0.009388237814360026,-1.734723475976807e-18,0.004860798455742182,0.0005545268340788161,0.001730863130458081,0.0017425327499900759,2018-01-28 00:00:00+00:00,2018
164,0.045614585280418396,6.938893903907228e-18,-0.02820586972992647,-0.004098858980633349,-0.00077373657591185,-0.03142764517501667,2018-01-29 00:00:00+00:00,2018
165,-0.0044078797101974486,-8.673617379884035e-19,0.00402239778813341,0.0011152091700329862,0.0014571218917986458,-0.0003126611645768648,2018-01-30 00:00:00+00:00,2018
166,0.05439367592334747,0.0,-0.02580631381592139,0.0019338928011910644,0.0005865509436944749,-0.03333304893291169,2018-01-31 00:00:00+00:00,2018
167,0.06893100216984749,0.0,-0.0307188002418243,-0.004437668063623182,-0.002107965902698433,-0.0469276002298683,2018-02-01 00:00:00+00:00,2018
168,-0.017036590725183487,0.0,0.01164378095977455,0.004049287218241163,-0.0009610344345940547,0.008206145752844509,2018-02-02 00:00:00+00:00,2018
169,0.04466668516397476,0.0,-0.02102804770737813,0.0011481857560429465,-7.902892670105799e-05,-0.0274807383035751,2018-02-03 00:00:00+00:00,2018
170,-0.07103728652000427,0.0,0.03182708142707098,0.0013341469853501708,-0.0002551110806419815,0.04389505559207886,2018-02-04 00:00:00+00:00,2018
171,-0.04384336769580841,0.0,0.030039602569218424,-0.001073595414164838,-3.844546552937006e-05,0.030114371067310693,2018-02-05 00:00:00+00:00,2018
172,-0.013913363218307495,0.0,0.009125728567989667,-0.0012612308298599571,-0.0012405189385756056,0.007407605783303175,2018-02-06 00:00:00+00:00,2018
173,0.042387797683477405,0.0,-0.028236959157634266,0.0005009208215225602,0.00019037791681818933,-0.025152897723450883,2018-02-07 00:00:00+00:00,2018
174,-0.08359679952263832,0.0,0.04725600941186463,-0.0005514375286163054,-9.864840390413909e-05,0.049932788256438126,2018-02-08 00:00:00+00:00,2018
175,-0.009787444770336152,0.0,0.005375128279989885,-0.00022349004951952196,0.00036962409438500224,0.004539512939750541,2018-02-09 00:00:00+00:00,2018
176,0.017772745341062546,0.0,-0.01071174331891434,-0.0004180697202558689,0.00042100719581719334,-0.013545209508099655,2018-02-10 00:00:00+00:00,2018
177,-0.009540320187807084,0.0,0.0061234974689277025,0.0006645529688417331,0.0004568769434608235,0.005498688487999884,2018-02-11 00:00:00+00:00,2018
178,0.037969888728341936,0.0,-0.02164399736549819,0.00015625744170720546,0.0005021305063770479,-0.023438724409342627,2018-02-12 00:00:00+00:00,2018
179,-0.05248811215530207,6.938893903907228e-18,0.030612408689830575,-0.0001972761241968643,-0.0009233386378628347,0.02752388566694759,2018-02-13 00:00:00+00:00,2018
180,-0.06785102538120599,0.0,0.035286972573872546,0.0020597616578022643,0.0008004354555981447,0.042691514912707174,2018-02-14 00:00:00+00:00,2018
181,-0.0950418276551329,-1.3877787807814457e-17,0.05761414648922899,0.0003467703515188658,0.0005375377936496506,0.06495726662432587,2018-02-15 00:00:00+00:00,2018
182,0.029905491405063205,3.469446951953614e-18,-0.020909331117118984,0.0007348367524045475,0.0004556290891168241,-0.0210810524559798,2018-02-16 00:00:00+00:00,2018
183,-0.00035190364209617054,3.7947076036992655e-19,-0.001760160785221273,-0.001009770579479034,-0.0006623576075885714,-0.0019893672351122293,2018-02-17 00:00:00+00:00,2018
184,-0.020491865349978936,0.0,0.012180549738099051,-0.00033647196125815085,-0.00021366016989855796,0.011623190027475165,2018-02-18 00:00:00+00:00,2018
185,-0.008865719161382535,1.734723475976807e-18,0.0049378812007323065,0.0009462427689433759,0.0004248371444053097,0.004525893156006756,2018-02-19 00:00:00+00:00,2018
186,0.06760678858291812,0.0,-0.03669768604056072,0.00021443699120050896,3.7387208445538445e-05,-0.04223199357065516,2018-02-20 00:00:00+00:00,2018
187,0.0034327666933943587,0.0,-0.003726076528738282,-0.003783216788217842,0.000772343533435511,-0.0065214759402066206,2018-02-21 00:00:00+00:00,2018
188,0.04945239279328323,0.0,-0.028266494721775455,0.002005921781150631,0.00032832578353236136,-0.03746019839461376,2018-02-22 00:00:00+00:00,2018
189,0.042625418523462806,-6.938893903907228e-18,-0.023988628814956614,-0.00034504994886203066,8.361332312981085e-07,-0.030693390037910537,2018-02-23 00:00:00+00:00,2018
190,0.020091033563381287,3.469446951953614e-18,-0.0135075446730578,0.0001376130547736977,-0.00034367798548917,-0.01491760962805954,2018-02-24 00:00:00+00:00,2018
191,-0.021396817957482685,0.0,0.005271311908665921,-0.0017261553421469462,-0.0005940441030151261,0.010068580690704727,2018-02-25 00:00:00+00:00,2018
192,-0.12567033709549322,0.0,0.08033670966363457,-0.002236099326280827,0.0021307221729518766,0.08822271293907301,2018-02-26 00:00:00+00:00,2018
193,-0.030654305365027452,3.469446951953614e-18,0.022795816000740307,0.0012240280688206769,-0.00029578810748551176,0.02047172257379533,2018-02-27 00:00:00+00:00,2018
194,0.043337408362365354,-6.938893903907228e-18,-0.03092085351858697,0.0007353219617110829,-0.0012390734704386813,-0.034539450709367335,2018-02-28 00:00:00+00:00,2018
195,-0.03360080137485411,-6.938893903907228e-18,0.02037797081580775,-0.0002819726790301916,-0.0004211932217678127,0.023334715236237973,2018-03-01 00:00:00+00:00,2018
196,-0.4086395502090454,0.0,0.30205476712178486,-0.0019961289544603855,0.0012694355092513487,0.10886274297938864,2018-03-02 00:00:00+00:00,2018
197,0.10949752534308084,1.3877787807814457e-17,-0.06384686707856638,-0.003459692315304533,0.0011471314947742034,-0.05773261898717095,2018-03-03 00:00:00+00:00,2018
198,-0.05657775881813794,0.0,0.03324829440034262,0.0038713671172882214,0.000872848043573328,0.017108883841191573,2018-03-04 00:00:00+00:00,2018
199,0.03619423508644104,0.0,-0.00907051446687394,-4.402691672279746e-05,-0.0015310093610143502,-0.019902024632028135,2018-03-05 00:00:00+00:00,2018
200,-0.1359515393652567,-2.7755575615628914e-17,0.06419228837768425,-0.0007048117144056454,0.0009342335030713134,0.07732458276053861,2018-03-06 00:00:00+00:00,2018
201,0.10098086624610715,0.0,-0.06929291421004882,0.0006915812983425973,-0.0015076732565927897,-0.05977333966210682,2018-03-07 00:00:00+00:00,2018
202,-0.005474209058575514,0.0,0.005022616993891654,0.0013230923173658017,0.0006613038615940117,0.0011287418770843287,2018-03-08 00:00:00+00:00,2018
203,0.1658093464083788,0.0,-0.08712495833523716,0.0020096128253601353,0.00017909699586343697,-0.10807954295212657,2018-03-09 00:00:00+00:00,2018
204,-0.017438323032565234,0.0,0.01271772250251304,0.0005427305438403945,-1.948659091540947e-05,0.010891115291228624,2018-03-10 00:00:00+00:00,2018
205,0.007987763096646564,1.734723475976807e-18,-0.0059626414509217655,0.0009489666735468406,-0.0002259461486643884,-0.005708410963294433,2018-03-11 00:00:00+00:00,2018
206,-0.08316821950237925,-1.3877787807814457e-17,0.050451525042500334,0.0018343001900932576,0.00029011817137666873,0.05908886863864006,2018-03-12 00:00:00+00:00,2018
207,0.09141311849035867,1.3877787807814457e-17,-0.06784137910919695,0.0006261274911667503,-0.000559162526507756,-0.049694492786299865,2018-03-13 00:00:00+00:00,2018
208,0.025807270916496833,0.0,-0.01181698628613236,-0.00026822665630714046,0.0008772753432243693,-0.01313474176827037,2018-03-14 00:00:00+00:00,2018
209,0.0001981309274347817,-5.963111948670274e-19,-0.00044403254204057813,0.002241190516864,0.0013628020324209106,-0.004942504555843808,2018-03-15 00:00:00+00:00,2018
210,0.027773789516309412,-3.469446951953614e-18,-0.013220040024042791,0.0008707500683590545,-0.0008198489244164754,-0.019184083202697537,2018-03-16 00:00:00+00:00,2018
211,-0.004457782550030444,-8.673617379884035e-19,0.002950564539549089,3.409581335635497e-05,-0.0009365711551434083,-0.004073353435246298,2018-03-17 00:00:00+00:00,2018
212,-0.03788778221750834,0.0,0.016868336895204894,0.0005811426732506772,0.0005052143328840089,0.023041084916676086,2018-03-18 00:00:00+00:00,2018
213,-0.04839333855962179,-6.938893903907228e-18,0.03206799750462734,-0.0005826632339022281,0.0004203263881081068,0.0275083974594293,2018-03-19 00:00:00+00:00,2018
214,0.07666858923004334,1.3877787807814457e-17,-0.04436777893498632,0.00046238803077865154,0.0008123741232178294,-0.0458281620825297,2018-03-20 00:00:00+00:00,2018
215,0.013160877917186323,1.734723475976807e-18,-0.0066092221621558275,-0.00025334690760938153,0.0007957574663453627,-0.009294689894433224,2018-03-21 00:00:00+00:00,2018
216,0.007572383765714714,0.0,-0.00289218258133691,0.0017571525958297446,-0.0006024681573411628,-0.006104344073030361,2018-03-22 00:00:00+00:00,2018
217,0.026044118117137128,3.469446951953614e-18,-0.012066038872368443,0.00024829468003145436,0.000669686620659405,-0.01456459125067689,2018-03-23 00:00:00+00:00,2018
218,0.010529728539018747,-1.734723475976807e-18,-0.00552206276527537,0.0006013716541249693,0.00042507512058238134,-0.008039735855138418,2018-03-24 00:00:00+00:00,2018
219,0.007757725485836167,0.0,-0.004087963752567243,0.000176224049797862,-0.00037420182131433187,-0.004719513945779949,2018-03-25 00:00:00+00:00,2018
220,-0.011649103767900583,1.734723475976807e-18,0.006548262840634395,2.6861700797782204e-05,0.0009076598123898324,0.006170099462586781,2018-03-26 00:00:00+00:00,2018
221,0.07785916472055826,0.0,-0.03419417458711715,0.0014763058682481373,-7.656694283500465e-05,-0.05488586613400588,2018-03-27 00:00:00+00:00,2018
222,-0.008687810007348118,0.0,0.006655827308779555,-0.00031220348134773646,-0.00055607666617539,0.004309975167180762,2018-03-28 00:00:00+00:00,2018
223,0.03841110956237977,6.938893903907228e-18,-0.024712971648954557,-0.0007021200342815365,-0.0004977192733507663,-0.02507800580355583,2018-03-29 00:00:00+00:00,2018
224,0.005449564342039177,-8.673617379884035e-19,-0.0023197274269787403,0.00186575419184649,-0.000374678711977678,-0.006222457623111916,2018-03-30 00:00:00+00:00,2018
225,-0.08786789193210831,-1.3877787807814457e-17,0.05584163014515277,0.0002272675829566584,0.00026434109547707196,0.0630715899524236,2018-03-31 00:00:00+00:00,2018
226,0.006256209080477795,0.0,-0.004700175799315845,-0.00016693461284697248,-0.00014782318820116998,-0.0050158487258035855,2018-04-01 00:00:00+00:00,2018
227,0.01931724921766534,0.0,-0.013404975374446126,-0.00017602443621857547,-0.00012701224061164446,-0.011537512715552731,2018-04-02 00:00:00+00:00,2018
228,-0.020766450698117177,0.0,0.011177641489637702,-0.0008624656212165085,0.0005009721099281973,0.009857890600332094,2018-04-03 00:00:00+00:00,2018
229,0.013849498995815415,1.734723475976807e-18,-0.007442769753224361,-0.0002171607882155164,0.00021492113013167266,-0.009098245974240558,2018-04-04 00:00:00+00:00,2018
230,-0.03297147047088807,0.0,0.016773589355302085,2.5285015080533935e-05,-0.0015677758041545767,0.017154117198435043,2018-04-05 00:00:00+00:00,2018
231,0.06873236865882414,0.0,-0.03633801875121978,-0.00023101038920765593,-0.0009771680528241067,-0.04584482908038051,2018-04-06 00:00:00+00:00,2018
232,-0.0008322266210992653,-7.589415207398531e-19,0.0017280650224918235,0.0002852833964015869,-0.00036710645084225705,-0.001480776403688202,2018-04-07 00:00:00+00:00,2018
233,0.04120541624276035,1.3877787807814457e-17,-0.020230554747091577,-0.0002042515234681186,-0.0005181711097852065,-0.028483783998849863,2018-04-08 00:00:00+00:00,2018
234,-0.017561684171837497,0.0,0.012137352680743722,0.0016737510870430301,0.0009735386077659586,0.010662792983048392,2018-04-09 00:00:00+00:00,2018
235,-0.05009571256407772,-6.938893903907228e-18,0.033175775884696744,-0.001456223355596295,-0.0003822271461127666,0.033921522996049766,2018-04-10 00:00:00+00:00,2018
236,0.00783916697444686,0.0,-0.00589352851463461,-0.000561103389828216,-0.0002635935281763641,-0.006001886694271587,2018-04-11 00:00:00+00:00,2018
237,0.039308888366423454,0.0,-0.022250630860059985,0.00018282044265953423,0.0008523791504982739,-0.02922941605645886,2018-04-12 00:00:00+00:00,2018
238,0.029948463641017317,3.469446951953614e-18,-0.021235903098829577,-0.00026875741787543705,-7.149408026306536e-05,-0.021112331344830083,2018-04-13 00:00:00+00:00,2018
239,0.023229806538087774,3.469446951953614e-18,-0.015030690313513412,-0.0005214390673985436,-6.168107013551985e-05,-0.01629471873647586,2018-04-14 00:00:00+00:00,2018
240,0.0369990547019315,6.938893903907228e-18,-0.022209482643739023,-0.0034816003779911744,0.0015499233635213397,-0.0280459927270916,2018-04-15 00:00:00+00:00,2018
241,0.01867126413138516,0.0,-0.010924179590586319,0.0008751722963144769,3.921130137495357e-05,-0.013856853722422253,2018-04-16 00:00:00+00:00,2018
242,-0.0030418454882610276,-1.3010426069826053e-18,0.002689928929544172,-0.000596707970613764,0.0008745047484225118,0.0018454600139277658,2018-04-17 00:00:00+00:00,2018
243,0.00837261346449335,0.0,-0.005180635976103321,-0.0005869892437387189,0.0007040633246815312,-0.006807075469638423,2018-04-18 00:00:00+00:00,2018
244,0.046182863059498015,6.938893903907228e-18,-0.02272150920574402,-0.00030072313597929307,-0.00016519959318232746,-0.029082696129997903,2018-04-19 00:00:00+00:00,2018
245,-0.02663506070772807,0.0,0.01694433240173298,0.0005995806018840276,-0.0019617566100828265,0.01545403686588976,2018-04-20 00:00:00+00:00,2018
246,0.02942569979599544,-3.469446951953614e-18,-0.019037865016887624,-0.0019100975747794353,-0.0003103407243723495,-0.018702811532733732,2018-04-21 00:00:00+00:00,2018
247,0.025339351523490178,0.0,-0.014319935255356016,9.422591035939537e-05,-0.0013878217074029982,-0.01896689332308778,2018-04-22 00:00:00+00:00,2018
248,-0.025352576900930967,0.0,0.012476068230983841,-0.0015605239550920032,0.0003465203341355694,0.015229674305080309,2018-04-23 00:00:00+00:00,2018
249,-0.002146747533012839,4.336808689942018e-19,0.0004602330273495998,-0.0006873920902243768,-0.00011499898161729423,-0.00025969107714093843,2018-04-24 00:00:00+00:00,2018
250,0.005896651043611414,0.0,-0.003972252179683576,-0.00050811945239531,-2.3334169877943164e-06,-0.00579613962059927,2018-04-25 00:00:00+00:00,2018
251,-0.01057663454728968,1.734723475976807e-18,0.0064441299490805215,-0.0006618946277144877,-0.0009705606073416983,0.005619494629523393,2018-04-26 00:00:00+00:00,2018
252,0.01050876449136173,0.0,-0.005435288613342194,-0.001795715699144513,0.00042894958429136494,-0.00847150522838766,2018-04-27 00:00:00+00:00,2018
253,0.036539532156551584,0.0,-0.022432190543803528,0.00038649283648044264,0.0014705769097009616,-0.029179570557007956,2018-04-28 00:00:00+00:00,2018
254,-0.005189081957173902,-1.734723475976807e-18,0.004182010103429974,0.0006499636666570949,-0.001727741345682563,0.0004709626119590044,2018-04-29 00:00:00+00:00,2018
255,-0.09147544447765794,0.0,0.04387872352646385,-0.0007912285912049094,0.00030483192083632926,0.05630327941618745,2018-04-30 00:00:00+00:00,2018
256,-0.016143649123435796,0.0,0.01084731897060395,0.0008556040894981028,-0.00011171516722775082,0.010171884743486608,2018-05-01 00:00:00+00:00,2018
257,0.04939631944478944,0.0,-0.03295769731291302,2.35636994557753e-05,-0.002071041807844863,-0.038069936637946486,2018-05-02 00:00:00+00:00,2018
258,0.029019073691478995,3.469446951953614e-18,-0.019892203873510136,-0.0002928475196623398,-0.00041966926121807246,-0.02019291040734359,2018-05-03 00:00:00+00:00,2018
259,0.020709999078928037,0.0,-0.013199538835063168,-0.0017855943344322438,0.0031522191597064923,-0.015474937341640278,2018-05-04 00:00:00+00:00,2018
260,-0.009927242301231208,1.734723475976807e-18,0.005114832504450423,0.0015336756850414923,0.0010653168139243205,0.002529585216105249,2018-05-05 00:00:00+00:00,2018
261,0.027455591878225636,0.0,-0.01579226847471876,-0.0007227774526529541,-0.0003437297182927422,-0.021610766614207497,2018-05-06 00:00:00+00:00,2018
262,0.011157218752236202,-1.734723475976807e-18,-0.005727478704764079,0.0003958216208587908,-0.0011439541587121467,-0.00926161549149773,2018-05-07 00:00:00+00:00,2018
263,0.017740668921635068,0.0,-0.0099580726358681,-0.0009882648151758149,0.00015344941428012057,-0.01120593937865131,2018-05-08 00:00:00+00:00,2018
264,0.010909277132187766,1.734723475976807e-18,-0.0053595630788014345,0.0004388145097535944,0.0009775467566725728,-0.009010546010959852,2018-05-09 00:00:00+00:00,2018
265,0.0006151123978625769,7.589415207398531e-19,-0.0023932262638247164,-0.0024974120356581943,-0.0010049977961851951,-0.004260843189405033,2018-05-10 00:00:00+00:00,2018
266,-0.006283407238708146,3.469446951953614e-18,-0.0017112557690327152,-0.006421923159729721,0.002342234057039424,-0.004430615426067856,2018-05-11 00:00:00+00:00,2018
267,0.05613682050814574,-6.938893903907228e-18,-0.03325310219365807,0.00245106450895638,0.0005046150619032394,-0.040388491112001136,2018-05-12 00:00:00+00:00,2018
268,0.007913773772360265,0.0,-0.006644209478570348,-0.0004153118835135451,0.002716956954973225,-0.009854260145219935,2018-05-13 00:00:00+00:00,2018
269,0.0004910736583000005,-2.168404344971009e-19,-0.002756911502653025,-0.0007148423546301254,-0.0025147157112026487,-0.00507988892559615,2018-05-14 00:00:00+00:00,2018
270,0.05905551266396183,6.938893903907228e-18,-0.0430870016196881,0.0013921592453233558,0.0010966618596595992,-0.05095384288572295,2018-05-15 00:00:00+00:00,2018
271,0.007847783894374454,-1.734723475976807e-18,-0.0061652133863203985,0.002913952574302348,-0.0016273714544613174,-0.008509345861745109,2018-05-16 00:00:00+00:00,2018
272,-0.0013978392228312876,2.168404344971009e-18,0.0038526644396529013,0.004246998385664205,-0.002023471245296297,0.0018497567946680604,2018-05-17 00:00:00+00:00,2018
273,0.020852576727154612,-3.469446951953614e-18,-0.009177244741708957,0.002155318384552112,-0.0012599951697093055,-0.014210275691853,2018-05-18 00:00:00+00:00,2018
274,0.0033164332652914114,0.0,-0.001302964918614593,0.0007886544107482863,-0.0019900482701989417,-0.0033383887437215725,2018-05-19 00:00:00+00:00,2018
275,0.0240775422118176,-3.469446951953614e-18,-0.008899446895418143,-0.0007294750144990446,-0.001881975272372917,-0.016397988144284715,2018-05-20 00:00:00+00:00,2018
276,-0.03994025101606873,0.0,0.026029136930648858,-0.0006155216761198901,0.001465760502528883,0.026485747532615057,2018-05-21 00:00:00+00:00,2018
277,0.04911385802016861,0.0,-0.03375791475609451,-0.0012430278792155969,0.000658848784060119,-0.02319981609695689,2018-05-22 00:00:00+00:00,2018
278,-0.017185400957348704,-3.469446951953614e-18,0.0066809516206439365,0.0012387705122479456,-0.0016176216072603597,0.006792548658485649,2018-05-23 00:00:00+00:00,2018
279,0.034933105282399846,0.0,-0.015628892488827987,0.0004849646996925097,0.0001334127987441952,-0.02661499296655885,2018-05-24 00:00:00+00:00,2018
280,0.008755407799249408,0.0,-0.004985222409978866,0.0011878043092032522,0.0004516418519026743,-0.006786355768495737,2018-05-25 00:00:00+00:00,2018
281,-0.0036833238327640227,4.336808689942018e-19,0.002859074098886043,-0.00020187006155458287,0.0010254443735302006,0.0008909064971767367,2018-05-26 00:00:00+00:00,2018
282,0.01232088434285131,0.0,-0.0060736784796627235,0.0015079813767605622,0.001382104865876992,-0.011243484712360908,2018-05-27 00:00:00+00:00,2018
283,0.004559281874786724,-8.673617379884035e-19,-0.003274080877832567,-0.0005264591162514685,0.0001914800385800202,-0.004991758991423685,2018-05-28 00:00:00+00:00,2018
284,0.013760782778263092,0.0,-0.007839985102176143,0.0014274871229182987,-0.00041484193841772633,-0.010663137002555653,2018-05-29 00:00:00+00:00,2018
285,0.006997025825760581,8.673617379884035e-19,-0.00470100914211514,0.001307294144906295,9.415843994476768e-05,-0.0068455600595598905,2018-05-30 00:00:00+00:00,2018
286,0.017318655144084583,0.0,-0.009433849986230345,-0.001757329401872898,5.5277636975114425e-05,-0.01325395654902699,2018-05-31 00:00:00+00:00,2018
287,-0.07980151271278207,0.0,0.04251016586430344,-0.0014222064100922749,-0.0003502512232235744,0.045008538265778754,2018-06-01 00:00:00+00:00,2018
288,0.05282871357419274,6.938893903907228e-18,-0.03379785709601227,0.0012479358338797694,0.0004991108665171745,-0.03772072878588274,2018-06-02 00:00:00+00:00,2018
289,0.02168898636035705,-3.469446951953614e-18,-0.01394042134470461,-0.0010926406215472605,0.001135423719884815,-0.017145337174128167,2018-06-03 00:00:00+00:00,2018
290,-0.02709457311001453,0.0,0.0184228985707916,0.0004535718983945773,0.0013475188704672944,0.01835361247765965,2018-06-04 00:00:00+00:00,2018
291,-0.003635014151478862,8.673617379884035e-19,0.0013498349636812809,0.00028333273551775636,0.001034460818935125,0.0003897139561153595,2018-06-05 00:00:00+00:00,2018
292,0.01848565549640865,3.469446951953614e-18,-0.010001399681675191,3.939876930877245e-05,0.00014925283058354888,-0.012344369599667768,2018-06-06 00:00:00+00:00,2018
293,0.0006195260928227351,3.2526065174565133e-19,0.0019157658133616006,0.0007875992095570235,0.0015471530997782689,-0.0011096385236722007,2018-06-07 00:00:00+00:00,2018
294,0.012514675711537455,1.734723475976807e-18,-0.0074533193668862375,0.0010422153473608406,-0.0003414037670044969,-0.01356589843493623,2018-06-08 00:00:00+00:00,2018
295,-0.0005957608694558616,-2.168404344971009e-19,0.00010797824914730668,-0.00010758029978525925,-0.00023979525769863294,-0.002795939932007721,2018-06-09 00:00:00+00:00,2018
296,0.007042290745200692,8.673617379884035e-19,-0.004094716145983866,0.0009611894268898866,0.0009760879902100074,-0.006510340814784694,2018-06-10 00:00:00+00:00,2018
297,-0.007716787385416555,0.0,0.005725160689543421,0.0006533257786090433,-0.00012962918676922511,0.004099841880127116,2018-06-11 00:00:00+00:00,2018
298,0.029825309475699623,3.469446951953614e-18,-0.012175382552746132,0.0005551640954153982,0.0002535998823097463,-0.01834936880679388,2018-06-12 00:00:00+00:00,2018
299,0.009199718197623451,1.734723475976807e-18,-0.005897356853479264,-0.00030041189614152947,-0.0003639037117680252,-0.008633321256698868,2018-06-13 00:00:00+00:00,2018
300,-0.029147442225571515,-3.469446951953614e-18,0.015464409859264172,-0.0008539675522032109,-0.00040869457559475353,0.016127234070438427,2018-06-14 00:00:00+00:00,2018
301,-0.006906980996603494,-8.673617379884035e-19,0.003675896659758875,-0.0003414332052977141,-0.00017851275283983607,0.000587840227163061,2018-06-15 00:00:00+00:00,2018
302,-0.01549845671915746,-3.469446951953614e-18,0.0078912477883009,-0.0014524507452628836,-0.0012601691952918402,0.006187313796313695,2018-06-16 00:00:00+00:00,2018
303,-0.06622706094513768,0.0,0.03636750087825814,0.0009583878764278242,-0.00014841340028111383,0.05136950444537017,2018-06-17 00:00:00+00:00,2018
304,0.038758969177370484,0.0,-0.030234189643559374,0.0004938680791624975,0.0002490870894815561,-0.029690146554338832,2018-06-18 00:00:00+00:00,2018
305,0.01913910650688669,3.469446951953614e-18,-0.013576954836869326,0.0005976621883432634,0.0006125978225440497,-0.012633987087867865,2018-06-19 00:00:00+00:00,2018
306,-0.007121644590211951,0.0,0.004798660063912424,-0.000877792543050906,-0.0011607819094183796,0.0035061005611349122,2018-06-20 00:00:00+00:00,2018
307,0.014621629663135694,-1.734723475976807e-18,-0.008261233593491617,0.001129297742101269,0.00018213612183184263,-0.010201641146389506,2018-06-21 00:00:00+00:00,2018
308,-0.002798255371010822,4.336808689942018e-19,0.0009293952542564394,-0.0004319508442253697,-0.002959650698359076,-0.0016998813050372401,2018-06-22 00:00:00+00:00,2018
309,0.02514819217764813,0.0,-0.018731797164426578,-0.002872454624522288,-0.0012965492221204966,-0.022800318285422443,2018-06-23 00:00:00+00:00,2018
310,0.0224158420510914,0.0,-0.015245307130176845,0.0013337976553462333,-0.001160224251995707,-0.01833205654632236,2018-06-24 00:00:00+00:00,2018
311,-0.008995670339335566,-1.734723475976807e-18,0.0064743872229933875,0.0002721233713705775,0.0006427045448188888,0.0053573716316365596,2018-06-25 00:00:00+00:00,2018
312,0.046795997930609665,-6.938893903907228e-18,-0.03055561796567439,0.0021998825604686717,0.00013272726500752202,-0.03614178492619752,2018-06-26 00:00:00+00:00,2018
313,0.012963808101156483,0.0,-0.010395216149382856,-0.0010991834413198402,0.0019547508291426798,-0.012084613704217297,2018-06-27 00:00:00+00:00,2018
314,0.053845711845032715,0.0,-0.037010944301978876,-0.0018905438203873776,0.0023187109681984328,-0.0413792820246129,2018-06-28 00:00:00+00:00,2018
315,-0.0036050632913061913,-4.336808689942018e-19,0.0005710938616513245,-0.004377186379461596,0.0006489718045253555,-0.0010997557145371699,2018-06-29 00:00:00+00:00,2018
316,0.014712756618540337,-1.734723475976807e-18,-0.008895792660471165,-0.0020155683265017897,-0.0006208939442358518,-0.013931742536852993,2018-06-30 00:00:00+00:00,2018
317,0.02185137397364566,6.938893903907228e-18,-0.013657077542320444,0.0011803542887479264,0.000612315558972603,-0.018270027244081492,2018-07-01 00:00:00+00:00,2018
318,0.005966178994429739,0.0,-0.004452841235944396,-0.0007368491515002528,-0.0007050638790694749,-0.006023713681715934,2018-07-02 00:00:00+00:00,2018
319,-0.012692948391563014,-1.734723475976807e-18,0.010387436064677326,0.0021546070415507466,0.0006411114047717038,0.00821987014653255,2018-07-03 00:00:00+00:00,2018
320,0.01654338899411653,3.469446951953614e-18,-0.013111810404978089,-0.0007271283433278042,-0.0007116614122527204,-0.014049323365209032,2018-07-04 00:00:00+00:00,2018
321,0.010911913294541208,1.734723475976807e-18,-0.00926900043179665,-0.000609158222002441,-0.000600432022006523,-0.013747170647318717,2018-07-05 00:00:00+00:00,2018
322,-0.011701678602319014,0.0,0.0037478370725548583,-0.0019110177468828378,0.00039005408929547805,0.005535185175297025,2018-07-06 00:00:00+00:00,2018
323,0.025887676289207056,0.0,-0.020219413409277857,0.0005761656230581606,-0.0008085670513058099,-0.02255673370552386,2018-07-07 00:00:00+00:00,2018
324,0.019759489988025868,0.0,-0.012801234113834391,0.0013513330152985122,-2.418929441866738e-05,-0.017772781331861096,2018-07-08 00:00:00+00:00,2018
325,0.016630037998159725,0.0,-0.009676939157703847,0.0008293819970040285,-0.0019691101591334803,-0.01495377183321853,2018-07-09 00:00:00+00:00,2018
326,0.00496915727853775,-8.673617379884035e-19,-0.003414680698793084,0.002465404012963684,0.0027358020899831536,-0.006805061213127505,2018-07-10 00:00:00+00:00,2018
327,0.020413731535275776,0.0,-0.014873383527073456,-0.0014767453317030728,0.001236306192343807,-0.015327583549599767,2018-07-11 00:00:00+00:00,2018
328,0.020765985153159316,0.0,-0.010967410229196275,0.001673553761628803,-0.0008798958449094778,-0.013167586873295728,2018-07-12 00:00:00+00:00,2018
329,0.0057436659628031204,-8.673617379884035e-19,-0.003323388604292673,-0.0014580801600198303,0.002253299017671505,-0.005307642833367039,2018-07-13 00:00:00+00:00,2018
330,-0.005499479722003548,8.673617379884035e-19,-0.0013293774015735857,-0.0010526436124768893,5.752312829303621e-06,-0.001384552152181139,2018-07-14 00:00:00+00:00,2018
331,0.01914080104442558,-3.469446951953614e-18,-0.00899868571399493,0.0003254487797846664,0.0003206214910489655,-0.012225471192711685,2018-07-15 00:00:00+00:00,2018
332,-0.009735666742228498,0.0,0.0035324309060869993,-0.001231023697714717,0.0002941905733611413,0.0011336652644342703,2018-07-16 00:00:00+00:00,2018
333,-0.043055503055302785,-1.3877787807814457e-17,0.023483225610515322,-0.0002352226314040473,0.001386220669145663,0.027757730151529048,2018-07-17 00:00:00+00:00,2018
334,0.04444213467414933,0.0,-0.028619653729205292,0.0017868746648049688,0.0009245285503356529,-0.02531011537073168,2018-07-18 00:00:00+00:00,2018
335,-0.0025689963138464727,8.673617379884035e-19,0.0036463213011239874,-0.0004582104342999373,-3.767596387072502e-05,-0.0006981128768658684,2018-07-19 00:00:00+00:00,2018
336,0.021382848421732586,0.0,-0.010069312235538405,0.000870660000425582,0.000674147852706971,-0.015032351013856762,2018-07-20 00:00:00+00:00,2018
337,-0.0033871495362484093,-4.336808689942018e-19,0.004212296761447597,6.463696228349407e-05,0.0008445994431132814,0.0022764028951847435,2018-07-21 00:00:00+00:00,2018
338,0.028915064759773783,6.938893903907228e-18,-0.007753155815426658,0.002160021231843976,0.0005932185156211113,-0.01460853776145249,2018-07-22 00:00:00+00:00,2018
339,-0.03778812348842621,6.938893903907228e-18,0.01391988952564301,0.0027346840572369108,-0.00011074934763474764,0.024125490192790675,2018-07-23 00:00:00+00:00,2018
340,0.021684778928756712,0.0,-0.01512666406408172,-0.00014673438378624837,-6.195546370526411e-05,-0.01534496740583307,2018-07-24 00:00:00+00:00,2018
341,0.029804461598396302,0.0,-0.01570966763423403,0.00014456975760542348,-0.0009404538023296445,-0.022299035154021964,2018-07-25 00:00:00+00:00,2018
342,0.026037976741790772,-3.469446951953614e-18,-0.01715124227538717,-5.0410797391053225e-05,-0.0012222848373037234,-0.020718970616664445,2018-07-26 00:00:00+00:00,2018
343,0.042463951110839844,-6.938893903907228e-18,-0.020562693897182148,-0.00031595503078235554,0.0019210589235032702,-0.034916385771180024,2018-07-27 00:00:00+00:00,2018
344,0.0042327481508255,8.673617379884035e-19,-0.004138698879970833,-0.0007313593537816004,7.322853991129172e-05,-0.004432377118207673,2018-07-28 00:00:00+00:00,2018
345,0.05246978821140705,0.0,-0.038622116382841215,1.2131110685036084e-05,0.0009789912811176554,-0.04213833166951569,2018-07-29 00:00:00+00:00,2018
346,0.032054930040151766,0.0,-0.02508780728962648,-0.0020353708149762895,-0.0027731227141036124,-0.027957205257371748,2018-07-30 00:00:00+00:00,2018
347,0.05455115408000379,0.0,-0.03801433833788728,0.0006643602195233467,0.002239672767002515,-0.04217320202452031,2018-07-31 00:00:00+00:00,2018
348,-0.05074842849580368,0.0,0.03302444225657089,0.0019681442227487064,-0.0012276051188307088,0.0338556459925996,2018-08-01 00:00:00+00:00,2018
349,0.06278553605079651,0.0,-0.045023586890579406,0.0018498841597631294,-0.0017188500910326893,-0.04728238878437779,2018-08-02 00:00:00+00:00,2018
350,0.01866214749989686,0.0,-0.009829110673884471,-0.0016069183033427872,0.002520577260814484,-0.01691199557743641,2018-08-03 00:00:00+00:00,2018
351,0.035139334974465544,-6.938893903907228e-18,-0.02273989938492184,0.0005232127808621131,-9.165018665916597e-05,-0.02799524578966378,2018-08-04 00:00:00+00:00,2018
352,-0.002760927434320803,0.0,0.004531890351438948,0.0010116735150080857,-0.0008056145502939051,-0.0004101952889031769,2018-08-05 00:00:00+00:00,2018
353,0.04136884704642339,1.3877787807814457e-17,-0.02668471766794469,0.00029736554127240966,0.003961955479160208,-0.03458892887359996,2018-08-06 00:00:00+00:00,2018
354,0.006160006739876487,-1.734723475976807e-18,-0.0034253313580479973,0.002123616938074533,-0.0013078845577297682,-0.0055044783652001385,2018-08-07 00:00:00+00:00,2018
355,-0.022797065431421452,-3.469446951953614e-18,0.013531255928503644,-0.0006630558547760373,-0.0005835205920744282,0.014320525961427827,2018-08-08 00:00:00+00:00,2018
356,-0.053139877319335935,0.0,0.03508909255290385,-0.001323899432517206,0.0006496444235082402,0.03805519483762802,2018-08-09 00:00:00+00:00,2018
357,0.06840462834985407,0.0,-0.05268771493550316,-0.0019329688522457394,-8.073272072134374e-05,-0.05314346227776129,2018-08-10 00:00:00+00:00,2018
358,-0.0616207809320518,6.938893903907228e-18,0.041126736894058095,-0.0009627960911297168,-0.0011637624592608364,0.039187617454900604,2018-08-11 00:00:00+00:00,2018
359,0.04807115825159209,-6.938893903907228e-18,-0.03324763806284957,-0.0007117430564007599,-0.0008032469570047815,-0.03946539673121113,2018-08-12 00:00:00+00:00,2018
360,-0.0030518258567404956,0.0,0.0028884578885516785,0.002050451458563584,-0.0013802854323510996,0.00015620023947307419,2018-08-13 00:00:00+00:00,2018
361,0.03185234607848446,0.0,-0.023277387350092264,0.0023359775856399145,-0.0002664520393378528,-0.025558369673338195,2018-08-14 00:00:00+00:00,2018
362,-0.05557789897496721,0.0,0.038547357993162626,0.0004578075844193022,8.952174591152912e-05,0.041499749657882494,2018-08-15 00:00:00+00:00,2018
363,0.03328353273017066,0.0,-0.027059065249206815,-0.001050904324079345,0.0011820411163214126,-0.027023840084089708,2018-08-16 00:00:00+00:00,2018
364,-0.04252440739521938,-6.938893903907228e-18,0.027886568217593416,0.0005792333672656746,-0.0005981723655835228,0.030522728418336816,2018-08-17 00:00:00+00:00,2018
365,0.053955273290651036,0.0,-0.0404653770615927,-0.0012033255392142062,-0.0002741210150606771,-0.04069437354300905,2018-08-18 00:00:00+00:00,2018
366,0.022535313116876704,0.0,-0.014869629750992479,-0.00022704961543981023,-2.975609999356435e-05,-0.01836000662449031,2018-08-19 00:00:00+00:00,2018
367,0.02024730858595475,3.469446951953614e-18,-0.011745687068229661,0.00174503820011071,-0.0004873703023829494,-0.016388311685139583,2018-08-20 00:00:00+00:00,2018
368,0.0021932376869793595,1.3010426069826053e-18,-0.0025035165542602895,0.0004951784108214435,-0.0010044286999265962,-0.005525741157375077,2018-08-21 00:00:00+00:00,2018
369,-0.00011215436047521131,5.963111948670274e-19,0.003227024889135494,-0.0007720965132748132,0.00020928961975824674,-0.002401883197597945,2018-08-22 00:00:00+00:00,2018
370,-0.05310344284978406,0.0,0.030353939772976384,-0.0004897749148827166,-0.0028891839748673986,0.030375831235800375,2018-08-23 00:00:00+00:00,2018
371,-0.15586522654590443,-2.7755575615628914e-17,0.10057891598083657,0.0036587094537348097,0.00030364129013868424,0.10760332409448545,2018-08-24 00:00:00+00:00,2018
372,0.011196568990365053,0.0,-0.010940017610007902,-0.0003382825125016944,0.0010947741075014953,-0.00940827131167688,2018-08-25 00:00:00+00:00,2018
373,-0.14169873827594823,2.7755575615628914e-17,0.11267509397278941,0.001701737925249469,-0.0025907085228178417,0.1091664491823792,2018-08-26 00:00:00+00:00,2018
374,0.08250476639778888,0.0,-0.06623223618651855,-0.0052602609898606545,-0.0005292124248139074,-0.06470591222238421,2018-08-27 00:00:00+00:00,2018
375,-0.00920141866949738,0.0,0.00813386517231457,-0.00019093832377084334,0.0016432692507865427,0.007634453923563204,2018-08-28 00:00:00+00:00,2018
376,-0.023324591214539576,0.0,0.018486305588215176,6.750037828550173e-05,-0.0013608850431890453,0.014101972827951267,2018-08-29 00:00:00+00:00,2018
377,0.05386947168678534,0.0,-0.037537968383133155,0.0023304260804228732,-0.00037935792128157564,-0.04083648792427574,2018-08-30 00:00:00+00:00,2018
378,0.029681136862176362,0.0,-0.01821161166282169,-4.210069563078539e-06,-0.00018403511315695856,-0.020812354158058374,2018-08-31 00:00:00+00:00,2018
379,0.011753298402801761,3.469446951953614e-18,-0.007720000793133467,0.0006907907276103402,0.0010570485447034643,-0.010293566849265454,2018-09-01 00:00:00+00:00,2018
380,0.027032521682056953,6.938893903907228e-18,-0.018944756852858458,-0.0007870321592371513,0.0009703015609570653,-0.021166449593511345,2018-09-02 00:00:00+00:00,2018
381,-0.05580103978878114,-6.938893903907228e-18,0.03727376745311457,0.00043144245217287963,-0.0009277869806284048,0.04176434693738562,2018-09-03 00:00:00+00:00,2018
382,0.016006092230478924,0.0,-0.011743923056845254,0.00027215632441175003,-0.00032031896285298483,-0.013075365942381265,2018-09-04 00:00:00+00:00,2018
383,-0.05982834730691057,-6.938893903907228e-18,0.040370556524717806,0.0028144849932874097,-0.0007792487830764333,0.049005914071538245,2018-09-05 00:00:00+00:00,2018
384,-0.0031092006985734147,4.336808689942018e-19,0.0029699290214228865,0.0009826995308306278,-0.000708844543738203,0.0005941202389098108,2018-09-06 00:00:00+00:00,2018
385,0.0010078688783030356,0.0,0.0009986503588699357,0.0010082019869770645,-0.0004161912894909412,0.00024761761142030273,2018-09-07 00:00:00+00:00,2018
386,-0.012066597938537598,0.0,0.007581045895167891,-7.284007339557544e-06,-2.7297173508874714e-05,0.0071508349579161926,2018-09-08 00:00:00+00:00,2018
387,0.015993171741092015,0.0,-0.012717278671411788,0.00033277649334988516,-0.0005929763834599516,-0.013731928388857747,2018-09-09 00:00:00+00:00,2018
388,-0.03697175071353004,0.0,0.02859851232238888,0.000982927268286124,0.0014761577405643864,0.02674640315171344,2018-09-10 00:00:00+00:00,2018
389,-0.08947681150739155,-1.3877787807814457e-17,0.06536412438507419,0.0013283107957272056,-0.00070430178119954,0.06951547832404957,2018-09-11 00:00:00+00:00,2018
390,0.008566358259746007,-1.734723475976807e-18,-0.006398529170120343,-0.0007174321759211497,0.0013805419661394105,-0.007251529724697597,2018-09-12 00:00:00+00:00,2018
391,-0.07218382367864251,0.0,0.05646816426161874,0.0025938523015130305,-0.001827331825582812,0.05392245189279792,2018-09-13 00:00:00+00:00,2018
392,0.09601266624391541,0.0,-0.07388443409474678,0.00025699225816722127,5.632433868404951e-05,-0.07547643762865253,2018-09-14 00:00:00+00:00,2018
393,0.023477293724237486,0.0,-0.01790138990060474,0.000391490856039553,-0.000294320688888558,-0.018679783266301594,2018-09-15 00:00:00+00:00,2018
394,0.013940113459446634,-1.734723475976807e-18,-0.009508322430448439,-0.0016564060614720696,-0.00027242547637532435,-0.011156230047338714,2018-09-16 00:00:00+00:00,2018
395,-0.01162527790365293,0.0,0.00852525570323219,-0.0005399149772085179,-0.0009108127153917012,0.008338758002898053,2018-09-17 00:00:00+00:00,2018
396,0.009933344615522281,0.0,-0.005638720651187012,0.0017512363290765106,0.0002816064470121133,-0.00813163943025249,2018-09-18 00:00:00+00:00,2018
397,0.0036750204803407656,-1.3010426069826053e-18,-0.002155919483103546,-0.0002604921461207112,9.788665336722506e-05,-0.0031744073900768057,2018-09-19 00:00:00+00:00,2018
398,0.006971892026754526,8.673617379884035e-19,-0.0049843961645016956,-0.0005056751708484263,0.00022594180970045112,-0.007009495369744427,2018-09-20 00:00:00+00:00,2018
399,-0.031226485050641573,0.0,0.021153126769601568,0.001026359176142258,0.0004203543466817332,0.02180608070956699,2018-09-21 00:00:00+00:00,2018
400,-0.03772542176355843,6.938893903907228e-18,0.02586982486725375,-0.0013704608533668186,-0.0013802666070705308,0.025929554315939168,2018-09-22 00:00:00+00:00,2018
401,0.0032932034885610334,-4.336808689942018e-19,-0.0019560329345952097,0.0005096554057612852,-0.0012302197173242558,-0.003001442354525516,2018-09-23 00:00:00+00:00,2018
402,-0.003559118418982535,-4.336808689942018e-19,0.004773879012577024,0.00015496794898964836,0.0010956051573803183,0.003402390242649587,2018-09-24 00:00:00+00:00,2018
403,-0.004540070439829971,0.0,0.00483916271773857,0.00014834240223037497,0.0002660817127736279,0.003536609624265501,2018-09-25 00:00:00+00:00,2018
404,-0.08311281375812762,1.3877787807814457e-17,0.059609887218223495,0.00033450967992249003,-0.0001715798585426448,0.06027982325285073,2018-09-26 00:00:00+00:00,2018
405,0.020381424463156498,3.469446951953614e-18,-0.016023365964280924,0.001091371687423414,-0.0006701510364133766,-0.016211306371319865,2018-09-27 00:00:00+00:00,2018
406,0.03584639425564529,6.938893903907228e-18,-0.025056701228885293,0.0004921817886021571,0.000508491418420319,-0.029195730522463673,2018-09-28 00:00:00+00:00,2018
407,0.051018243893644864,-6.938893903907228e-18,-0.03828802753595109,-0.00040362116636809275,0.00019729304969628297,-0.038618090372381064,2018-09-29 00:00:00+00:00,2018
408,0.008982458957155845,0.0,-0.006039150238826743,0.0028262607921081453,0.0009838912867455706,-0.007165226645066615,2018-09-30 00:00:00+00:00,2018
409,0.009673746904932466,0.0,-0.005566248395289714,-0.0019193496217637385,0.00026543330572341775,-0.009102774969424073,2018-10-01 00:00:00+00:00,2018
410,0.014390549552974417,0.0,-0.009345975823719266,0.0006502415172581679,-0.0006405310233671777,-0.012090389343588803,2018-10-02 00:00:00+00:00,2018
411,-0.00786018994317126,1.734723475976807e-18,0.004868899848613595,8.735660036251862e-05,0.0008306191024264643,0.003648107940170609,2018-10-03 00:00:00+00:00,2018
412,-0.02384140509278027,-3.469446951953614e-18,0.01647583205407138,0.0010934728329016936,-0.00018388752642196568,0.018780007058281763,2018-10-04 00:00:00+00:00,2018
413,-0.014975086521746507,1.734723475976807e-18,0.012582051863498284,0.0005038791204446669,0.00012560422188372632,0.010844187723402609,2018-10-05 00:00:00+00:00,2018
414,-0.04218939498618797,0.0,0.02945673249613898,-0.00045723913584776177,0.00016034732941004604,0.03053366608357821,2018-10-06 00:00:00+00:00,2018
415,0.01714113724492762,0.0,-0.013300764810152951,-0.000702471172627131,0.00013085338915527073,-0.01426636790889646,2018-10-07 00:00:00+00:00,2018
416,0.0165160646403793,3.469446951953614e-18,-0.010761429333663601,0.00040711471465028,0.00018494915265292872,-0.012331670248782735,2018-10-08 00:00:00+00:00,2018
417,-0.016094450968025375,3.469446951953614e-18,0.013576210559277074,0.0006614781672241443,-0.0009341086858132806,0.010722029338762562,2018-10-09 00:00:00+00:00,2018
418,-0.05234851802352571,6.938893903907228e-18,0.034219884445410825,-0.001165506593646698,4.9679948959581444e-05,0.03890745662409771,2018-10-10 00:00:00+00:00,2018
419,0.04098996802838179,0.0,-0.028651065719419937,-0.000918047432120643,-0.0012492472097177174,-0.022491371019969588,2018-10-11 00:00:00+00:00,2018
420,0.02884555254539434,0.0,-0.012445630942516366,-0.0003974915977474243,0.000378676387085216,-0.017020953103302268,2018-10-12 00:00:00+00:00,2018
421,-0.003183210241621819,4.336808689942018e-19,0.0003222929629575831,-0.00039922530345623845,0.0003949963973858962,-0.0008298701095701606,2018-10-13 00:00:00+00:00,2018
422,0.009457950574764307,0.0,-0.005019007845655331,0.0012784347869228031,5.786738881295196e-05,-0.007244259195339936,2018-10-14 00:00:00+00:00,2018
423,-0.01495241775787134,0.0,0.006565752939596497,-0.00041815508406578723,-0.00020058432989798931,0.007376703573866529,2018-10-15 00:00:00+00:00,2018
424,-0.028383576612678364,0.0,0.01835920785107991,0.0011436987845396852,-0.0010343413829165295,0.019923989906965194,2018-10-16 00:00:00+00:00,2018
425,-0.0012287364589224617,2.168404344971009e-19,0.0011964057906577751,-0.0010412892483743104,-0.0011146935318776246,-6.942167738121802e-06,2018-10-17 00:00:00+00:00,2018
426,-0.05315544450883385,0.0,0.03224288834993184,-0.0005884062230998369,-0.0005928262090513711,0.0399766725845251,2018-10-18 00:00:00+00:00,2018
427,-0.02869731400694166,3.469446951953614e-18,0.02055375630844959,0.0005657259918210485,-0.001443067643725881,0.01874892961390638,2018-10-19 00:00:00+00:00,2018
428,-0.00946222586291177,0.0,0.004648478067954343,-0.0003022481393618222,0.00026208710275018796,0.005436903513222411,2018-10-20 00:00:00+00:00,2018
429,0.0026255548000335693,-4.336808689942018e-19,-0.0013163813867244519,-1.5985078973365652e-05,-8.836065114347594e-05,-0.0028341381098485035,2018-10-21 00:00:00+00:00,2018
430,0.012526520235197885,3.469446951953614e-18,-0.007323775063744209,0.00131863543281361,0.00047874026285570775,-0.009973228960721225,2018-10-22 00:00:00+00:00,2018
431,-0.034422884242875235,0.0,0.0217737399471053,0.0013157690423625315,0.00031359561328564434,0.02384369574356691,2018-10-23 00:00:00+00:00,2018
432,-0.02797007943902697,0.0,0.02005261395970702,0.0007736910874711553,0.000580997565463634,0.020036840116420204,2018-10-24 00:00:00+00:00,2018
433,-0.009899765041703028,-1.734723475976807e-18,0.006577093594242739,0.00011753464749871337,0.001145106676277461,0.006289798096372947,2018-10-25 00:00:00+00:00,2018
434,0.04667040177270876,0.0,-0.028582686436830332,-0.00044513376986540787,0.0012800968764573803,-0.031940547349786456,2018-10-26 00:00:00+00:00,2018
435,0.10709144363940602,0.0,-0.069334254714527,-0.0042044156560475665,-7.006131673870097e-05,-0.08233984717623688,2018-10-27 00:00:00+00:00,2018
436,-0.04256040319590501,0.0,0.02924247697582931,0.0008580846300892953,-0.0009447024066450288,0.028671024978806393,2018-10-28 00:00:00+00:00,2018
437,0.06330828483288105,0.0,-0.04727744688822379,-0.0006140337887638458,0.0008737473331733997,-0.0490256629221858,2018-10-29 00:00:00+00:00,2018
438,-0.0064214933925951035,8.673617379884035e-19,0.0025441087294657927,-0.0013496943721811932,0.0014986000556208717,0.0011372582055022163,2018-10-30 00:00:00+00:00,2018
439,0.06505847769183712,0.0,-0.043510208511469764,0.0026665832597920908,-0.0005674159207606638,-0.05199863835863278,2018-10-31 00:00:00+00:00,2018
440,-0.015328586101531982,-1.734723475976807e-18,0.013207988948264745,0.0031262098157707197,-0.0021798826311678725,0.009426400230929234,2018-11-01 00:00:00+00:00,2018
441,-0.02834628762065114,-6.938893903907228e-18,0.019936622254961577,0.002072611580564255,-7.851741916182001e-05,0.018041501679511806,2018-11-02 00:00:00+00:00,2018
442,0.05729231342569098,-6.938893903907228e-18,-0.03900904086476021,-0.0001699909886928655,-0.001686331154220462,-0.04365695408540224,2018-11-03 00:00:00+00:00,2018
443,-0.00859458754946302,1.734723475976807e-18,0.003364702650754764,-0.0023863493969039744,-0.0007239257684434584,0.0034792265323619065,2018-11-04 00:00:00+00:00,2018
444,-0.0018655870344255355,8.673617379884035e-19,-0.000810704750477744,-0.0005927918369161306,0.000434798889642902,-0.0010927914276296254,2018-11-05 00:00:00+00:00,2018
445,0.043544487102882015,0.0,-0.033510616126600376,-0.0014058667034862055,0.00012857980637198674,-0.0342380426828886,2018-11-06 00:00:00+00:00,2018
446,0.023860018570106348,0.0,-0.01621644171995806,-0.0005401129377382574,-0.000636580568620336,-0.016356123888258953,2018-11-07 00:00:00+00:00,2018
447,-0.03062388696870604,3.469446951953614e-18,0.01962850270959189,-0.0006802248979899984,0.001265791428054587,0.021064315347515378,2018-11-08 00:00:00+00:00,2018
448,0.00032262076864709386,-3.7947076036992655e-19,-0.0011298396941377058,0.0007638441372449223,-0.0009913912136351377,-0.002773231512577756,2018-11-09 00:00:00+00:00,2018
449,0.039011078576246895,0.0,-0.02624554860582581,-0.0016498173276943903,-0.0009983118783829723,-0.028532984609701287,2018-11-10 00:00:00+00:00,2018
450,0.07547383602351358,0.0,-0.046783339199312726,-0.0033912403380326056,0.001721374493379349,-0.05741727423329926,2018-11-11 00:00:00+00:00,2018
451,-0.011582907748548952,1.734723475976807e-18,0.007415532080777827,3.864114578130094e-05,0.0007401846482196286,0.005603658116665539,2018-11-12 00:00:00+00:00,2018
452,0.061922998052753815,-6.938893903907228e-18,-0.04612641872295489,0.0001179232957828763,-6.609109205669983e-06,-0.047968176346016723,2018-11-13 00:00:00+00:00,2018
453,0.03903803433457466,0.0,-0.025320817980073254,-0.0011232525619903622,0.0023781827581296627,-0.030185308730151326,2018-11-14 00:00:00+00:00,2018
454,-0.0213141864743726,-3.469446951953614e-18,0.015403431592461096,0.0011981656179255208,0.0003810305868061116,0.014985201484702077,2018-11-15 00:00:00+00:00,2018
455,-0.10680149607106942,0.0,0.07880784376676486,0.002254964666451753,-0.0010992397763405631,0.07230255253280603,2018-11-16 00:00:00+00:00,2018
456,0.0075804011351397246,0.0,-0.005515514162831318,-8.06391285938738e-05,-0.0007402866900517672,-0.0071577160432501,2018-11-17 00:00:00+00:00,2018
457,0.0492677124990087,-6.938893903907228e-18,-0.03147205205264836,-0.0003584575533688711,0.00017994883434391262,-0.036711413649814784,2018-11-18 00:00:00+00:00,2018
458,0.008094073152866494,0.0,-0.005053337458025619,0.0007668279370624254,-6.392887383800325e-05,-0.007243873393171503,2018-11-19 00:00:00+00:00,2018
459,0.03100828978480125,-3.469446951953614e-18,-0.015421273360650758,0.0008911641168056032,0.0004522509946765889,-0.016344701956011946,2018-11-20 00:00:00+00:00,2018
460,-0.028615833545217708,0.0,0.014442219972102458,0.0013809510912882877,0.0007147050367959581,0.01725357536661461,2018-11-21 00:00:00+00:00,2018
461,0.05805952451667007,0.0,-0.03952919242880434,-0.0032325894002335626,-0.003656387554877946,-0.04471068701736798,2018-11-22 00:00:00+00:00,2018
462,0.023696151134130115,0.0,-0.016686297247452273,3.561826552693839e-05,-0.0006716336742645587,-0.020497767806573374,2018-11-23 00:00:00+00:00,2018
463,-0.07221730133971653,0.0,0.04844792288595446,-0.0005565560949043064,0.000169800107551063,0.05538962905286321,2018-11-24 00:00:00+00:00,2018
464,0.051002991360587044,0.0,-0.04074772203234062,0.0009677957608058355,-0.0010860364436163505,-0.038626118478325325,2018-11-25 00:00:00+00:00,2018
465,-0.004952115787042154,0.0,0.004300826000113959,0.00030459962864513683,-0.0007278537087166258,0.0033041429067928135,2018-11-26 00:00:00+00:00,2018
466,0.01743293895914748,3.469446951953614e-18,-0.014222115888831547,-0.0018136076200731162,0.0011589049095395917,-0.016796069965140027,2018-11-27 00:00:00+00:00,2018
467,-0.05340840043248357,0.0,0.03248977369872315,8.418493827189177e-05,0.0004943372296839915,0.03469762805009549,2018-11-28 00:00:00+00:00,2018
468,0.03437378962297697,6.938893903907228e-18,-0.026535799769902245,-0.0010580906366013387,-5.3777858617057306e-05,-0.027702047354399253,2018-11-29 00:00:00+00:00,2018
469,-0.03260014266581149,0.0,0.024367843623319868,0.0012332525709288847,-5.645074550209017e-05,0.019274471938837096,2018-11-30 00:00:00+00:00,2018
470,-0.038255049167452634,0.0,0.024939818057601346,0.0017054552682917168,-3.3203299511189166e-05,0.026337529616290503,2018-12-01 00:00:00+00:00,2018
471,0.04808384300889196,0.0,-0.03376060107551515,-0.00037614823676096476,0.0009855268789845106,-0.03767248629371819,2018-12-02 00:00:00+00:00,2018
472,0.022619916377840815,3.469446951953614e-18,-0.014811131123449419,0.0003590765716454322,-0.0007025624179732397,-0.015050051971088113,2018-12-03 00:00:00+00:00,2018
473,0.014905593685201696,1.734723475976807e-18,-0.00889510562511002,0.0016914784486731192,0.00013694687855353438,-0.01352935960756546,2018-12-04 00:00:00+00:00,2018
474,0.009378382483044186,0.0,-0.006452143752394571,-0.002504163750681093,0.0021886359880478375,-0.00942888630305275,2018-12-05 00:00:00+00:00,2018
475,0.03817399087789897,0.0,-0.022754880689783014,8.591734856615296e-05,0.0005151287468165983,-0.026197737162151544,2018-12-06 00:00:00+00:00,2018
476,-0.014013622258160566,-1.734723475976807e-18,0.008979655600863435,-0.0015793883301683243,-7.62371942263796e-05,0.00731416837110891,2018-12-07 00:00:00+00:00,2018
477,0.03035206247020412,3.469446951953614e-18,-0.018062180567813464,0.00027293456358067417,-0.00021308015578963904,-0.02029689390212126,2018-12-08 00:00:00+00:00,2018
478,0.017521572593074516,3.469446951953614e-18,-0.01062575035529741,-0.002116057613634377,0.0025836017214132014,-0.014276731669911858,2018-12-09 00:00:00+00:00,2018
479,-0.022434395431672166,0.0,0.01227266124007527,-0.0005576885025250083,-0.0013316201950785075,0.01260689260419273,2018-12-10 00:00:00+00:00,2018
480,-0.03883977064350307,0.0,0.026659347398915748,0.0026103879081949485,-0.0021587246526645273,0.024611698248468344,2018-12-11 00:00:00+00:00,2018
481,0.003212976775713415,-1.3010426069826053e-18,-0.002670196879795265,-0.0006900170781215737,3.850954673228829e-05,-0.005228304426304014,2018-12-12 00:00:00+00:00,2018
482,-0.13015994804584427,-2.7755575615628914e-17,0.08068299370625043,0.000435188539405329,-0.0025432075568373735,0.10412093808806896,2018-12-13 00:00:00+00:00,2018
483,0.07866615017518302,0.0,-0.06512894272707709,-0.0026377445410224604,0.000248870874787116,-0.06318799485549395,2018-12-14 00:00:00+00:00,2018
484,-0.0003467774549067415,8.131516293641283e-19,0.0016545243235796462,0.0005946753076143331,-9.47192917812798e-05,0.00018440660173259859,2018-12-15 00:00:00+00:00,2018
485,0.010232516077180571,0.0,-0.008267995372092923,-0.0022356168276959475,-0.0016247457734808266,-0.011872733934196196,2018-12-16 00:00:00+00:00,2018
486,0.019129470775001926,0.0,-0.009153277330515987,0.0013582979665867703,-0.0014170643418179585,-0.012860716197602044,2018-12-17 00:00:00+00:00,2018
487,0.026899363257383044,-3.469446951953614e-18,-0.016608553140800626,9.275416598234637e-06,0.001091121129507263,-0.020620403867559884,2018-12-18 00:00:00+00:00,2018
488,-0.02612746193220741,3.469446951953614e-18,0.014961369325153257,-0.0015060323258012168,-5.5648358235543816e-05,0.014047338843776538,2018-12-19 00:00:00+00:00,2018
489,-0.0035712518974354394,-4.336808689942018e-19,0.002801938924777759,0.0013559189133442924,-0.0006463758669828035,-0.0014485055431675614,2018-12-20 00:00:00+00:00,2018
490,0.005200871903645365,-8.673617379884035e-19,-0.004690899934923311,-0.001105020647957344,-0.0011537893199873176,-0.008387389063320701,2018-12-21 00:00:00+00:00,2018
491,0.02996984335684007,3.469446951953614e-18,-0.013466981783394321,0.000737700998130645,0.0006015639524298323,-0.021216006801875395,2018-12-22 00:00:00+00:00,2018
492,0.005902118407762968,-2.6020852139652106e-18,-0.0017110969960857404,-0.0021491072938890797,0.0007397771849697848,-0.01024045797014673,2018-12-23 00:00:00+00:00,2018
493,0.06859102042821738,0.0,-0.021611454581979536,-0.002444948129592825,0.00042467302888148095,-0.039538718635432415,2018-12-24 00:00:00+00:00,2018
494,0.0028671064437964023,4.336808689942018e-19,-0.0004983240106730745,-0.0031050929166734657,-0.00204408979214262,-0.004561528113724606,2018-12-25 00:00:00+00:00,2018
495,0.05101933846106896,0.0,-0.019255021356044275,-0.002284873730114295,-0.001091717381122681,-0.030947916378791476,2018-12-26 00:00:00+00:00,2018
496,0.07654580473899841,0.0,-0.03270784571786005,-0.0019344734574628236,-0.0018687792815946236,-0.0468007439115905,2018-12-27 00:00:00+00:00,2018
497,0.013939929236272339,0.0,-0.001771176693216782,0.0009247489718305808,-0.0005951947077005772,-0.012263511085739864,2018-12-28 00:00:00+00:00,2018
498,0.018216762573096405,0.0,-0.011008366939770317,-0.0001821116430035935,-0.0032474912365864084,-0.020562909392143048,2018-12-29 00:00:00+00:00,2018
499,0.07235387646699254,-1.3877787807814457e-17,-0.041022569077016034,0.0030228784270784903,-0.0022448641841355393,-0.04272127558406219,2018-12-30 00:00:00+00:00,2018
500,-0.026519664857960954,3.469446951953614e-18,0.015514920970701722,-0.0004156981224978963,0.001828187730699645,0.009049218251407993,2018-12-31 00:00:00+00:00,2018
501,-0.10815161353425135,0.0,0.044490830302456014,-0.001305091643689485,-8.248824005485655e-05,0.04400294369186193,2019-01-01 00:00:00+00:00,2019
502,0.001263910079304176,6.505213034913027e-19,-0.00032675427584557876,0.00038664850502062673,0.0001967460406291329,-0.004442163867532006,2019-01-02 00:00:00+00:00,2019
503,0.09546689470862127,1.3877787807814457e-17,-0.051520023374374696,0.0001766765134780246,0.0005842483930648956,-0.062407196296580536,2019-01-03 00:00:00+00:00,2019
504,0.017271672245822375,0.0,-0.008662744097390141,0.002720467841126662,-1.895295887223425e-05,-0.009795676905472318,2019-01-04 00:00:00+00:00,2019
505,0.01984429359436035,-3.469446951953614e-18,-0.008881162668480408,0.0008466349683681137,0.0017535280406134994,-0.017087269717196728,2019-01-05 00:00:00+00:00,2019
506,0.054236492401436916,-6.938893903907228e-18,-0.024148132765329587,0.0002294424589430813,-0.0013516855768065453,-0.039415740921979456,2019-01-06 00:00:00+00:00,2019
507,0.04676019013682498,-6.938893903907228e-18,-0.030903633830930553,-0.00020461842251707357,0.0005244224038780734,-0.0353183304013456,2019-01-07 00:00:00+00:00,2019
508,0.03736767776404755,0.0,-0.020197318599882406,0.0022970079460289117,0.001485624418094883,-0.0290771596268413,2019-01-08 00:00:00+00:00,2019
509,-0.00021229891837397708,7.318364664277155e-19,0.0026595528099822687,0.0017461240587897358,0.00133802128135356,-0.005574368032615324,2019-01-09 00:00:00+00:00,2019
510,0.009887490845933745,0.0,-0.0048278120970944825,-0.0015107787316643844,-0.001134031661046345,-0.010528079874078455,2019-01-10 00:00:00+00:00,2019
511,-0.09964558482170105,1.3877787807814457e-17,0.06450351689475652,0.00030905887658913556,-0.00013186925646160863,0.06090260716972539,2019-01-11 00:00:00+00:00,2019
512,0.06816444082080193,0.0,-0.04573335461267758,0.0011793505925925263,-0.002139565449359046,-0.04495353378502094,2019-01-12 00:00:00+00:00,2019
513,0.036820081794786755,0.0,-0.021086173719927277,-0.0006073664599288431,-0.00184423830452346,-0.03014689333709324,2019-01-13 00:00:00+00:00,2019
514,0.02842081755212268,3.469446951953614e-18,-0.01944043541906599,-0.0004542434147180134,0.0005885558061012215,-0.022545680028663036,2019-01-14 00:00:00+00:00,2019
515,-0.012906941602814873,-3.469446951953614e-18,0.009494682131496898,0.001049438334565637,-0.0020000943732351208,0.0025644204769445338,2019-01-15 00:00:00+00:00,2019
516,0.030176123358168692,3.469446951953614e-18,-0.018958865574047988,-0.0009759948803924716,0.0005462845135148948,-0.02530384020231512,2019-01-16 00:00:00+00:00,2019
517,-0.06515815347995398,-1.3877787807814457e-17,0.03454025644867534,-0.0006171816190479323,-0.0007170488318635065,0.03311383138023307,2019-01-17 00:00:00+00:00,2019
518,0.08317911250036468,0.0,-0.04689041438656028,0.0014632362240445812,-0.0025929822171934375,-0.05586602014771603,2019-01-18 00:00:00+00:00,2019
519,0.01853525231343619,0.0,-0.007696204862749176,-0.0010733395631297507,0.001064054654282276,-0.01907577609269195,2019-01-19 00:00:00+00:00,2019
520,0.03164334697012575,0.0,-0.004511367655094495,0.002865965896542283,-0.0033439673697434613,-0.025251066334691805,2019-01-20 00:00:00+00:00,2019
521,-0.005511900157104304,8.673617379884035e-19,0.001957045587834716,0.0005218071410794866,0.0008239709362552975,-2.8515063856613364e-05,2019-01-21 00:00:00+00:00,2019
522,0.04734671263047206,0.0,-0.02990893105329396,-0.0003108407747270253,-0.0026566172588358763,-0.033733814692775775,2019-01-22 00:00:00+00:00,2019
523,0.04704383330315537,-6.938893903907228e-18,-0.023202226153183642,0.002717339405013272,0.0012826572764145505,-0.03467438773856603,2019-01-23 00:00:00+00:00,2019
524,0.07051751739490106,0.0,-0.04334012269614837,-0.005426566576627004,0.0002982221938751528,-0.0498141887902471,2019-01-24 00:00:00+00:00,2019
525,0.026509482786059378,3.469446951953614e-18,-0.017234122118030448,-0.002849748768463556,-0.0008494411296540612,-0.025933583504815737,2019-01-25 00:00:00+00:00,2019
526,0.10203274399597452,-1.3877787807814457e-17,-0.04876660732089846,-0.003506384050252012,-0.001875955511000102,-0.0688666234312347,2019-01-26 00:00:00+00:00,2019
527,-0.02300140666372982,3.469446951953614e-18,0.013097221419129154,-0.004020657051581503,0.000957176570364298,0.009821983917595433,2019-01-27 00:00:00+00:00,2019
528,0.006865733567579293,-2.6020852139652106e-18,-0.0040165983745366635,-0.00011138542967127109,0.001997221539579397,-0.009466587765434601,2019-01-28 00:00:00+00:00,2019
529,0.10494765013824274,1.3877787807814457e-17,-0.06504506456296302,-0.004808115776586144,0.0003436908243582143,-0.06587815952412561,2019-01-29 00:00:00+00:00,2019
530,0.11185814090716986,0.0,-0.05466685497030673,-0.003124452627537702,-0.002691027779820304,-0.07897130948393295,2019-01-30 00:00:00+00:00,2019
531,0.040377270590308253,0.0,-0.016278414391091827,0.0007793966661903962,0.002279749789116492,-0.03246195813404351,2019-01-31 00:00:00+00:00,2019
532,0.09778783681951923,-1.3877787807814457e-17,-0.05801212402760698,0.004490137395524146,-0.0031356078266112225,-0.07615742317186515,2019-02-01 00:00:00+00:00,2019
533,0.08249125670801642,0.0,-0.06064908694901132,1.5597105458342586e-05,-0.0007139118499008973,-0.05608426592733086,2019-02-02 00:00:00+00:00,2019
534,0.05150378298905729,0.0,-0.02343532609639737,0.0019125526664699188,9.103077539662774e-05,-0.041216244388218415,2019-02-03 00:00:00+00:00,2019
535,-0.02905638232552932,-3.469446951953614e-18,0.017351920367176706,-0.00037319526201336564,-0.0026108974313957915,0.011719216673118479,2019-02-04 00:00:00+00:00,2019
536,-0.026209363176778782,-3.469446951953614e-18,0.018510624608470735,-0.0012162057608983735,0.0012425263826218794,0.012534943003358643,2019-02-05 00:00:00+00:00,2019
537,-0.011020741214050106,1.734723475976807e-18,0.008097444381568704,0.001297974446118606,-0.001522262200629081,0.003718761044954372,2019-02-06 00:00:00+00:00,2019
538,0.04628455346347364,0.0,-0.0263119637704342,0.000531439252062435,0.0015503719085926543,-0.03429076895506433,2019-02-07 00:00:00+00:00,2019
539,0.06876871885697534,0.0,-0.04523729468814277,-0.003430623666017707,-0.00250441694197491,-0.04772360238754997,2019-02-08 00:00:00+00:00,2019
540,0.03632858889234578,-6.938893903907228e-18,-0.019008013567206824,-0.003136618624346575,-0.00044956000639208987,-0.03305763989669411,2019-02-09 00:00:00+00:00,2019
541,-0.032673979098080126,0.0,0.018847725704098442,0.0002494453165241897,0.0003670728552271005,0.015136882258635364,2019-02-10 00:00:00+00:00,2019
542,0.05632381005720659,0.0,-0.033008173277996766,0.0015443276303691786,-0.003488579629862494,-0.045836230618275395,2019-02-11 00:00:00+00:00,2019
543,-0.0728196281375307,0.0,0.04094974463151653,-0.0007816807511288465,-7.437833371100322e-05,0.03426287524844884,2019-02-12 00:00:00+00:00,2019
544,-0.14949065410729612,0.0,0.08572010470560823,-0.0031203829023729313,-0.00019663362595584433,0.08651089728725014,2019-02-13 00:00:00+00:00,2019
545,0.06421216762427127,0.0,-0.043262243832384036,-0.002784652259961301,0.0006200548181087007,-0.04799079239424339,2019-02-14 00:00:00+00:00,2019
546,-0.01623256459380641,0.0,0.01092911543586321,0.0014049352635540895,-0.0009720517433782563,0.007735463549064375,2019-02-15 00:00:00+00:00,2019
547,-0.04051889676645578,0.0,0.026465725809888437,-0.0006683188543636295,0.001642803980611722,0.024661650526063245,2019-02-16 00:00:00+00:00,2019
548,0.03517846709274384,6.938893903907228e-18,-0.025358708230665123,-0.0011859323673086217,-0.001071713983057429,-0.027067971290104492,2019-02-17 00:00:00+00:00,2019
549,-0.03286413435476372,0.0,0.01926941068696241,-6.264143663570892e-05,0.0011718581118592836,0.01577849532135335,2019-02-18 00:00:00+00:00,2019
550,0.09624267306672521,0.0,-0.05432541359561563,0.0004854599388832703,-0.000239207771499661,-0.05671168247089867,2019-02-19 00:00:00+00:00,2019
551,-0.004371686253005159,0.0,0.0038025400348594817,0.0006470026407922012,-0.00010558278625426472,0.0007775724735917516,2019-02-20 00:00:00+00:00,2019
552,0.07530014279359828,0.0,-0.04584688150857027,-0.0020048733069147617,-4.2452768742928804e-05,-0.051589398263673106,2019-02-21 00:00:00+00:00,2019
553,-0.01281167141028813,0.0,0.005312736087568546,-0.0005272439405396064,0.0001462799750701349,0.0013584734270088768,2019-02-22 00:00:00+00:00,2019
554,0.013134886879892744,0.0,-0.008103927324233701,0.00013478600564985517,-0.00011327336086834963,-0.013962895566024642,2019-02-23 00:00:00+00:00,2019
555,0.024513196663038264,0.0,-0.013587382559474264,0.002479168719658819,0.001732200404869065,-0.018573516560195322,2019-02-24 00:00:00+00:00,2019
556,0.04201412447810878,6.938893903907228e-18,-0.02582102538798175,-0.00012413279405577848,0.000251586147444173,-0.03144083088271518,2019-02-25 00:00:00+00:00,2019
557,0.049726603299203004,0.0,-0.03264387661144899,-0.0003847190677156581,0.001320972489287725,-0.0430348630025571,2019-02-26 00:00:00+00:00,2019
558,0.09168910874417548,0.0,-0.06695300538402772,-0.0036193420503927015,-0.001591485154640096,-0.07311026741995486,2019-02-27 00:00:00+00:00,2019
559,-0.008353383936120208,0.0,0.00376247550782376,-0.0003286089047472313,-5.601111077251433e-05,-0.0019761461113925564,2019-02-28 00:00:00+00:00,2019
560,0.038678940276653445,0.0,-0.030412553042144387,-0.003649994018789071,0.0008473350691390324,-0.035844627602466025,2019-03-01 00:00:00+00:00,2019
561,0.012148377142454448,0.0,-0.012142647170388956,1.1196166972466878e-05,0.0019332829329704749,-0.017106197317170328,2019-03-02 00:00:00+00:00,2019
562,0.0952678434332909,0.0,-0.06665424720575558,2.9485628471964676e-05,-0.0006878090071227305,-0.06828690410659115,2019-03-03 00:00:00+00:00,2019
563,0.023222516442454138,0.0,-0.018986890402816106,-0.006170472199386243,0.0035656545648624187,-0.028238337574808058,2019-03-04 00:00:00+00:00,2019
564,-0.0026462372652319975,-8.673617379884035e-19,0.00035751297109417853,0.0005331163581662958,0.0006253269044307363,-0.005991635078849766,2019-03-05 00:00:00+00:00,2019
565,0.00690603117610133,1.734723475976807e-18,-0.0012428110575073495,0.002644699923641811,0.00033681212169872285,-0.006715401633448928,2019-03-06 00:00:00+00:00,2019
566,0.03698478406564349,-6.938893903907228e-18,-0.019925503613011236,-0.0002242643563338878,5.059630184732489e-06,-0.028194729631593158,2019-03-07 00:00:00+00:00,2019
567,0.002816616799790046,-8.673617379884035e-19,-0.0011145572384908186,0.0016514770627484212,-0.001407597257315658,-0.0056100753201509725,2019-03-08 00:00:00+00:00,2019
568,0.04352600657181933,0.0,-0.029499308665036465,-0.002379554152093906,9.095816418699249e-05,-0.037920408834320796,2019-03-09 00:00:00+00:00,2019
569,-0.001388596392225945,8.673617379884035e-19,0.0020636561228030703,-0.000517781784756228,0.0012255442007421055,-0.002353340479675058,2019-03-10 00:00:00+00:00,2019
570,0.00297020503452846,4.336808689942018e-19,-0.005103435468522238,0.0006428068656419649,0.00105224446395727,-0.006967676881711968,2019-03-11 00:00:00+00:00,2019
571,-0.029094322749546597,0.0,0.018016353054436475,-0.0008437548517210708,-0.00023334873840597306,0.016750007529233085,2019-03-12 00:00:00+00:00,2019
572,-0.0005545324977787062,-4.336808689942018e-19,-0.0001852295840005121,0.00032222041974457136,-0.0011648795639500784,-0.004917180477934534,2019-03-13 00:00:00+00:00,2019
573,-0.06083505766732352,0.0,0.04257189852160036,0.0027871276776081783,-0.002339126191578632,0.042577652645575,2019-03-14 00:00:00+00:00,2019
574,-0.023132632459912983,0.0,0.016183927553412667,-0.000950445718858807,0.002150601647755341,0.011067911687273056,2019-03-15 00:00:00+00:00,2019
575,0.10469311101096017,1.3877787807814457e-17,-0.06422724753449127,-0.0006843972595736575,-0.001713624179627865,-0.07500385756135196,2019-03-16 00:00:00+00:00,2019
576,0.04273859614675695,0.0,-0.029430073330669146,-0.0007126605043757603,0.0003375307768479982,-0.03636265971552882,2019-03-17 00:00:00+00:00,2019
577,0.024487409402023663,0.0,-0.015518253272934827,0.0011969565865979463,0.002093131505670861,-0.02235381407124029,2019-03-18 00:00:00+00:00,2019
578,0.06036051799511087,0.0,-0.04108278616356537,-0.0033460400477129046,0.0021094819385043054,-0.04626646213367845,2019-03-19 00:00:00+00:00,2019
579,0.03232543230056763,0.0,-0.023548747071972884,-0.0009001189957595288,-0.0005142975629466168,-0.026102015118977702,2019-03-20 00:00:00+00:00,2019
580,0.002905873412435705,1.734723475976807e-18,0.001715238615944534,0.0007727407178861482,0.0007297622740178086,-0.006421007272968735,2019-03-21 00:00:00+00:00,2019
581,0.01852832091125575,3.469446951953614e-18,-0.009822564402494481,0.002483337475734256,0.0007118902749415658,-0.013399757338778504,2019-03-22 00:00:00+00:00,2019
582,0.019442438738686698,0.0,-0.010799600129206145,-0.0032047497979176554,0.004649416230777543,-0.016045781933606507,2019-03-23 00:00:00+00:00,2019
583,-0.03715519234538078,0.0,0.019426154080301447,-0.0038210433034546673,-0.004221912627915395,0.022654348710519887,2019-03-24 00:00:00+00:00,2019
584,0.08322926282882691,-1.3877787807814457e-17,-0.06184602935715973,-0.002394161114611673,0.0006446377982699814,-0.06800110782558805,2019-03-25 00:00:00+00:00,2019
585,0.025488253320966447,3.469446951953614e-18,-0.01980777917798799,-0.0007710337219268247,-0.0006181121518055478,-0.024066637825299074,2019-03-26 00:00:00+00:00,2019
586,0.0010077817873521285,2.168404344971009e-19,0.002863991677601327,-0.00013130148614118038,0.0019516976124941726,-0.0013430242855707341,2019-03-27 00:00:00+00:00,2019
587,-0.05178161473436789,0.0,0.02874584108765104,0.001496272192629794,-0.011951739959976823,0.02862817324107036,2019-03-28 00:00:00+00:00,2019
588,0.06810126961632208,0.0,-0.04551924818066719,0.0025181523255664168,0.0003606467906605848,-0.04582498101441457,2019-03-29 00:00:00+00:00,2019
589,0.02066435652264094,0.0,-0.013317583885517499,0.0021593043565544257,-0.0007748839311454529,-0.02019862344703122,2019-03-30 00:00:00+00:00,2019
590,-0.0031259841164626642,4.336808689942018e-19,0.004215053287757058,0.0010275342719821912,-0.0020883906239893765,-0.00017591061396718052,2019-03-31 00:00:00+00:00,2019
591,0.012197946229677521,0.0,-0.004636203882711505,0.0006890829952408001,-0.0003912800814048385,-0.010120100679090608,2019-04-01 00:00:00+00:00,2019
592,-0.002682084447882149,4.336808689942018e-19,0.004079227066002601,-0.0013874178814622597,0.002931343634579161,-0.0029569594085387227,2019-04-02 00:00:00+00:00,2019
593,0.009564841396353219,-1.734723475976807e-18,-0.0019955792438410454,0.0013812129984309245,0.0030656126441748702,-0.007903525850595575,2019-04-03 00:00:00+00:00,2019
594,0.010753389154927115,-1.734723475976807e-18,-0.006339614234425061,-0.0035048186820880907,-0.0020087209613136314,-0.010478284760428535,2019-04-04 00:00:00+00:00,2019
595,0.05343233639967508,0.0,-0.028892933879744884,0.0015245858933563144,0.000706867588470439,-0.0352612311971256,2019-04-05 00:00:00+00:00,2019
596,-0.014395775085084894,0.0,0.006983880152230558,-0.0010252778605874483,0.0005552271518372044,-0.0035403759132459182,2019-04-06 00:00:00+00:00,2019
597,0.011293153523066856,-1.734723475976807e-18,-0.003106750293789368,0.001295706759988453,0.0001418044640220644,-0.01022618413281158,2019-04-07 00:00:00+00:00,2019
598,-0.09839999442659943,0.0,0.049999721021747434,0.00020859762107239277,0.003069230396900477,0.017083477388665794,2019-04-08 00:00:00+00:00,2019
599,-0.05933019036021313,6.938893903907228e-18,0.01894357803090657,-0.0006634252522623313,-0.0011660898679207651,0.034460984022625235,2019-04-09 00:00:00+00:00,2019
600,0.035692923228833925,0.0,-0.01963241850950536,-0.0001515554877375841,-0.00019667468398088667,-0.026712532568836073,2019-04-10 00:00:00+00:00,2019
601,-0.03870952395753487,0.0,0.026334485197931683,-0.0009048190178851875,0.0010454266725987496,0.025831859724835215,2019-04-11 00:00:00+00:00,2019
602,-0.06613551637979859,0.0,0.04790428944290115,-0.0003450710852678507,0.001290432202403019,0.039911920635801325,2019-04-12 00:00:00+00:00,2019
603,-0.04272885388798184,0.0,0.02672081152181959,-7.46654369756447e-05,0.0013556273951409181,0.013487823186131294,2019-04-13 00:00:00+00:00,2019
604,-0.03983806802166833,0.0,0.018807930282553217,0.0006323061858698187,-0.0014267251021896216,0.02589437010933404,2019-04-14 00:00:00+00:00,2019
605,0.08592257183559691,-1.3877787807814457e-17,-0.06303719949508318,0.0013768436879213058,-0.000849448975681788,-0.060092353542667086,2019-04-15 00:00:00+00:00,2019
606,0.1627345852430354,0.0,-0.1092530295583723,0.0018292223704755028,-0.0013821096238004205,-0.11317192819298713,2019-04-16 00:00:00+00:00,2019
607,0.08896977400911447,0.0,-0.06161993386049035,-0.0010896640913538314,0.0008325299545525328,-0.06867517341058779,2019-04-17 00:00:00+00:00,2019
608,-0.018129770268392825,0.0,0.013778470751389578,-0.0002348060133974643,-0.0004377626643476684,0.010458976341851186,2019-04-18 00:00:00+00:00,2019
609,0.017988691343128353,0.0,-0.012750249990510677,-0.00018824293000125475,-0.0007927023305796289,-0.016660967902543036,2019-04-19 00:00:00+00:00,2019
610,0.06546464513019962,0.0,-0.04317723099477906,-0.0008529106747294929,-0.0014129769950636806,-0.046537248246019416,2019-04-20 00:00:00+00:00,2019
611,0.021130260841622537,0.0,-0.010301234286589696,0.0008211213485760614,-0.0014100781399624812,-0.016928694663504003,2019-04-21 00:00:00+00:00,2019
612,0.0025550182098927703,-1.3010426069826053e-18,-0.004133586976787265,-0.0020619339198674033,0.0018695822366464267,-0.0088566809587762,2019-04-22 00:00:00+00:00,2019
613,0.028521570498528687,3.469446951953614e-18,-0.014239696322412912,0.0028321903797941736,-0.0017346214445410797,-0.01930457966132914,2019-04-23 00:00:00+00:00,2019
614,-0.07476188274829285,1.3877787807814457e-17,0.03755496946009835,-0.000917293711832648,-0.0032820700811538595,0.04081540205178298,2019-04-24 00:00:00+00:00,2019
615,0.06884347841791484,0.0,-0.04146261727311499,-0.0007354978374892879,0.0011307525768915055,-0.044703233580534206,2019-04-25 00:00:00+00:00,2019
616,0.004474342841169108,8.673617379884035e-19,-0.005011859241408772,-0.002605664147240356,0.00021494721998661318,-0.008658252674906823,2019-04-26 00:00:00+00:00,2019
617,-0.003953124517979829,0.0,0.003729496605414984,0.0024588606762008525,-0.0021746946838665645,-0.0006304145757965252,2019-04-27 00:00:00+00:00,2019
618,0.018706960846548496,0.0,-0.011425381237251411,0.00045307457846772634,-6.998587498533923e-05,-0.014668751135214037,2019-04-28 00:00:00+00:00,2019
619,-0.012628259880295216,-1.734723475976807e-18,0.006588259370250424,0.00036779354538022703,0.0009413491041501739,0.0014453955376653848,2019-04-29 00:00:00+00:00,2019
620,-0.0755838256167329,1.3877787807814457e-17,0.02817243646940771,0.0009132988080376991,-0.0005211194544940123,0.0486456583604397,2019-04-30 00:00:00+00:00,2019
621,0.05266058930884237,0.0,-0.0371223064006883,-0.0010387890336051586,0.00015027407462222392,-0.035225814231008415,2019-05-01 00:00:00+00:00,2019
622,-0.0781629367367081,0.0,0.04837071753045101,0.002315345076158451,0.0005376316411556392,0.03912311457189239,2019-05-02 00:00:00+00:00,2019
623,-0.04327260126938691,0.0,0.02029487714869655,-0.0022161419961099355,-0.0032324586785372547,0.01789970701677019,2019-05-03 00:00:00+00:00,2019
624,0.0829699387421479,1.3877787807814457e-17,-0.04516266641404974,-5.147797510475505e-05,-0.0002208113422874497,-0.04860839795387043,2019-05-04 00:00:00+00:00,2019
625,-0.04297067603549442,-6.938893903907228e-18,0.020075920374701503,-0.0003955750788708426,0.0004116996544310317,0.021128160750290045,2019-05-05 00:00:00+00:00,2019
626,-0.012409433562268493,-3.469446951953614e-18,0.01003152254242356,0.0036860242145533434,-1.0205125401082857e-05,0.005134653131198638,2019-05-06 00:00:00+00:00,2019
627,-0.06085352327234002,-6.938893903907228e-18,0.03168683965598681,-0.0007149510735232484,0.0011707357812005548,0.021218959275855404,2019-05-07 00:00:00+00:00,2019
628,0.05064193728149578,6.938893903907228e-18,-0.022758035458343456,0.0011803490548813328,-0.00021474331422521864,-0.037402363286483685,2019-05-08 00:00:00+00:00,2019
629,-0.30718655675970097,-5.551115123125783e-17,0.18921875733285629,0.0012671245774582562,-0.0018624659750561823,0.07683275519680655,2019-05-09 00:00:00+00:00,2019
630,0.11199902521597373,1.3877787807814457e-17,-0.045998660218381435,0.0012283761998296422,0.00022523601879541333,-0.08220742244500427,2019-05-10 00:00:00+00:00,2019
631,-0.13344245315879905,0.0,0.09999403235481265,-0.0013834660823419664,0.0017433156503183223,0.0819494306947982,2019-05-11 00:00:00+00:00,2019
632,-0.04916447272864721,0.0,0.037392640886870075,0.0018623404754129075,0.00039429212033712663,0.024513224840718606,2019-05-12 00:00:00+00:00,2019
633,-0.17137076072795418,2.7755575615628914e-17,0.09837650233474562,0.0019581594369497413,0.0010459248320400516,0.12111331002124698,2019-05-13 00:00:00+00:00,2019
634,0.23609029253323874,0.0,-0.18475501483238643,0.002594426050174098,0.00037793330545865533,-0.19310452499860511,2019-05-14 00:00:00+00:00,2019
635,0.023771742018320226,0.0,-0.01854232408898431,0.002433313058623078,0.001489193402742145,-0.019545432501672177,2019-05-15 00:00:00+00:00,2019
636,0.10820569979247227,1.3877787807814457e-17,-0.07941016601995227,0.0008529221917295687,0.0001984188473824755,-0.08506119396733755,2019-05-16 00:00:00+00:00,2019
637,-0.018872503290839372,0.0,0.015262987182256011,0.002493311681591906,0.00016234133896974104,0.009475100419244856,2019-05-17 00:00:00+00:00,2019
638,-0.11864449378640894,1.3877787807814457e-17,0.09054041914989844,0.002099356705989694,0.0006435182358089236,0.08707479037504837,2019-05-18 00:00:00+00:00,2019
639,-0.041368553663957565,0.0,0.031601143279163885,0.0007171013124847372,-0.00018122631190332916,0.030958315350801145,2019-05-19 00:00:00+00:00,2019
640,0.04927254008485916,0.0,-0.038927341247587385,0.0028699373305734743,0.0008524306311984767,-0.0393739029014822,2019-05-20 00:00:00+00:00,2019
641,0.07496758439439408,0.0,-0.05540839620775897,0.001106668935866556,-0.00013536718800251368,-0.055150987180113395,2019-05-21 00:00:00+00:00,2019
642,-0.016371556736053304,0.0,0.01178100114760223,0.00013363356729188813,0.0006183738527775796,0.008310395739921695,2019-05-22 00:00:00+00:00,2019
643,0.05589050851403711,0.0,-0.03597712563712523,-0.0008833241486478419,0.0008473746054618869,-0.04115058673253012,2019-05-23 00:00:00+00:00,2019
644,0.056982204875844045,0.0,-0.03647974332717674,-0.0006232208554351956,-0.00084951444212851,-0.042782918882081994,2019-05-24 00:00:00+00:00,2019
645,-0.0851187616746056,1.3877787807814457e-17,0.05729935805160364,0.005571277743550332,0.008894967476572313,0.06408263952584023,2019-05-25 00:00:00+00:00,2019
646,-0.03811123218128388,0.0,0.030174588709575057,-0.0001865773868873974,7.677792472975814e-05,0.026396371368076755,2019-05-26 00:00:00+00:00,2019
647,0.04047293459030396,0.0,-0.029108698415742772,0.00030405303673240736,-0.0009121144951969723,-0.03273856714730049,2019-05-27 00:00:00+00:00,2019
648,-0.07937455782915818,-1.3877787807814457e-17,0.0549338575580802,0.0017126301964908164,0.0003855193630094983,0.05913826340014431,2019-05-28 00:00:00+00:00,2019
649,-0.018948593879128523,3.469446951953614e-18,0.013729891988436153,0.00029010253408780565,0.0006914846219023656,0.0126180982603839,2019-05-29 00:00:00+00:00,2019
650,0.0594364547349037,-6.938893903907228e-18,-0.04528466849546445,-9.406766354053825e-05,-0.00010917594170082451,-0.050694167372007555,2019-05-30 00:00:00+00:00,2019
651,-0.03603945292056875,-6.938893903907228e-18,0.030603738626056323,0.004111952609057758,0.0003001713642336104,0.02623076280172542,2019-05-31 00:00:00+00:00,2019
652,-0.05565623748809733,6.938893903907228e-18,0.04326096001524537,0.0010259286600312265,-0.00012933154351275206,0.0419422799376762,2019-06-01 00:00:00+00:00,2019
653,-0.01782823623494899,3.469446951953614e-18,0.014493877434847232,0.003352265469421925,0.0004813815196343732,0.013087438420619458,2019-06-02 00:00:00+00:00,2019
654,0.059519668525837836,0.0,-0.0458282595982461,0.00047736357865204443,-0.000972388979754206,-0.049014661808997086,2019-06-03 00:00:00+00:00,2019
655,0.0244074986970171,3.469446951953614e-18,-0.01914164536501984,-0.0006316830296023528,0.0008091960295868762,-0.01651428367104628,2019-06-04 00:00:00+00:00,2019
656,0.004471945952861867,-8.673617379884035e-19,-0.002640842238675608,-0.00013075875270734602,0.0010376718769450968,-0.004239535716217062,2019-06-05 00:00:00+00:00,2019
657,-0.044086803408230055,6.938893903907228e-18,0.025746238748574603,0.0008795308570311577,-0.00032648206843510774,0.02806711488667238,2019-06-06 00:00:00+00:00,2019
658,0.004371944277044286,0.0,-0.0027519600526474336,0.0009013425715486178,-0.00025970768077173984,-0.00396580292698153,2019-06-07 00:00:00+00:00,2019
659,-0.06918951853073854,0.0,0.04808585252787557,0.0020398977011093777,0.0008500957228520234,0.04944698709144901,2019-06-08 00:00:00+00:00,2019
660,-0.011176392436027527,0.0,0.008494699941206512,0.0005775582270269586,-0.00018417007536174201,0.006294219622133852,2019-06-09 00:00:00+00:00,2019
661,0.0031431837284818607,0.0,-0.0010220216577788133,0.0008194604058841103,0.0009398728669151157,-0.0021820652780998556,2019-06-10 00:00:00+00:00,2019
662,-0.21143453267026455,2.7755575615628914e-17,0.13170020539953242,-0.00034465955274198823,5.233879908086991e-05,0.16359123732070274,2019-06-11 00:00:00+00:00,2019
663,-0.048036782348409614,0.0,0.038872051797352355,4.409651403367715e-05,-0.0004008637422613717,0.03665333401890551,2019-06-12 00:00:00+00:00,2019
664,0.08555729718918496,-1.3877787807814457e-17,-0.06817227333175069,-0.002804779124429127,0.0014014832854384873,-0.07279442003391258,2019-06-13 00:00:00+00:00,2019
665,0.03866205158385825,-6.938893903907228e-18,-0.03193656045444018,0.00030421414965409177,0.00040348520005956123,-0.028766815224078784,2019-06-14 00:00:00+00:00,2019
666,-0.09416156848694415,0.0,0.06565235948702863,0.0002361446504841741,0.0002828836940656221,0.07483256760857057,2019-06-15 00:00:00+00:00,2019
667,0.0025064735970598585,0.0,-0.0017737307567769114,-0.0003992311871488267,-0.0006058948501095032,-0.002714146851704351,2019-06-16 00:00:00+00:00,2019
668,0.0554592140177463,6.938893903907228e-18,-0.03968086189506108,-0.0003798525951238113,-0.00036419051977307215,-0.042609549266277476,2019-06-17 00:00:00+00:00,2019
669,0.039004913669951416,0.0,-0.028710478504628184,0.0002547430604155354,0.0008299226234659424,-0.02979503586702168,2019-06-18 00:00:00+00:00,2019
670,0.06707970766310996,0.0,-0.04602927766729063,-0.001560929548563364,0.0011934046386483516,-0.052024607085651944,2019-06-19 00:00:00+00:00,2019
671,0.009749250843169842,-1.734723475976807e-18,-0.008092795515608797,-0.00011671228225182059,0.0008036024181466445,-0.009590389270837838,2019-06-20 00:00:00+00:00,2019
672,-0.03794031986530791,0.0,0.030168365569741954,-0.0006476603550864685,0.00013933374712842006,0.02572627673423202,2019-06-21 00:00:00+00:00,2019
673,0.006416058414196842,-1.734723475976807e-18,-0.003500883635866736,0.0005466454615634369,0.00015197175628804249,-0.005246376940553674,2019-06-22 00:00:00+00:00,2019
674,0.028408251742206552,0.0,-0.020275879723200222,-3.532633418535866e-05,-0.0005520929491419288,-0.023182919979994762,2019-06-23 00:00:00+00:00,2019
675,0.03660314833676374,-6.938893903907228e-18,-0.027245834516247184,-0.0011374973402502458,0.00041071791494160653,-0.028907007682185036,2019-06-24 00:00:00+00:00,2019
676,-0.024757942510029628,0.0,0.016032283124538443,-0.001462665694551682,0.0005912686156369536,0.01765489862822934,2019-06-25 00:00:00+00:00,2019
677,0.04162732160911358,-6.938893903907228e-18,-0.03387483176634516,0.0002523623214323589,0.0012516488686814473,-0.03340587691092964,2019-06-26 00:00:00+00:00,2019
678,0.024383971879356786,0.0,-0.017099898886758128,-0.0012957702929350806,0.0006918363301938631,-0.021443841415048057,2019-06-27 00:00:00+00:00,2019
679,-0.07310650631001121,0.0,0.04836120394834753,0.001917449776859717,-0.0008955663573740474,0.05287248843922024,2019-06-28 00:00:00+00:00,2019
680,0.036629557609558105,0.0,-0.02764719484736293,0.0005036499128867125,0.0003983716821710642,-0.029367440331849903,2019-06-29 00:00:00+00:00,2019
681,-0.010714737678828992,-1.734723475976807e-18,0.007859082722530308,0.00023657906081938664,-0.00045542608776193323,0.00662224704162648,2019-06-30 00:00:00+00:00,2019
682,0.026296716301064744,-3.469446951953614e-18,-0.020263221727689972,0.0007652360263950796,-0.0006580826859653825,-0.021412244555469296,2019-07-01 00:00:00+00:00,2019
683,-0.023516904366643804,0.0,0.01638744480202068,-4.413580758521468e-05,0.001231913181345766,0.02037419430565842,2019-07-02 00:00:00+00:00,2019
684,-0.013137879810835185,0.0,0.011412731296180973,0.0015465068524774337,-8.582980798161471e-05,0.006208490379504392,2019-07-03 00:00:00+00:00,2019
685,0.015341196562114514,-5.204170427930421e-18,-0.011549786770298026,-0.0018058311060275747,-0.000784224246141654,-0.014886771121095101,2019-07-04 00:00:00+00:00,2019
686,-0.027223163215737593,3.469446951953614e-18,0.022688162338437276,-0.001940168906974609,-0.0003193230645950722,0.01701092282523122,2019-07-05 00:00:00+00:00,2019
687,-0.05520276050818594,6.938893903907228e-18,0.04176597175669025,0.0029925229348983784,-0.001295213093606959,0.042178376128788636,2019-07-06 00:00:00+00:00,2019
688,0.00012355070365102668,4.0657581468206416e-19,0.0004937298895994936,0.0002194591221515106,0.0003564738277081215,-0.001151841652582169,2019-07-07 00:00:00+00:00,2019
689,0.005190987022299516,-8.673617379884035e-19,-0.0038354183088425238,0.0017463642330064338,0.0014190688534929264,-0.004821454639169273,2019-07-08 00:00:00+00:00,2019
690,-0.05803838058521873,6.938893903907228e-18,0.047740380771462136,0.00012199232302858437,0.0006085548667718807,0.03844504433237574,2019-07-09 00:00:00+00:00,2019
691,-0.06259589132509734,1.3877787807814457e-17,0.041158528602666423,0.0007460228102517119,0.00019728046966926982,0.04799291634450569,2019-07-10 00:00:00+00:00,2019
692,0.10262150827207063,1.3877787807814457e-17,-0.08181944970418943,-0.0022627794042945487,-0.0005593525194079879,-0.08636253115652645,2019-07-11 00:00:00+00:00,2019
693,0.03316207465372587,0.0,-0.02746509770907623,-0.0013754538753827095,-0.0005472925903578993,-0.027445294492330078,2019-07-12 00:00:00+00:00,2019
694,0.046157530734413546,0.0,-0.03726797674864612,-0.0017890426730734765,0.00016885456256841846,-0.03781156017308273,2019-07-13 00:00:00+00:00,2019
695,0.028079972455376072,0.0,-0.019954405091891537,-0.0008035734298348987,-0.00028027588815266596,-0.021179376307912584,2019-07-14 00:00:00+00:00,2019
696,0.031234775405181082,-3.469446951953614e-18,-0.023385116874259468,-0.0009001100499759773,-0.0005854828337475103,-0.028028022438893397,2019-07-15 00:00:00+00:00,2019
697,0.013014437336670725,0.0,-0.005675140295344948,0.004699444530277068,0.0008439460013056743,-0.008618185649107709,2019-07-16 00:00:00+00:00,2019
698,0.02860931063953199,-3.469446951953614e-18,-0.017124484212724448,-0.0002813329739522266,0.0013505335661320138,-0.022390725945065193,2019-07-17 00:00:00+00:00,2019
699,0.006224884171234934,-1.734723475976807e-18,-0.003420659810229774,0.00021732453031117743,-0.0005050282833896167,-0.006364060839586785,2019-07-18 00:00:00+00:00,2019
700,0.03791483672041642,-6.938893903907228e-18,-0.02481605735690194,0.00045651975471028977,0.0005714610608698253,-0.03156215702214869,2019-07-19 00:00:00+00:00,2019
701,0.02614996213661997,3.469446951953614e-18,-0.01847541774657148,-0.0003454338359957579,0.0005997321087939378,-0.021507388280555522,2019-07-20 00:00:00+00:00,2019
702,0.03508697654071607,6.938893903907228e-18,-0.027535431524522782,6.804070518699051e-05,8.070660266285001e-05,-0.030212548789897313,2019-07-21 00:00:00+00:00,2019
703,-0.026956513053492497,3.469446951953614e-18,0.022218915192648507,0.0011032024706383453,-0.00012805335510894522,0.02021454766880085,2019-07-22 00:00:00+00:00,2019
704,0.018060591660047833,0.0,-0.014058692586095838,-5.835559103185145e-05,-0.0012182871006561381,-0.01524715455940843,2019-07-23 00:00:00+00:00,2019
705,-0.012929210176018521,0.0,0.00987492964769527,0.0008848397246724246,-0.0004137459116096958,0.008725742903360131,2019-07-24 00:00:00+00:00,2019
706,0.041101518413783365,6.938893903907228e-18,-0.03212849121813998,0.0009867455073271011,-0.0009532286101508539,-0.03380430157868908,2019-07-25 00:00:00+00:00,2019
707,0.04001260718340596,0.0,-0.03178503450255435,1.8744357600811168e-05,0.0009180252872901667,-0.031258796036800325,2019-07-26 00:00:00+00:00,2019
708,0.03874828553324595,6.938893903907228e-18,-0.0252454894959053,-0.00036965698628705496,-0.0004257994141465063,-0.03230916709889706,2019-07-27 00:00:00+00:00,2019
709,0.034440350158052295,0.0,-0.025204580833184692,0.0004063013495166218,-0.001571398580673157,-0.028871256511861423,2019-07-28 00:00:00+00:00,2019
710,-0.03559473110119086,6.938893903907228e-18,0.027372214889597065,0.0012764806856164976,-0.0005540424470219033,0.028068843149962157,2019-07-29 00:00:00+00:00,2019
711,0.06336624709723508,0.0,-0.05113307668407366,-0.0014201776704715618,0.000361948087629696,-0.05340652585791339,2019-07-30 00:00:00+00:00,2019
712,0.029032492824874,3.469446951953614e-18,-0.02283919145310847,-0.0006999290520988029,0.002573725661709419,-0.02650248843611594,2019-07-31 00:00:00+00:00,2019
713,0.048326322545555876,0.0,-0.039687465106856355,-0.0019836848195717294,-0.0027792940902407956,-0.044033629802575816,2019-08-01 00:00:00+00:00,2019
714,-0.024789778661977558,-3.469446951953614e-18,0.02104917460535521,0.0011283318487742174,-0.0008800475574664152,0.021047155028627477,2019-08-02 00:00:00+00:00,2019
715,0.08925684603552024,-1.3877787807814457e-17,-0.07740551072823626,0.0031322376977494792,0.0006680300016016077,-0.07735294030481227,2019-08-03 00:00:00+00:00,2019
716,0.00721239298582077,0.0,-0.006333811698172066,-0.0002731898768166185,0.0007764933964715046,-0.007641615131202852,2019-08-04 00:00:00+00:00,2019
717,0.02025461879869302,0.0,-0.016623297825047626,7.69512713174117e-05,0.0008976020398493746,-0.01890984582617254,2019-08-05 00:00:00+00:00,2019
718,-0.00938433688133955,0.0,0.008927354118387203,-0.0002815265365305082,0.0013562778999061942,0.004904771257153155,2019-08-06 00:00:00+00:00,2019
719,-0.03819517449786266,6.938893903907228e-18,0.028160788255068868,-0.00026977226240092883,0.000725119454143254,0.02897805447887686,2019-08-07 00:00:00+00:00,2019
720,0.004580528785785039,-1.734723475976807e-18,-0.0049098272640532665,-8.1504426850342e-05,6.418533515107055e-05,-0.0057142758018711715,2019-08-08 00:00:00+00:00,2019
721,0.05440087026606003,0.0,-0.04264674484199993,0.001766166113991656,-0.0009524619704030374,-0.04536652688916536,2019-08-09 00:00:00+00:00,2019
722,0.037029968885083996,-6.938893903907228e-18,-0.029352832926348514,0.00039245658446252635,-0.00040509112718358636,-0.030857187750612566,2019-08-10 00:00:00+00:00,2019
723,0.013018460012972355,0.0,-0.010716133105302061,-0.0005458732485473308,-0.0009131019255312726,-0.014860976439476082,2019-08-11 00:00:00+00:00,2019
724,0.020516675062130153,0.0,-0.013163452300699869,0.001645853427355539,-0.0010920990099753981,-0.019525117783325167,2019-08-12 00:00:00+00:00,2019
725,0.02930555164505163,0.0,-0.02518874853771704,0.001273369504152931,-0.0007995716182057182,-0.023099746864583534,2019-08-13 00:00:00+00:00,2019
726,-0.05303719562570048,0.0,0.03713946404521429,-0.0010522977215838697,-0.00019030323565336765,0.039633254477946356,2019-08-14 00:00:00+00:00,2019
727,0.03480105226238569,-6.938893903907228e-18,-0.02779838663159526,-0.00019627426906325407,-0.0009028292707230559,-0.03277369571071408,2019-08-15 00:00:00+00:00,2019
728,-0.059624405413711626,0.0,0.05464201597223663,0.0036595707780866515,-0.00215117771638669,0.051863702799618924,2019-08-16 00:00:00+00:00,2019
729,0.057596814755948716,6.938893903907228e-18,-0.0512003703873641,-0.00019804922048499707,0.001159982372472293,-0.04933874885699212,2019-08-17 00:00:00+00:00,2019
730,-0.0004790873107514851,-6.505213034913027e-19,-0.00035756550163563896,-0.00014392194805461635,-0.00017010538565193057,-0.0013401252107667111,2019-08-18 00:00:00+00:00,2019
731,0.00909090536246028,0.0,-0.007693897200540646,-0.0001964773611990503,0.0009573063539032901,-0.00899695731692126,2019-08-19 00:00:00+00:00,2019
732,-0.017951049644094674,0.0,0.015291413787724282,1.1597452355023574e-06,0.0011102819403157015,0.012173280253124759,2019-08-20 00:00:00+00:00,2019
733,0.007080129082338797,0.0,-0.004442180126807128,-7.707670105953392e-05,-0.0022781307850647144,-0.007418489981321629,2019-08-21 00:00:00+00:00,2019
734,0.053543656292356974,6.938893903907228e-18,-0.04254681243958953,-0.0005813594684488596,0.0003301353002326743,-0.04618601675552419,2019-08-22 00:00:00+00:00,2019
735,0.005659034832771578,0.0,-0.004859651103494597,-0.0017877728501223206,-0.0007246181777416632,-0.005720677272459215,2019-08-23 00:00:00+00:00,2019
736,0.017118718339989222,0.0,-0.013468246982854828,0.0007230145068784326,0.0004473860642410406,-0.015117637689164562,2019-08-24 00:00:00+00:00,2019
737,0.031010901865859825,-3.469446951953614e-18,-0.02389443652503875,0.0004090055642779235,-0.0014125229599445711,-0.028521425129209813,2019-08-25 00:00:00+00:00,2019
738,0.03561259458719757,0.0,-0.0285193267703792,0.003329795425557898,-0.00019418219694841005,-0.03168809024011133,2019-08-26 00:00:00+00:00,2019
739,0.010726454653270504,0.0,-0.009426341739639235,-0.0008004719849993985,-0.0010840458225767763,-0.010407585844551995,2019-08-27 00:00:00+00:00,2019
740,-0.18113381535278084,0.0,0.13897326787750303,-0.0004187269203007604,0.002580110728435059,0.14879822683728391,2019-08-28 00:00:00+00:00,2019
741,0.01859274645543469,0.0,-0.01605063278224746,-0.00023417315116636486,0.0016746039568965795,-0.016959470477848265,2019-08-29 00:00:00+00:00,2019
742,0.0335027312985356,0.0,-0.02843323249398645,0.00013921873764844578,-0.00022152616527685437,-0.03077636303446129,2019-08-30 00:00:00+00:00,2019
743,-0.04805742335443052,0.0,0.040645537928025485,-0.0032771405477315316,0.0007445250815197521,0.03964820267863431,2019-08-31 00:00:00+00:00,2019
744,0.02901739742338043,-6.938893903907228e-18,-0.025219315581927648,0.003445396217570132,-0.0006567064640568276,-0.026338799171224624,2019-09-01 00:00:00+00:00,2019
745,0.04277086995311619,6.938893903907228e-18,-0.03677697174710527,-0.00037178297986597414,0.0009676539364125852,-0.03984979295784691,2019-09-02 00:00:00+00:00,2019
746,-0.05349172697853796,0.0,0.04874862082233869,0.0011041207880715526,0.0007606403696190922,0.045499332196630084,2019-09-03 00:00:00+00:00,2019
747,0.04717449982141711,0.0,-0.040779333575702875,-0.00038061289643757934,-0.00011978461512589245,-0.04094457169368231,2019-09-04 00:00:00+00:00,2019
748,0.044031155170853604,-6.938893903907228e-18,-0.036123558420125365,-0.0013250888113377143,0.001107550831419321,-0.0378850798194144,2019-09-05 00:00:00+00:00,2019
749,-0.015923182988904185,-3.469446951953614e-18,0.012974898168719764,0.0001304968579083944,-0.00030102805452563233,0.01178721021816338,2019-09-06 00:00:00+00:00,2019
750,-0.0367551009679578,-6.938893903907228e-18,0.03065781679061214,0.0014438661116922755,-0.0011204393672618815,0.030506882347512605,2019-09-07 00:00:00+00:00,2019
751,0.025468420797061426,3.469446951953614e-18,-0.021533845761978553,0.0012632857425837717,0.0005706578988835913,-0.023333602407501514,2019-09-08 00:00:00+00:00,2019
752,-0.029640540019753053,0.0,0.025540635023790316,0.0005665256367390833,0.00046079364826078634,0.026379724943044316,2019-09-09 00:00:00+00:00,2019
753,-0.13426243244987174,0.0,0.1215648544733811,0.002450908369276028,0.0001362278897548419,0.11294354040205297,2019-09-10 00:00:00+00:00,2019
754,-0.06819280244640469,0.0,0.05921732359305624,0.0021241247753883696,-0.0015446751326366748,0.056003322541321,2019-09-11 00:00:00+00:00,2019
755,0.1300365178240943,0.0,-0.11110365049552626,0.0007215441312374837,0.000833500883450522,-0.10351794226403821,2019-09-12 00:00:00+00:00,2019
756,0.03558787949306449,0.0,-0.028344692234895164,-0.001816521699128014,-0.00043939502200452535,-0.031744065703409645,2019-09-13 00:00:00+00:00,2019
757,-0.060312661620759475,6.938893903907228e-18,0.049009310241555706,-0.0009466293131123113,0.0006747438216582538,0.051703898051979315,2019-09-14 00:00:00+00:00,2019
758,-0.01346690998863928,0.0,0.012211992212115608,-0.00011507930660341337,-0.0006233243896702836,0.011374802136807565,2019-09-15 00:00:00+00:00,2019
759,-0.012713603827418114,1.734723475976807e-18,0.011938099008964833,0.0013979389831872292,0.00015110814837404965,0.008220156504512134,2019-09-16 00:00:00+00:00,2019
760,-0.013846351479997441,1.734723475976807e-18,0.010357850675988416,-0.0005114466394718215,-0.0008419331576751381,0.010180998552519995,2019-09-17 00:00:00+00:00,2019
761,-0.043635710465664765,6.938893903907228e-18,0.03258049836425187,0.001248821448540563,-0.0001940672830310769,0.03197886852632862,2019-09-18 00:00:00+00:00,2019
762,0.03606601819700124,-6.938893903907228e-18,-0.026430611487095988,0.00021900357160149764,0.0006616314894911102,-0.029171408726751537,2019-09-19 00:00:00+00:00,2019
763,0.04718826163788231,-1.3877787807814457e-17,-0.03748331453087052,0.0002660029605238909,0.0006362888057947422,-0.04137163461075723,2019-09-20 00:00:00+00:00,2019
764,0.0902352117154063,0.0,-0.07697379277747518,-0.0008694505364615912,0.0010726059422393047,-0.0719182295571123,2019-09-21 00:00:00+00:00,2019
765,0.029484425880471055,3.469446951953614e-18,-0.022572129456182803,-0.0005488586938317899,0.000295954772360562,-0.027169137467088926,2019-09-22 00:00:00+00:00,2019
766,0.008711533887045724,0.0,-0.007885218605478504,-0.00021379178892371245,0.00024082358752263756,-0.00870802301317847,2019-09-23 00:00:00+00:00,2019
767,-0.015556637729917253,3.469446951953614e-18,0.013902295832654253,-0.0002452346028792192,-0.0002857524285782252,0.011975236572982573,2019-09-24 00:00:00+00:00,2019
768,0.03685556038832053,0.0,-0.030077680456153187,0.0016188851884582564,0.0018809744889331445,-0.03152160344348755,2019-09-25 00:00:00+00:00,2019
769,-0.0014545357957178233,1.0842021724855044e-18,0.0016085689453699263,-0.0005094330217133801,0.0003939003878865321,0.00038516523567997405,2019-09-26 00:00:00+00:00,2019
770,0.00905134848185948,-1.734723475976807e-18,-0.007967934116827951,0.000812222354002072,0.0005255588612371846,-0.008988132257072455,2019-09-27 00:00:00+00:00,2019
771,0.006567425569709466,-8.673617379884035e-19,-0.004993926747772812,0.0019980958851328378,9.305667866892336e-05,-0.006812489126371084,2019-09-28 00:00:00+00:00,2019
772,0.017942916069711958,-3.469446951953614e-18,-0.014710623921350835,0.0007407205210799989,-0.0003976522707907111,-0.016619244962829918,2019-09-29 00:00:00+00:00,2019
773,-0.037062806742531915,6.938893903907228e-18,0.03172853494093058,0.00046894797829565016,0.00038809213616083915,0.032260007439077254,2019-09-30 00:00:00+00:00,2019
774,-0.01061866021886164,0.0,0.009778960119247209,0.0009763282734154746,-0.0008761895378212245,0.009142927453114817,2019-10-01 00:00:00+00:00,2019
775,-0.008498161118857714,1.734723475976807e-18,0.00795199352519982,-0.0005484749756563528,0.00023738468213183733,0.006278233833465105,2019-10-02 00:00:00+00:00,2019
776,0.027618221441904702,3.469446951953614e-18,-0.02160590867130333,9.07779435536972e-05,0.0009843105754012114,-0.024978794738842278,2019-10-03 00:00:00+00:00,2019
777,0.02434780433469889,0.0,-0.020863922435190974,0.0009905917685489284,-0.0013406947821635977,-0.021629746618255955,2019-10-04 00:00:00+00:00,2019
778,0.004880593443403439,-8.673617379884035e-19,-0.0027923764207885096,0.0016662934924860286,-0.0009578118599347357,-0.006396106787514498,2019-10-05 00:00:00+00:00,2019
779,0.009681891421882473,-1.734723475976807e-18,-0.004980683897558005,0.00018173084516794405,9.798346066612965e-05,-0.008791761647076835,2019-10-06 00:00:00+00:00,2019
780,-0.009707803020671922,1.734723475976807e-18,0.006122258071458442,0.0005161125462263463,-0.0010203094989348713,0.00781658442516336,2019-10-07 00:00:00+00:00,2019
781,0.00011690021777639584,1.1926223897340549e-18,4.4927263701203694e-05,0.0017518810200080146,0.0007910363917256565,-0.0026087156139331016,2019-10-08 00:00:00+00:00,2019
782,0.0061995901015340065,-8.673617379884035e-19,-0.003292399487482449,0.0004079953326825807,9.391731579711307e-05,-0.005285289073310431,2019-10-09 00:00:00+00:00,2019
783,0.0412893185810167,0.0,-0.02433440903838563,9.673332006422675e-05,0.00037429306242061505,-0.03481268996495052,2019-10-10 00:00:00+00:00,2019
784,-0.019795557674096555,3.469446951953614e-18,0.015507770102996678,-0.0006122548534145192,0.0005856419464177476,0.013974327975740362,2019-10-11 00:00:00+00:00,2019
785,0.00792773432877599,0.0,-0.005439421565262967,0.0003070949984091374,-0.00041571561352624943,-0.006678334950966763,2019-10-12 00:00:00+00:00,2019
786,0.009129275472796693,-1.734723475976807e-18,-0.006063569707443071,0.0002524453923278165,7.78998930125261e-05,-0.007856087864666506,2019-10-13 00:00:00+00:00,2019
787,-0.02059652781123437,0.0,0.015272787760090384,0.0009178291801596149,0.000790038365765116,0.01652352290094532,2019-10-14 00:00:00+00:00,2019
788,0.03663505061628855,0.0,-0.03058232046754171,-0.0014086660596051154,0.0001100387974135586,-0.030166071216176066,2019-10-15 00:00:00+00:00,2019
789,-0.002707177612382143,-8.673617379884035e-19,0.0019989476546498925,0.0006598844247932547,0.00011548536961486543,7.543085066463902e-07,2019-10-16 00:00:00+00:00,2019
790,-0.08843402087991008,1.3877787807814457e-17,0.06403791762609577,0.0008800161073228979,-0.00013878271372098905,0.05203368156807227,2019-10-17 00:00:00+00:00,2019
791,0.03591188470724271,-6.938893903907228e-18,-0.022421551054069233,0.001364682634222375,-0.00035963956763423316,-0.030412705135544536,2019-10-18 00:00:00+00:00,2019
792,0.04102689179067079,0.0,-0.03375869255419748,-0.0019604525554733077,-0.00025914861958212243,-0.03144410101426404,2019-10-19 00:00:00+00:00,2019
793,0.013436972486729525,-1.734723475976807e-18,-0.013739033298564317,-0.005277005545080175,-0.0004160757486240448,-0.015494755063754938,2019-10-20 00:00:00+00:00,2019
794,0.024637199900477066,0.0,-0.017742953672732237,0.005049211300146975,-0.0005244986879329727,-0.021603695404773467,2019-10-21 00:00:00+00:00,2019
795,0.018382264272815686,0.0,-0.014690130266177841,0.00017671972782783846,0.0008217829965658958,-0.01617640483081143,2019-10-22 00:00:00+00:00,2019
796,0.04260018634312044,-6.938893903907228e-18,-0.029382568125311842,-0.0018717652217763864,-0.0006263891988262313,-0.03726265668282519,2019-10-23 00:00:00+00:00,2019
797,0.00835360518566848,-1.734723475976807e-18,-0.005208945967166447,0.00021445387853359643,0.0009137698260181792,-0.008418266578571518,2019-10-24 00:00:00+00:00,2019
798,-0.00714219645195201,8.673617379884035e-19,0.006246698839619718,0.0028799173430583682,-0.0019096789681534486,0.004030872602288836,2019-10-25 00:00:00+00:00,2019
799,-0.008189212549761467,0.0,0.00675863288642985,-0.00026616375724405547,0.0006272684095752542,0.005550798659345541,2019-10-26 00:00:00+00:00,2019
800,0.0057473439855623976,0.0,-0.004990439331337904,-0.0007319796789244659,-0.0006854585212472597,-0.00551569951944225,2019-10-27 00:00:00+00:00,2019
801,0.023067360904616148,0.0,-0.018071273304104,0.0011793553019542567,0.0004481037002920518,-0.02118025772631691,2019-10-28 00:00:00+00:00,2019
802,0.026729195251077566,-3.469446951953614e-18,-0.020831366991589037,-0.00013828111908270949,-0.000767422192614324,-0.02091372746225352,2019-10-29 00:00:00+00:00,2019
803,0.008132442907633515,-1.734723475976807e-18,-0.005215322541214682,-0.002520297671079093,0.00046925601989992495,-0.008450135844051873,2019-10-30 00:00:00+00:00,2019
804,-0.05734915605613163,0.0,0.03494637931594113,0.0023684188520357724,-6.386869740814677e-05,0.043322713153362835,2019-10-31 00:00:00+00:00,2019
805,0.042687212452670646,-6.938893903907228e-18,-0.034450121135258235,-0.0009496503472213383,-0.0005067281086300127,-0.0347615100971956,2019-11-01 00:00:00+00:00,2019
806,-0.016081949175916953,3.469446951953614e-18,0.011993081369405125,0.0014203730821495068,0.0010499234189848931,0.011243369432816185,2019-11-02 00:00:00+00:00,2019
807,0.013844076449495887,0.0,-0.009820598942496806,0.0007951831330021281,-0.0006326954137197711,-0.01125713540662922,2019-11-03 00:00:00+00:00,2019
808,0.005021567272050732,-8.673617379884035e-19,-0.0047711624104339306,-2.45494115124964e-06,-0.0019887862366567833,-0.005406580438523614,2019-11-04 00:00:00+00:00,2019
809,-0.00826410139877784,0.0,0.007521733143352076,0.0015327048802835528,0.0008694970619238058,0.005439613333742052,2019-11-05 00:00:00+00:00,2019
810,-0.07026408922853809,1.3877787807814457e-17,0.050145542816171125,-0.0011881170871636676,0.00013982923673419578,0.052554590928157154,2019-11-06 00:00:00+00:00,2019
811,0.0016537717151157746,-6.505213034913027e-19,-0.0012026586014321774,-0.0010818931118177753,-0.00010483801878562377,-0.0022915654826674865,2019-11-07 00:00:00+00:00,2019
812,-0.06909897363730494,1.3877787807814457e-17,0.06052442406568086,-0.0013651112586751252,0.0002824195748394598,0.05897887884137634,2019-11-08 00:00:00+00:00,2019
813,0.06629721495100689,0.0,-0.05854125646980135,0.0002989742982653504,-0.00032254726687339086,-0.0496830021923748,2019-11-09 00:00:00+00:00,2019
814,0.05400621406923091,0.0,-0.040254122656169504,-0.0009729896553136927,2.4936236746889162e-05,-0.04641395249224435,2019-11-10 00:00:00+00:00,2019
815,0.010296168666200589,0.0,-0.008298980906445385,-0.0008223915001053569,-0.00125911929237571,-0.011561730827602375,2019-11-11 00:00:00+00:00,2019
816,-0.03423463239282521,6.938893903907228e-18,0.024820347465325902,0.0029963420072351837,-0.0016350200987385946,0.024301319078279565,2019-11-12 00:00:00+00:00,2019
817,0.027910326943179676,-3.469446951953614e-18,-0.0212103576272339,0.0007528836122403203,0.00030738333054586633,-0.0217428595887975,2019-11-13 00:00:00+00:00,2019
818,-0.01037984874647886,1.734723475976807e-18,0.0031562896903661875,-0.0009080441394561795,0.0010531387093500027,0.005874685128455745,2019-11-14 00:00:00+00:00,2019
819,0.04373495318562851,0.0,-0.033716093079029896,0.0017096959224607508,-0.0003360632475161926,-0.03435113402548511,2019-11-15 00:00:00+00:00,2019
820,-0.07950822744272687,0.0,0.05658512188245696,0.0009671688933241968,4.05863828429609e-05,0.05993778287860041,2019-11-16 00:00:00+00:00,2019
821,0.02877478309089157,-3.469446951953614e-18,-0.02301131847356827,-0.0005154152778898552,0.0007336910901233271,-0.025446691533131865,2019-11-17 00:00:00+00:00,2019
822,0.00011745382686556899,5.149960319306146e-19,0.0012786549663730475,0.0014989123036128222,0.00030100009630459423,-0.00017204243788297434,2019-11-18 00:00:00+00:00,2019
823,0.026143446186472317,-6.938893903907228e-18,-0.022213874712233694,-0.00027323738088694954,-0.0009468342877246849,-0.020246010654310656,2019-11-19 00:00:00+00:00,2019
824,-0.015127910272724133,3.469446951953614e-18,0.0111182923212512,0.0012856379096353523,0.0001068778270350082,0.012651082275559052,2019-11-20 00:00:00+00:00,2019
825,0.005082758852673061,0.0,-0.00445340423258923,0.0003171937748445647,0.00155650783999508,-0.005953195020397863,2019-11-21 00:00:00+00:00,2019
826,-0.004446619323321751,8.673617379884035e-19,0.004748757333609917,0.0017449689064704997,-0.001683406108298687,0.0016389582132292487,2019-11-22 00:00:00+00:00,2019
827,-0.03253374172716725,0.0,0.02454415822358492,-0.003294235326363637,-0.0005997069805639202,0.023282991493707345,2019-11-23 00:00:00+00:00,2019
828,-0.13138654207820213,0.0,0.10544142655301905,0.003010249454604902,0.0016676859509094089,0.04704684979014567,2019-11-24 00:00:00+00:00,2019
829,-0.0559273897693847,-6.938893903907228e-18,0.02953143332609939,0.0019635153705976627,0.0008494624570954956,0.04431111542915955,2019-11-25 00:00:00+00:00,2019
830,0.026499989069052758,0.0,-0.02116425097634486,0.0009987155137025916,-0.00023077622681376767,-0.022733003449205192,2019-11-26 00:00:00+00:00,2019
831,-0.0022631526598470464,4.336808689942018e-19,0.0019858102639933274,-0.0004918705398173763,-0.0019068487450914404,0.0001731228466780835,2019-11-27 00:00:00+00:00,2019
832,0.03523841938996678,-6.938893903907228e-18,-0.026368587288321914,0.0011152133582994703,-0.0011065371903620294,-0.03306561463902074,2019-11-28 00:00:00+00:00,2019
833,-0.07297798582745083,0.0,0.06761039121827116,0.0017893666625229399,0.000770908321544056,0.05486089155130199,2019-11-29 00:00:00+00:00,2019
834,-0.031425840055882025,6.938893903907228e-18,0.024095798258137135,-0.0004863971882367313,0.0007455238143344381,0.026226924983105998,2019-11-30 00:00:00+00:00,2019
835,0.033217474893870086,0.0,-0.028513670653100787,-0.0008546641779003106,0.0013227172797501754,-0.028333437223559788,2019-12-01 00:00:00+00:00,2019
836,0.01300492702108441,0.0,-0.010256899896130604,0.0004038016496957005,0.0002329475424887647,-0.011932431742628173,2019-12-02 00:00:00+00:00,2019
837,-0.10219476138702546,-1.3877787807814457e-17,0.09175373762885346,7.667556517015894e-05,-0.00021610023187071392,0.08303702283267747,2019-12-03 00:00:00+00:00,2019
838,0.021699402067396376,3.469446951953614e-18,-0.018454853780145726,-0.0004860350173731924,0.0002562384652377188,-0.0196188811727044,2019-12-04 00:00:00+00:00,2019
839,0.03082991609669695,0.0,-0.02689486626104541,-1.1945044348309064e-05,-0.00031244162718597687,-0.028423233911366783,2019-12-05 00:00:00+00:00,2019
840,0.00046547223823239104,0.0,-0.0004984415270329416,-0.0008313660436245567,-0.0008881943937766273,-0.0019439760712505689,2019-12-06 00:00:00+00:00,2019
841,-0.015319220044396141,0.0,0.012441516366651658,-0.0019289249683639015,4.95398657294685e-05,0.013140664116521105,2019-12-07 00:00:00+00:00,2019
842,0.026530217642735953,0.0,-0.023942165755865316,0.0009825136027929553,-5.714450226625492e-05,-0.024575890089473057,2019-12-08 00:00:00+00:00,2019
843,-0.00761144660940074,-1.734723475976807e-18,0.0069753287935864165,0.0016590880207242647,0.00047968552840103786,0.005669071766764261,2019-12-09 00:00:00+00:00,2019
844,-0.021834845193708787,0.0,0.01816072924406602,0.0010384212664666694,0.0004460627247329166,0.017997189711198083,2019-12-10 00:00:00+00:00,2019
845,0.04577678291484563,0.0,-0.03888933416458673,0.001675379620131326,-0.0004330532470762788,-0.040061886435240356,2019-12-11 00:00:00+00:00,2019
846,0.022756371534231937,0.0,-0.019382272657430918,-1.0944843385634478e-05,-0.0010367854636225693,-0.020749378515037633,2019-12-12 00:00:00+00:00,2019
847,0.05882078439298302,1.3877787807814457e-17,-0.05090028361384592,-0.0001852892610925,0.00021336174634458555,-0.05376031229057242,2019-12-13 00:00:00+00:00,2019
848,-0.010611845387352837,0.0,0.009209059503035091,0.0009574004282743524,9.979612779468898e-05,0.006862823554439148,2019-12-14 00:00:00+00:00,2019
849,0.03019172585371769,3.469446951953614e-18,-0.024222069163126435,-0.0002206100608974637,-0.00014792179249212278,-0.02691237943120881,2019-12-15 00:00:00+00:00,2019
850,0.013946724660468824,1.734723475976807e-18,-0.011758679365540885,0.0003714103295680022,-5.204148069899196e-05,-0.013235068820485097,2019-12-16 00:00:00+00:00,2019
851,0.01771412052289404,0.0,-0.015408550797880324,0.00017986316957897125,9.703630852897147e-05,-0.0169645682548831,2019-12-17 00:00:00+00:00,2019
852,-0.07163413215165186,-1.3877787807814457e-17,0.06383507695429748,-0.0010079544539865343,2.549905481992465e-05,0.056298355896622646,2019-12-18 00:00:00+00:00,2019
853,-0.024910330471366343,0.0,0.02100312739968209,0.00116608711878248,-4.524362914901797e-05,0.019167482063758942,2019-12-19 00:00:00+00:00,2019
854,0.013223126982197617,1.734723475976807e-18,-0.010778576127383487,-0.0010448639235601347,-0.0002734007481570988,-0.012164692796489117,2019-12-20 00:00:00+00:00,2019
855,-0.004828467814609258,-8.673617379884035e-19,0.0038441289178542627,-0.0004555998059508886,0.000596831201312307,0.003542653049727002,2019-12-21 00:00:00+00:00,2019
856,0.036943012114727135,6.938893903907228e-18,-0.03216304955186567,-0.001353816061757697,0.0007678817376256739,-0.032528073948870105,2019-12-22 00:00:00+00:00,2019
857,0.014497840645337346,1.734723475976807e-18,-0.011166052952882661,0.0019527208909996662,-0.00019437619402962875,-0.013457102642291326,2019-12-23 00:00:00+00:00,2019
858,-0.010704146190123125,-1.734723475976807e-18,0.008716659151185812,0.0006730905646360318,-5.4881110955454573e-05,0.007735392383731821,2019-12-24 00:00:00+00:00,2019
859,0.00024262582412873856,-6.505213034913027e-19,-0.0001091900347571395,-0.0007311419542757247,-0.0002580155092029128,-0.001991219207659769,2019-12-25 00:00:00+00:00,2019
860,-0.06823460080406883,1.3877787807814457e-17,0.05008329818645079,0.001069802009153395,0.0018067711264885683,0.06250738625026364,2019-12-26 00:00:00+00:00,2019
861,-0.005232998819062204,-8.673617379884035e-19,0.0047656471368872745,0.0001596926645913259,-0.0003120372818137193,0.0038775654880915463,2019-12-27 00:00:00+00:00,2019
862,-0.05733884193680503,-6.938893903907228e-18,0.04708678919176337,0.000881311647340545,-0.00101870200450533,0.04719144236456843,2019-12-28 00:00:00+00:00,2019
863,-0.025157279137409096,0.0,0.021228232580665744,0.0008814980382754467,-9.834177869044725e-05,0.021151483356416406,2019-12-29 00:00:00+00:00,2019
864,0.013406728554253627,1.734723475976807e-18,-0.011363091573272907,0.0004134714809894847,0.00029747400543199583,-0.011540955512714904,2019-12-30 00:00:00+00:00,2019
865,-0.04200160322767316,0.0,0.03364778440294404,-0.00048781853905655037,0.0006844382088250084,0.0387258305410464,2019-12-31 00:00:00+00:00,2019
866,0.04669607167292123,0.0,-0.04358726161059705,-0.00030999335315388954,0.0007844446059940627,-0.04057571002824675,2020-01-01 00:00:00+00:00,2020
867,0.05337436361746355,0.0,-0.0460706659297343,0.0002128440561277728,-0.0004736499529430019,-0.045210840181444646,2020-01-02 00:00:00+00:00,2020
868,-0.035556018051474986,0.0,0.029443165624008363,0.0015582162743822403,0.0007774442684748556,0.028405864203109914,2020-01-03 00:00:00+00:00,2020
869,0.021653597704087844,3.469446951953614e-18,-0.01773431222808259,0.0005054050322538979,0.00014734197113477898,-0.018603251896469414,2020-01-04 00:00:00+00:00,2020
870,0.015282518032825354,3.469446951953614e-18,-0.012044191865348091,0.0013716543792343053,-0.00029949854751356274,-0.014010899331041856,2020-01-05 00:00:00+00:00,2020
871,0.00021822675310000024,-3.7947076036992655e-19,-2.754912483069052e-06,0.0010394496883680364,3.827034116809922e-05,-0.0007403024381549385,2020-01-06 00:00:00+00:00,2020
872,-0.043828164387230924,0.0,0.037617075977705104,0.0010080615532696638,-0.00018408704142498789,0.03877081941588248,2020-01-07 00:00:00+00:00,2020
873,-0.009462694628070098,-1.734723475976807e-18,0.008294158544084104,0.00194865712573704,-0.0008489842909391327,0.007921403962412376,2020-01-08 00:00:00+00:00,2020
874,-0.03206802528313916,-6.938893903907228e-18,0.027998103113299082,0.0007263643157629854,0.00018410030532613197,0.0279464730747499,2020-01-09 00:00:00+00:00,2020
875,-0.038842651278081564,-6.938893903907228e-18,0.03419458439972183,0.0005578440362813686,0.0005702826272635381,0.03464877457994078,2020-01-10 00:00:00+00:00,2020
876,-0.14367174379753345,0.0,0.1224517452310196,0.00019309247757937076,0.00026014820707986885,0.1319312887384904,2020-01-11 00:00:00+00:00,2020
877,-0.10102768347720907,-1.3877787807814457e-17,0.09289002459049044,-0.0011531965521071885,0.0005264430634292078,0.092054537375215,2020-01-12 00:00:00+00:00,2020
878,0.03946739073955652,0.0,-0.03662960207348166,-0.00041643306088058607,-0.0004273418356993963,-0.03633164759706564,2020-01-13 00:00:00+00:00,2020
879,-0.0354992024826281,-6.938893903907228e-18,0.032407966107737635,0.000837286544249749,-1.668450380674924e-05,0.030157994776271284,2020-01-14 00:00:00+00:00,2020
880,0.013219819827513262,0.0,-0.011532338840197527,0.0010774958298633546,-8.91808804134829e-05,-0.011826622683311108,2020-01-15 00:00:00+00:00,2020
881,0.008380720711717702,1.734723475976807e-18,-0.0070493380175357286,0.0007305344493188596,-0.0005519162282696926,-0.00800934274866024,2020-01-16 00:00:00+00:00,2020
882,-0.009695195972020901,-1.734723475976807e-18,0.008716454667623861,0.00016037243566872222,-0.0002087145247141979,0.007411365816925334,2020-01-17 00:00:00+00:00,2020
883,0.03261132965135814,0.0,-0.026285487709716813,-0.000514029296629484,-0.0017746414434700493,-0.02559554182515364,2020-01-18 00:00:00+00:00,2020
884,0.020573074793695804,-3.469446951953614e-18,-0.015535649889616665,0.0006377440212777079,0.00023326834670004543,-0.017748748633228794,2020-01-19 00:00:00+00:00,2020
885,-0.009403860449191913,-1.734723475976807e-18,0.008164786184741259,0.00011106395641210381,-0.0007452933651635203,0.008028683674694887,2020-01-20 00:00:00+00:00,2020
886,0.014370125142773192,3.469446951953614e-18,-0.01276301857726806,0.0009948026593211718,-0.00017201738756860395,-0.013310986906247857,2020-01-21 00:00:00+00:00,2020
887,0.017836824433887424,3.469446951953614e-18,-0.01618970204797408,0.0008175572206116435,0.0003369922447961325,-0.015720929378816157,2020-01-22 00:00:00+00:00,2020
888,-0.03614079323246251,-6.938893903907228e-18,0.029873304128375123,-0.0016266619679753125,0.0010654311263667351,0.03286450162569143,2020-01-23 00:00:00+00:00,2020
889,0.014596002185764026,-1.734723475976807e-18,-0.013332925210541798,0.00041794335112192195,0.0003327142985491173,-0.013129651061786289,2020-01-24 00:00:00+00:00,2020
890,0.0797376090557731,0.0,-0.0666839911591446,0.001653707310698499,-0.0007482059751682812,-0.07179183047629772,2020-01-25 00:00:00+00:00,2020
891,0.031152275039922052,6.938893903907228e-18,-0.027653929648100126,0.0004855333653500313,-0.00011339109651243087,-0.025504158705966326,2020-01-26 00:00:00+00:00,2020
892,0.01622143073297625,0.0,-0.01275769713372928,-0.0010718954193335434,0.0003492785828801484,-0.014600234847740753,2020-01-27 00:00:00+00:00,2020
893,0.05294089850468851,-6.938893903907228e-18,-0.045364384113937506,-0.001013680987676721,-0.0012375685209971843,-0.047567710061073014,2020-01-28 00:00:00+00:00,2020
894,-0.019528460562528677,0.0,0.017290645287642167,0.0012853936288748195,-0.00026826228702217167,0.01713543709042304,2020-01-29 00:00:00+00:00,2020
895,0.029112383348857938,-3.469446951953614e-18,-0.026214670250923132,0.0002679096194930959,0.00043674411968753005,-0.025496866193738095,2020-01-30 00:00:00+00:00,2020
896,-0.03359867849541669,-6.938893903907228e-18,0.02801449997247847,9.098215930105485e-05,3.430470530228075e-05,0.029213550420606724,2020-01-31 00:00:00+00:00,2020
897,-0.0668725919483894,0.0,0.06002579361735122,0.0005124142925227726,0.0024650810508401316,0.061093223504305114,2020-02-01 00:00:00+00:00,2020
898,0.006056261721567892,8.673617379884035e-19,-0.005464087764709358,0.0001751216660233687,-0.0005948399365891003,-0.005725167611256048,2020-02-02 00:00:00+00:00,2020
899,-0.016495457246674963,0.0,0.014987586579703841,0.0017895596992189428,-0.00014058003127960864,0.014952517700599457,2020-02-03 00:00:00+00:00,2020
900,0.0075084201654597145,-8.673617379884035e-19,-0.006780406592547322,0.0003675474555020703,0.0015378588680071302,-0.006885438291033066,2020-02-04 00:00:00+00:00,2020
901,0.06247253933144574,0.0,-0.05389197320711998,-0.0005526699399539814,0.00024005092525994365,-0.05537797213582732,2020-02-05 00:00:00+00:00,2020
902,-0.0008554916885030929,-2.168404344971009e-19,0.0008567874525624717,-0.00017599114916385034,3.282740925450282e-05,0.00028360237680344846,2020-02-06 00:00:00+00:00,2020
903,-0.07882582512333165,-1.3877787807814457e-17,0.06807589734504407,0.0003145735545900946,-0.00040623369341505344,0.07254886871359797,2020-02-07 00:00:00+00:00,2020
904,-0.024088192824742304,0.0,0.022407079530313945,0.0012375333156324983,4.343220290590338e-05,0.021142420229398485,2020-02-08 00:00:00+00:00,2020
905,-0.0047044831903735596,0.0,0.004291249684285845,0.00038867202382454873,-0.00012187750162405853,0.004121892736953878,2020-02-09 00:00:00+00:00,2020
906,-0.05032750889284527,6.938893903907228e-18,0.04534470059964302,0.003978199454032348,-0.00014103869817639475,0.04667478371209872,2020-02-10 00:00:00+00:00,2020
907,-0.06738795077980463,-1.3877787807814457e-17,0.06257274675765966,-0.0005761692337239582,0.0002465521627373207,0.06195079037412809,2020-02-11 00:00:00+00:00,2020
908,0.028815249102798538,3.469446951953614e-18,-0.02672670671412214,-0.0002864838732729233,0.0004910285675004677,-0.026519332452684577,2020-02-12 00:00:00+00:00,2020
909,-0.02155102766937946,-3.469446951953614e-18,0.01954262728104313,0.0010448837463788857,6.477291501908941e-05,0.019078971733378303,2020-02-13 00:00:00+00:00,2020
910,-0.02867090402536057,0.0,0.025612330957292522,0.0005431973323494592,0.0002890105320848095,0.02498268156553843,2020-02-14 00:00:00+00:00,2020
911,0.07237283069284717,-1.3877787807814457e-17,-0.06485535527845038,-0.00024330940789957234,0.00020244480233318207,-0.06214196897686488,2020-02-15 00:00:00+00:00,2020
912,0.004051515205421639,8.673617379884035e-19,-0.0034781623658740744,-1.1516625195713386e-05,4.723814433649134e-05,-0.004150938305119298,2020-02-16 00:00:00+00:00,2020
913,-0.042404569872659656,0.0,0.03807866154350625,0.0007698328296398688,-2.1720674578375176e-05,0.038241585790206555,2020-02-17 00:00:00+00:00,2020
914,0.10940161452221511,0.0,-0.09966861280498206,0.0010755659147485552,0.0005180459921342584,-0.10220493842801436,2020-02-18 00:00:00+00:00,2020
915,0.02777523790771638,-3.469446951953614e-18,-0.025900205170529163,-0.00046830755621649414,-0.00043764114774339294,-0.024347057054291653,2020-02-19 00:00:00+00:00,2020
916,-0.006393665045350041,0.0,0.005191910435565012,0.0005246093558546484,9.996803985851989e-05,0.004698123806857753,2020-02-20 00:00:00+00:00,2020
917,-0.026396235029901093,0.0,0.02222093143789125,0.0007846771154283345,-0.0006548362420918039,0.017969176308511515,2020-02-21 00:00:00+00:00,2020
918,-0.06095612109006949,-6.938893903907228e-18,0.04331552309346386,-2.5773294086442466e-05,0.0006887905551501497,0.04956374698357309,2020-02-22 00:00:00+00:00,2020
919,0.022431990309576294,0.0,-0.018130823043055366,0.0009569243102431346,-0.0011177170599387526,-0.020779290168095446,2020-02-23 00:00:00+00:00,2020
920,-0.03538884799085071,0.0,0.0325243351139901,0.0022897810523048734,-0.0007571116171759956,0.03165867646404551,2020-02-24 00:00:00+00:00,2020
921,-0.012267269381326646,0.0,0.010936308529056311,-0.001766479823408813,4.996337528645825e-06,0.010186741206758297,2020-02-25 00:00:00+00:00,2020
922,0.01434752869246593,0.0,-0.012308082227351377,0.00013096927840512002,-8.717058107655246e-05,-0.01300010732119579,2020-02-26 00:00:00+00:00,2020
923,0.056658864320822094,1.3877787807814457e-17,-0.0488751368480342,0.0005085947220677192,-0.001421285334233413,-0.04737435760033777,2020-02-27 00:00:00+00:00,2020
924,-0.035028639750264996,-6.938893903907228e-18,0.028455221795834474,0.00030971739901495404,-0.0001720523483068545,0.030515205244280086,2020-02-28 00:00:00+00:00,2020
925,-0.0195070538089503,0.0,0.017994821870510477,0.0011696809344954005,-0.00016809264755945907,0.01243898621344996,2020-02-29 00:00:00+00:00,2020
926,0.0034287365237672127,0.0,-0.0025274827594500377,-0.0006314123384987182,-0.00014743134152311226,-0.003349860694674171,2020-03-01 00:00:00+00:00,2020
927,-0.019607335778337027,0.0,0.01486851956916219,-0.0022508130514056757,0.0002218035997331863,0.013672068827900721,2020-03-02 00:00:00+00:00,2020
928,0.030486953617939398,0.0,-0.025821593090887635,-0.0016716818588318784,-4.321504103726656e-05,-0.027470411449905245,2020-03-03 00:00:00+00:00,2020
929,-2.575429839704504e-05,9.75781955236954e-19,2.5207560312245648e-05,0.0007316480763690253,-0.0005449677148025343,-0.0008165512764181851,2020-03-04 00:00:00+00:00,2020
930,0.03902878503703592,6.938893903907228e-18,-0.031047247307904792,-0.0005367931506418469,-0.0005549330142837344,-0.0315234135010106,2020-03-05 00:00:00+00:00,2020
931,0.004163031302504803,8.673617379884035e-19,-0.0029825037875606513,0.0008238712561614717,0.00017892365219095673,-0.004291418720745848,2020-03-06 00:00:00+00:00,2020
932,0.028223415115969864,3.469446951953614e-18,-0.023111096151599383,0.001478810138045409,0.00034788512751244074,-0.023438588517832384,2020-03-07 00:00:00+00:00,2020
933,0.03493040500573776,6.938893903907228e-18,-0.02567308210563813,-0.0012302879590084595,-0.0008159402151874176,-0.03115694939724545,2020-03-08 00:00:00+00:00,2020
934,-0.012398053952796974,0.0,0.009825327733668059,-0.00021294355319586254,0.00021814502637401874,0.00795316634930417,2020-03-09 00:00:00+00:00,2020
935,0.010853541256794379,0.0,-0.00796645974499751,0.0012733013504566508,2.3857047733381875e-05,-0.009022253033792404,2020-03-10 00:00:00+00:00,2020
936,0.030295048826303912,0.0,-0.02330940467688404,0.0007362729556657649,0.0004422859742383156,-0.02630679535369454,2020-03-11 00:00:00+00:00,2020
937,0.02254097275997526,-3.469446951953614e-18,-0.01776604189787747,0.0012044655382203728,0.00022156929973785738,-0.018923013476054504,2020-03-12 00:00:00+00:00,2020
938,0.021164095581476413,0.0,-0.015702404054462712,-0.0016677047318440809,4.5108636869888724e-05,-0.016227177150750442,2020-03-13 00:00:00+00:00,2020
939,-0.015856037786857565,-3.469446951953614e-18,0.011592644526892026,0.0013520850095069033,-8.137189342862644e-05,0.01088633838012584,2020-03-14 00:00:00+00:00,2020
940,0.03973718534162895,0.0,-0.028560300033387397,0.0008983488267063564,-0.0003995835644937107,-0.034411447737920216,2020-03-15 00:00:00+00:00,2020
941,0.05818463989238643,0.0,-0.04636886572033465,-0.0015167997273307296,0.0004977014109416034,-0.051448221396105165,2020-03-16 00:00:00+00:00,2020
942,0.0021451891367159897,0.0,-0.001209304740257117,0.0020969793813771925,-6.707304732972734e-05,-0.0023602465219149113,2020-03-17 00:00:00+00:00,2020
943,0.02268807732280175,6.938893903907228e-18,-0.01805894421146193,-0.00018680255767031598,4.399099673221482e-05,-0.02169587277574169,2020-03-18 00:00:00+00:00,2020
944,0.03507687907722128,-6.938893903907228e-18,-0.030218772197907754,0.00018095677371841867,-0.0009062433072438633,-0.03150396201394512,2020-03-19 00:00:00+00:00,2020
945,-0.009564557267193819,1.734723475976807e-18,0.006645979358631635,-0.0004400295290877248,-0.002552711021501496,0.006027685329000106,2020-03-20 00:00:00+00:00,2020
946,0.03872919591827009,0.0,-0.03285356417636043,2.9189789713307546e-05,0.0037992563649273323,-0.034257211255303656,2020-03-21 00:00:00+00:00,2020
947,0.00588240365886209,0.0,-0.004577303991974539,-0.00033973466703471,-0.00033062709558085226,-0.005738564471864229,2020-03-22 00:00:00+00:00,2020
948,0.02048594504594803,0.0,-0.017814564542238332,0.0002379764060426344,0.0004006022925986952,-0.018543992593794103,2020-03-23 00:00:00+00:00,2020
949,-0.019479113221168517,-3.469446951953614e-18,0.016194150421451926,-0.0033788986151059054,0.00043700613958285936,0.016473736966504914,2020-03-24 00:00:00+00:00,2020
950,-0.026775667667388914,-3.469446951953614e-18,0.023819889052078127,0.0009653814363939882,0.0006864853360156777,0.022073361902489576,2020-03-25 00:00:00+00:00,2020
951,-0.10048122078180313,0.0,0.08226292725339629,0.005212790817232638,0.0022889955660633787,0.08199928417873037,2020-03-26 00:00:00+00:00,2020
952,0.03190426230430603,0.0,-0.027021602308632306,-0.00020762206968609476,-0.000564320816182913,-0.029047019262351387,2020-03-27 00:00:00+00:00,2020
953,-0.05509899944067001,-6.938893903907228e-18,0.048551418600713554,0.0015126964306606816,-0.001154847403784444,0.045477051552111084,2020-03-28 00:00:00+00:00,2020
954,0.02822821378707886,-3.469446951953614e-18,-0.02383648191981185,-0.0015117284375411912,-0.0016334260966314393,-0.023487019867876706,2020-03-29 00:00:00+00:00,2020
955,-0.017230072021484376,0.0,0.01397681408224643,0.000510928555104817,0.0005633032832807194,0.013138476397091377,2020-03-30 00:00:00+00:00,2020
956,-0.09302853494882583,-1.3877787807814457e-17,0.07405582477861057,-0.00019272128439615233,-0.0007219173102173265,0.08207941220376401,2020-03-31 00:00:00+00:00,2020
957,0.03381268173456192,0.0,-0.030590531422722413,0.0007523020935138666,-0.00014357394179789762,-0.02938017168866701,2020-04-01 00:00:00+00:00,2020
958,0.034806410372257235,0.0,-0.029194440949792143,-6.713785676382145e-05,0.00019852844472066644,-0.03147256936637488,2020-04-02 00:00:00+00:00,2020
959,-0.026554637849330903,0.0,0.023840145961529863,0.0008332593946309627,0.0005320024941612503,0.02065140553010961,2020-04-03 00:00:00+00:00,2020
960,0.013113634288311004,1.734723475976807e-18,-0.010301555038683671,-0.00014886767749611174,7.671525718906842e-05,-0.010496768712417668,2020-04-04 00:00:00+00:00,2020
961,0.0006511831283569336,1.0842021724855044e-19,-0.00021576222131683306,-3.3754835360659975e-05,4.952293610074095e-06,-0.0007414809103988596,2020-04-05 00:00:00+00:00,2020
962,-0.023797994256019594,0.0,0.02015042521482969,0.0002820896047459713,-0.0004772787854397005,0.018280722922451195,2020-04-06 00:00:00+00:00,2020
963,0.01634755164384842,0.0,-0.013558776580005094,-0.002586256213287173,0.001531809490808344,-0.014057928453968964,2020-04-07 00:00:00+00:00,2020
964,0.02989796668291092,0.0,-0.02532384775851375,0.0009200925934798876,0.0007312539701382556,-0.024817435320743122,2020-04-08 00:00:00+00:00,2020
965,-0.0027973654866218565,0.0,0.0021313763219282214,0.0005833429406673246,-0.0004967934229282785,0.0010117456524133255,2020-04-09 00:00:00+00:00,2020
966,-0.02829867422580719,0.0,0.023882743252904112,0.001134246281242389,-0.00023675513049235125,0.023251999871092555,2020-04-10 00:00:00+00:00,2020
967,-0.0017370659112930298,2.168404344971009e-19,0.001703442380224267,0.0011677066638900537,0.000636055111631981,0.0013214381842399149,2020-04-11 00:00:00+00:00,2020
968,-0.0025604748725891113,-4.336808689942018e-19,0.0013230109139796245,-0.0006766624001766607,8.68686890255297e-05,0.0007956045275592876,2020-04-12 00:00:00+00:00,2020
969,-0.019970738589763642,0.0,0.01567336820192406,0.0013198813291026602,-0.0009074271037455076,0.015570295033606128,2020-04-13 00:00:00+00:00,2020
970,-0.0029271239042282103,0.0,0.0026747678227145777,0.0007347050859766485,0.00032371778728506814,0.0020440976226484657,2020-04-14 00:00:00+00:00,2020
971,-0.07408546626567841,0.0,0.06102855790312692,0.0005004995374043725,-0.00014738072243711264,0.06451250563475802,2020-04-15 00:00:00+00:00,2020
972,0.02699854105710983,3.469446951953614e-18,-0.023941418837491145,-0.0015008960702597163,0.0009297359392076918,-0.02327199430695885,2020-04-16 00:00:00+00:00,2020
973,0.0018038105964660643,8.673617379884035e-19,-0.0009686770411768654,0.0009103174966781096,0.000130998997272041,-0.0020407685977930825,2020-04-17 00:00:00+00:00,2020
974,-0.05625087916851044,6.938893903907228e-18,0.04529393378717622,0.0011959730260749715,-0.00022113874316363746,0.04631086029361213,2020-04-18 00:00:00+00:00,2020
975,-0.0841471865773201,0.0,0.06979055684868118,0.0002402259198307083,0.0004779470200396707,0.07415766592372297,2020-04-19 00:00:00+00:00,2020
976,0.030158023834228515,-3.469446951953614e-18,-0.027596087607701096,-0.0038819798754316202,-7.514850496556993e-05,-0.02556138413110249,2020-04-20 00:00:00+00:00,2020
977,-0.006497946679592133,-8.673617379884035e-19,0.006057063519401406,0.0007156886541647934,0.00016748707484449954,0.00530615115511101,2020-04-21 00:00:00+00:00,2020
978,-0.013843872845172881,1.734723475976807e-18,0.011038400081911159,0.0005726452059050102,-0.0002123317554541971,0.010621038736889753,2020-04-22 00:00:00+00:00,2020
979,0.08764897853136062,0.0,-0.07123353534310864,8.99770844961928e-05,-0.0003700718333931735,-0.08004416607649575,2020-04-23 00:00:00+00:00,2020
980,-0.09304877698421478,0.0,0.08171483401092142,0.0005344459575868793,-0.0008808726657913851,0.08605805826768219,2020-04-24 00:00:00+00:00,2020
981,-0.003629666864871979,8.673617379884035e-19,0.003407501174697023,-0.00010796445198473035,-0.0003493285311187422,0.0027171880306689597,2020-04-25 00:00:00+00:00,2020
982,-0.042877155840396884,6.938893903907228e-18,0.03549130258853763,-0.000947082528067418,-0.00010535473118442745,0.03651725819806677,2020-04-26 00:00:00+00:00,2020
983,-0.021104159653186797,-3.469446951953614e-18,0.017448093336693466,-0.0005124599050563422,-0.00044542987349097465,0.015763385849417094,2020-04-27 00:00:00+00:00,2020
984,-0.15312623262405395,0.0,0.11973601787445182,0.002301060605740368,-0.00012779985577901498,0.1358567318294475,2020-04-28 00:00:00+00:00,2020
985,0.0008285185694694519,0.0,-0.0004920651952591193,-0.00040139285670392675,-0.0003107097036031468,-0.0005880681654704723,2020-04-29 00:00:00+00:00,2020
986,-0.2603050622344017,0.0,0.22283232155643135,0.005934466544137373,-0.0032189161421533607,0.1294919031769286,2020-04-30 00:00:00+00:00,2020
987,-0.09220362722873687,0.0,0.0500937838287766,0.001368108382015093,-0.0009605541694913122,0.010179728072139294,2020-05-01 00:00:00+00:00,2020
988,0.12285866419873645,1.3877787807814457e-17,-0.014156814622392183,0.000671313676839147,-0.0035005987424073515,-0.07831278318369264,2020-05-02 00:00:00+00:00,2020
989,0.03630807082257678,0.0,-0.02225566140089638,-0.001121513530370273,7.71104991830196e-05,-0.02523452100352112,2020-05-03 00:00:00+00:00,2020
990,0.07901146423876584,0.0,-0.05411819193397434,-0.00015140623983042611,-0.0015343212581785115,-0.06551978587625519,2020-05-04 00:00:00+00:00,2020
991,-0.06324949396315531,-1.3877787807814457e-17,0.04926051012509523,0.0019274796880332581,0.0012054900333343319,0.04570820570422497,2020-05-05 00:00:00+00:00,2020
992,0.07192830816663877,0.0,-0.05385431215100493,-0.0008400030918635643,0.00015566904880132126,-0.060057829005078764,2020-05-06 00:00:00+00:00,2020
993,-0.07606894227128531,-1.3877787807814457e-17,0.06038084370992887,-0.0019197379495711347,-0.002664059501570268,0.061739006367892035,2020-05-07 00:00:00+00:00,2020
994,0.05554032595313374,0.0,-0.047123385630682316,0.0006729186817664157,0.0016532062341159046,-0.0448480790330541,2020-05-08 00:00:00+00:00,2020
995,-0.01948544787402129,0.0,0.01502703375262612,0.0006583141318689291,0.001076385813888435,0.01278497393219889,2020-05-09 00:00:00+00:00,2020
996,0.025161662293438934,3.469446951953614e-18,-0.017888909202452383,0.001713885190913561,-0.0004372913861458716,-0.02170872446258813,2020-05-10 00:00:00+00:00,2020
997,0.03285926161099918,0.0,-0.026335986068717156,-0.00030414338753385894,0.0004732329720542189,-0.024932287144306058,2020-05-11 00:00:00+00:00,2020
998,-0.034144101130902466,0.0,0.02431681663349905,-0.00018924610794781443,0.000308795722794436,0.027333718945960837,2020-05-12 00:00:00+00:00,2020
999,0.03640151023864746,0.0,-0.030126552270913556,0.00030740582684549156,-0.0008224222498963568,-0.032565256101483225,2020-05-13 00:00:00+00:00,2020
1000,-0.010108191463815508,-1.734723475976807e-18,0.008846243929869078,0.00117034608337826,-0.00038044358573406135,0.007203553922404965,2020-05-14 00:00:00+00:00,2020
1001,-0.06805762843270997,1.3877787807814457e-17,0.05526379695288783,0.0030641897306225296,0.000505779571156259,0.06008092216418597,2020-05-15 00:00:00+00:00,2020
1002,-0.03928300663454449,-6.938893903907228e-18,0.03515172199212308,0.0010576779156164437,-0.00028975245129751054,0.032537887873745966,2020-05-16 00:00:00+00:00,2020
1003,0.033165355423587055,-6.938893903907228e-18,-0.02824359648876711,-0.0003596747999660352,0.0009248560238778875,-0.027600158277867416,2020-05-17 00:00:00+00:00,2020
1004,0.041911503883323285,0.0,-0.032689263057697954,0.0023246888163731896,-0.0008324340692517015,-0.038957669781930354,2020-05-18 00:00:00+00:00,2020
1005,0.08646352776330919,0.0,-0.07532447980055886,0.003606128773554554,-0.0007584960710444594,-0.06934572773179733,2020-05-19 00:00:00+00:00,2020
1006,-0.0006409467165194564,7.589415207398531e-19,0.0002442860348138036,0.00036002659801828794,-0.000997256823715709,-0.0007427891534197477,2020-05-20 00:00:00+00:00,2020
1007,-0.07117694705724716,-1.3877787807814457e-17,0.05969641720728186,0.00490172342352084,0.004795335473286061,0.05710856706373015,2020-05-21 00:00:00+00:00,2020
1008,0.03381922096014023,0.0,-0.027478737464195827,0.0005780289529188076,-0.00030247382815041385,-0.0269597400978288,2020-05-22 00:00:00+00:00,2020
1009,-0.03223072528839111,-6.938893903907228e-18,0.023673863552242054,-0.0006008708620746026,9.078448432071895e-06,0.02357687049336163,2020-05-23 00:00:00+00:00,2020
1010,0.01573049932718277,3.469446951953614e-18,-0.012060824254891573,0.00039972400626412524,0.0016396621211472104,-0.013244385657721194,2020-05-24 00:00:00+00:00,2020
1011,0.0005031615495681762,-5.421010862427522e-19,0.0006690903045634733,0.001857735084047061,0.00019612036830754618,-0.0007803079118734463,2020-05-25 00:00:00+00:00,2020
1012,0.02571152538061142,3.469446951953614e-18,-0.021666759998714064,0.0004695731433942314,0.0002320384509166551,-0.02331552577536174,2020-05-26 00:00:00+00:00,2020
1013,0.0069072231575472275,-1.734723475976807e-18,-0.006703903783627608,-0.000604343899886407,-0.00034276837078188807,-0.010133660856026686,2020-05-27 00:00:00+00:00,2020
1014,-0.007034342885017395,-1.734723475976807e-18,0.006133502701153602,0.001302524581523681,0.0019353348094496535,0.0036610571647495995,2020-05-28 00:00:00+00:00,2020
1015,-0.0020124152302742004,0.0,0.0011590858626896335,2.8615345772204336e-06,-0.0001849644005914616,0.000406260395526764,2020-05-29 00:00:00+00:00,2020
1016,-0.04678782165050507,0.0,0.036456194737210304,0.0011471200574697457,-0.0003541551143678573,0.037885020177090674,2020-05-30 00:00:00+00:00,2020
1017,-0.07076677292585373,0.0,0.0588657876146367,0.0023331660918466945,0.0001060864838928477,0.06191880205458869,2020-05-31 00:00:00+00:00,2020
1018,-0.0685477152466774,0.0,0.06058304863820732,0.004493730010396893,-0.0029986358175190103,0.05731131238939001,2020-06-01 00:00:00+00:00,2020
1019,-0.11049972295761108,-1.3877787807814457e-17,0.09331101824354524,0.0011011240711061993,0.0036283584078544845,0.05606322056653653,2020-06-02 00:00:00+00:00,2020
1020,0.021390103101730347,0.0,-0.01169386497123484,0.00010291682121435497,-0.00015701623227062228,-0.018900836273127795,2020-06-03 00:00:00+00:00,2020
1021,0.05883302181959152,0.0,-0.04842528582713494,-0.0019091477723053724,-0.00042378523050357747,-0.044048635867452945,2020-06-04 00:00:00+00:00,2020
1022,-0.10003929615020751,-1.3877787807814457e-17,0.07550533910737095,0.0004671699840460286,0.0009775897220288543,0.08362904223137936,2020-06-05 00:00:00+00:00,2020
1023,0.03939672946929931,0.0,-0.03359159632308714,-0.0012458338682792003,0.0005366884699200825,-0.032795078578229116,2020-06-06 00:00:00+00:00,2020
1024,-0.062325032949447634,0.0,0.05044739935431895,0.0009724751119728134,0.0006138596750707853,0.04744362428921699,2020-06-07 00:00:00+00:00,2020
1025,0.0660373592376709,0.0,-0.05176631285699285,0.0004974280947524085,0.00046077167598929103,-0.05597096363068629,2020-06-08 00:00:00+00:00,2020
1026,0.03214737981557846,0.0,-0.027029303114244223,-0.0022628047323351927,-0.0012864339057779145,-0.02833971140154702,2020-06-09 00:00:00+00:00,2020
1027,0.03502265036106109,6.938893903907228e-18,-0.027026647725151863,0.0013947237232047674,0.0004488488662562212,-0.030962983059815374,2020-06-10 00:00:00+00:00,2020
1028,-0.027297115623950957,0.0,0.023219976428461964,0.001953719739172813,-0.0001830933913570254,0.023803186713984188,2020-06-11 00:00:00+00:00,2020
1029,0.06200316339731216,0.0,-0.05624243703964323,-0.0030158255653564905,-9.535175953733627e-05,-0.051616369189887615,2020-06-12 00:00:00+00:00,2020
1030,0.05198138862848282,6.938893903907228e-18,-0.04091062374227641,0.0008579919052732823,0.00047567468471453045,-0.044113547202797636,2020-06-13 00:00:00+00:00,2020
1031,0.004826602935791016,-8.673617379884035e-19,-0.003533281194498744,0.002530852186289869,-0.0011997864718706953,-0.004842672734847604,2020-06-14 00:00:00+00:00,2020
1032,-0.03964191347360611,-6.938893903907228e-18,0.03340115748165319,0.0011410174272414933,0.0009153363602190448,0.03489543063939202,2020-06-15 00:00:00+00:00,2020
1033,0.009754518568515778,0.0,-0.007336044495149138,0.0001267196475498028,-0.0006504010467020364,-0.008828968638798678,2020-06-16 00:00:00+00:00,2020
1034,-0.04391733556985855,0.0,0.030401497938808055,-0.002153912366035002,0.0007859056672964992,0.03158769601554399,2020-06-17 00:00:00+00:00,2020
1035,-0.0028831034898757933,8.673617379884035e-19,0.001049148202053247,-0.0013897690063845551,0.00027076754559724,-0.0001617992671514015,2020-06-18 00:00:00+00:00,2020
1036,-0.04300123274326324,0.0,0.030367654885099116,-0.0012943027350900693,-0.0013034065783787269,0.03539755897130376,2020-06-19 00:00:00+00:00,2020
1037,0.01296225905418396,0.0,-0.01098827701391399,3.264298607997401e-05,-0.0010428097016786896,-0.010961343644204216,2020-06-20 00:00:00+00:00,2020
1038,0.015720805525779723,0.0,-0.012446702854107185,0.0015064417810697478,0.000291283890604295,-0.014434346275894136,2020-06-21 00:00:00+00:00,2020
1039,-0.00029105126857757567,-5.421010862427522e-20,0.0005447856313809919,0.00023373702534995827,-0.0002674960765199185,-0.00023913820067477108,2020-06-22 00:00:00+00:00,2020
1040,0.03776920050382614,-6.938893903907228e-18,-0.030242332895419374,0.00025997054174305145,-0.0005077582768054506,-0.03370752859250109,2020-06-23 00:00:00+00:00,2020
1041,-0.0166099414229393,0.0,0.014407906954996311,0.0007963669934870354,-2.657210584621622e-05,0.01327496947964157,2020-06-24 00:00:00+00:00,2020
1042,0.02894905537366867,0.0,-0.023772068368343956,0.0007112900996035301,-0.0002948052172493734,-0.02685386894861452,2020-06-25 00:00:00+00:00,2020
1043,0.03771967232227325,6.938893903907228e-18,-0.03367261607308482,-0.0013183927594956901,0.00018141921126285654,-0.02890913694166067,2020-06-26 00:00:00+00:00,2020
1044,-0.0006846031546592713,-6.505213034913027e-19,0.000286032595598311,0.0007017897841346318,0.010365027164089498,-0.00047293912591462976,2020-06-27 00:00:00+00:00,2020
1045,0.017943999767303466,0.0,-0.01375153796390493,0.0006960001510322444,-0.00013274887825284742,-0.015950987136732195,2020-06-28 00:00:00+00:00,2020
1046,-0.04103299170732498,0.0,0.032971106863190616,0.0006146711786375672,4.386091614534682e-05,0.034906782624281554,2020-06-29 00:00:00+00:00,2020
1047,-0.05527880996465683,0.0,0.047201262877854075,0.0007109377635763983,0.00023998650114166048,0.04095660288140635,2020-06-30 00:00:00+00:00,2020
1048,-0.020835728645324708,0.0,0.016097963950687705,0.0005190075730290289,0.0002780908288270989,0.015625195189400837,2020-07-01 00:00:00+00:00,2020
1049,0.045438381731510165,-6.938893903907228e-18,-0.035731774451338544,-0.0003279682142327267,0.000436158568554966,-0.04038187440025607,2020-07-02 00:00:00+00:00,2020
1050,0.03539232153389322,0.0,-0.02954437450720776,0.0036850161412528074,0.0011226169125150218,-0.030192442237325763,2020-07-03 00:00:00+00:00,2020
1051,0.019294530749320984,3.469446951953614e-18,-0.0150771757980937,0.00044804724134773696,-3.7406287469322896e-05,-0.016083563690883755,2020-07-04 00:00:00+00:00,2020
1052,0.0277540984749794,0.0,-0.01785771372504968,0.0021220553835855985,-0.0009169709859014122,-0.02379626243562303,2020-07-05 00:00:00+00:00,2020
1053,-0.005739182233810425,0.0,0.005460244261272231,-0.0010800070133598185,-0.0009667776894643097,0.003268424341816685,2020-07-06 00:00:00+00:00,2020
1054,0.06926449984312058,0.0,-0.049591737073278574,0.001099639921900042,0.001956089556240742,-0.056611957314220133,2020-07-07 00:00:00+00:00,2020
1055,0.02972938060760498,0.0,-0.02278383076421081,0.0004617873924676885,0.0005114352579524001,-0.022118856027038898,2020-07-08 00:00:00+00:00,2020
1056,-0.0559293732047081,0.0,0.038802819439026415,0.0006993498234378059,-0.00010825707464704598,0.048906813506650215,2020-07-09 00:00:00+00:00,2020
1057,0.030197369456291197,3.469446951953614e-18,-0.02662093185275875,0.0006703865294542151,-7.697617221174083e-05,-0.025618842273491003,2020-07-10 00:00:00+00:00,2020
1058,-0.018435949981212615,0.0,0.015004923623220874,0.0009204086266818672,-0.00028954917735063423,0.015387974247903696,2020-07-11 00:00:00+00:00,2020
1059,0.011807434260845184,1.734723475976807e-18,-0.009639703357044309,0.0010912658610003519,-0.001179627908144026,-0.010447794894061647,2020-07-12 00:00:00+00:00,2020
1060,0.006216587126255035,0.0,-0.004724901100893504,0.0010218757090230783,-3.575848206326289e-05,-0.005838031616451279,2020-07-13 00:00:00+00:00,2020
1061,-0.05550714612007141,-6.938893903907228e-18,0.046704014260013346,0.0004290340068129894,-4.784241430444425e-05,0.04802872236425378,2020-07-14 00:00:00+00:00,2020
1062,-0.016431606113910674,0.0,0.014657845166064729,-0.0010536621093653678,-0.00034148079772515494,0.01405586827071708,2020-07-15 00:00:00+00:00,2020
1063,0.07487966746091843,0.0,-0.0657343228330693,0.00130099128732028,-0.0006222605568617229,-0.061154871525662756,2020-07-16 00:00:00+00:00,2020
1064,0.05870284806543858,6.938893903907228e-18,-0.04663214082234001,-0.0017143471239241745,-6.928669867144188e-06,-0.05116791844537495,2020-07-17 00:00:00+00:00,2020
1065,0.040437410824262915,0.0,-0.034794822629799486,-0.002745322522194671,0.002719781622171645,-0.036932474328231046,2020-07-18 00:00:00+00:00,2020
1066,-0.01376964509487152,-1.734723475976807e-18,0.012469942408590916,0.003049960405007634,-0.0015098758791255926,0.011834712828132858,2020-07-19 00:00:00+00:00,2020
1067,0.005504158735275269,-8.673617379884035e-19,-0.004166581005068563,-0.000633844225974226,-0.0007580815655779342,-0.006242737243227954,2020-07-20 00:00:00+00:00,2020
1068,0.025380292534828187,0.0,-0.02093208466323935,0.0012221843779179065,0.0004857022202523001,-0.02200036504072573,2020-07-21 00:00:00+00:00,2020
1069,-0.022035751510505103,0.0,0.018081147822155565,0.0017706623869597968,0.0005660925476196899,0.017693638027375957,2020-07-22 00:00:00+00:00,2020
1070,-0.002890223534262959,-8.673617379884035e-19,0.002891284110383496,0.0005975501227032795,0.0003365301901464327,0.001814699595554912,2020-07-23 00:00:00+00:00,2020
1071,0.009010612665109299,1.734723475976807e-18,-0.007532257273215055,0.0003862996909315339,0.00019899272704537382,-0.006696472991349162,2020-07-24 00:00:00+00:00,2020
1072,0.04725352393921895,6.938893903907228e-18,-0.0343159098431404,0.0005497795114692491,0.0005806317761310256,-0.040421381017172055,2020-07-25 00:00:00+00:00,2020
1073,-0.002490997014932297,0.0,0.002297090487029114,0.0015986410638854968,-0.0008051569086802751,0.001270088392869705,2020-07-26 00:00:00+00:00,2020
1074,0.007093454725179241,-8.673617379884035e-19,-0.0050814416387953715,0.00047284549504874977,-0.0011622505173960913,-0.006878245974471798,2020-07-27 00:00:00+00:00,2020
1075,0.016355383935286173,3.469446951953614e-18,-0.013858261626824193,0.0009508482428562254,0.00012076698324115301,-0.014525827571333898,2020-07-28 00:00:00+00:00,2020
1076,-0.03579230853660622,-6.938893903907228e-18,0.030375227825951433,8.645155072088684e-05,-0.00046398260411951303,0.03057078723441879,2020-07-29 00:00:00+00:00,2020
1077,0.044533567811975525,0.0,-0.038499248655229835,0.0008457925046271297,0.0005124178955935726,-0.033054142413320525,2020-07-30 00:00:00+00:00,2020
1078,0.0004913729039867919,4.336808689942018e-19,-0.0008034788833733269,-0.0003243106122161457,0.0013565356972761516,-0.0025027369720515514,2020-07-31 00:00:00+00:00,2020
1079,0.025182369665883893,0.0,-0.01774761671236952,0.0009583660042103842,-9.243573001457839e-05,-0.02005275412017271,2020-08-01 00:00:00+00:00,2020
1080,-0.005788513164424417,0.0,0.004883799736073647,0.00015384633987442116,0.00014772655340072882,0.003850555231803534,2020-08-02 00:00:00+00:00,2020
1081,-0.02475972630869803,-3.469446951953614e-18,0.017707276377556265,-9.788698666143847e-05,-0.0005438100283058529,0.021078108455598103,2020-08-03 00:00:00+00:00,2020
1082,-0.01563026258094826,0.0,0.013251579328757417,0.00016602339512509882,-8.668405166501261e-05,0.012136559844863918,2020-08-04 00:00:00+00:00,2020
1083,-0.0027383640782916966,0.0,0.002282314776820272,0.00012542275118001102,0.00039492272262614536,0.001271025363095948,2020-08-05 00:00:00+00:00,2020
1084,-0.04223614721441988,-6.938893903907228e-18,0.02854141280704523,0.0011163516549168792,0.0007766528448938867,0.03464615212002435,2020-08-06 00:00:00+00:00,2020
1085,-0.01944767230719178,0.0,0.01686734705366955,-0.00016671902117214657,0.0005668622355380556,0.01589665566152791,2020-08-07 00:00:00+00:00,2020
1086,-0.09997141211476158,0.0,0.07826416297726539,0.0010852613270610906,0.0024507558694525783,0.08704759536809795,2020-08-08 00:00:00+00:00,2020
1087,0.005301588444254506,8.673617379884035e-19,-0.004788416102042462,-0.00022833998734928234,-0.0007682330372846598,-0.005116712768321385,2020-08-09 00:00:00+00:00,2020
1088,0.030208343836530368,3.469446951953614e-18,-0.026075554492699146,0.0008275518829938509,0.00012867807973925352,-0.024222952126439004,2020-08-10 00:00:00+00:00,2020
1089,-0.01782473846895611,0.0,0.013527330388848192,-0.0011823186174410444,-0.0001117778054479171,0.01406773364808481,2020-08-11 00:00:00+00:00,2020
1090,0.02618029369181724,3.469446951953614e-18,-0.021740250691987806,0.0003275527001962743,-4.5559170106426045e-05,-0.022475099868219616,2020-08-12 00:00:00+00:00,2020
1091,0.0014206227944723925,6.505213034913027e-19,-0.001322597597700087,-0.0006015800091804194,-0.0014051704699820707,-0.002508557847451295,2020-08-13 00:00:00+00:00,2020
1092,0.007667223712307724,0.0,-0.00589868288729532,0.00026154199577981506,-0.00013193260207734064,-0.006051242447098588,2020-08-14 00:00:00+00:00,2020
1093,-0.07704375736677467,1.3877787807814457e-17,0.060706906013501004,-0.0007689198656811447,-0.0003444613430996779,0.0670298497675083,2020-08-15 00:00:00+00:00,2020
1094,-0.0011048475701605255,-4.336808689942018e-19,0.0010800804769121744,0.0010002826621139473,-0.0005004274937065677,0.0009686297329361005,2020-08-16 00:00:00+00:00,2020
1095,-0.020682002431783246,0.0,0.016933277815037923,0.00018594482423451436,0.00035799809077054906,0.018238998797711934,2020-08-17 00:00:00+00:00,2020
1096,0.04085332604508903,0.0,-0.03563386129452646,-0.0005316401812954855,-0.0005896073894770329,-0.03666640872966182,2020-08-18 00:00:00+00:00,2020
1097,-0.015965606399516965,-3.469446951953614e-18,0.014301228555853916,0.0003215379670880106,0.00013672265728787228,0.013760174425502543,2020-08-19 00:00:00+00:00,2020
1098,0.001551053631844832,0.0,-0.001130856153657238,0.0013489610190182053,-0.00026853797908653354,-0.0015798475053129955,2020-08-20 00:00:00+00:00,2020
1099,0.006683614385786967,8.673617379884035e-19,-0.005522560687993696,-0.0005420022574729325,0.00012854267247209335,-0.00589420010675591,2020-08-21 00:00:00+00:00,2020
1100,-0.004802361726760864,0.0,0.0037880095306598396,0.0003034902220410375,-0.00015074797608746748,0.003458482923757988,2020-08-22 00:00:00+00:00,2020
1101,0.0019288477301597595,2.168404344971009e-19,-0.0014344346163001054,8.876225394023824e-05,-0.00040245336849347737,-0.0019359254219716625,2020-08-23 00:00:00+00:00,2020
1102,0.014967851340770721,0.0,-0.01230336861680599,-0.00024934220041995456,-0.0006566562304795784,-0.01217551143364811,2020-08-24 00:00:00+00:00,2020
1103,-0.0009123894572257995,4.336808689942018e-19,0.0008567452981252259,0.0003222214388733372,-0.0003573324300233172,0.0003635287752209109,2020-08-25 00:00:00+00:00,2020
1104,-0.06241001695394516,-6.938893903907228e-18,0.048531151854953325,-0.0003210218415375943,6.96018638659604e-05,0.05672454873605891,2020-08-26 00:00:00+00:00,2020
1105,0.04402976870536804,0.0,-0.040412234905396735,-0.00010016707187899404,-0.0001160159551376605,-0.03856957714425019,2020-08-27 00:00:00+00:00,2020
1106,0.009000677764415741,0.0,-0.007485517986413953,0.0002195949447652331,-0.00025727843406958203,-0.007750210050142442,2020-08-28 00:00:00+00:00,2020
1107,0.05566865864710592,0.0,-0.044968797693399204,0.0007724569223997862,0.00010843399265228482,-0.045762834797715125,2020-08-29 00:00:00+00:00,2020
1108,0.012341152429580688,0.0,-0.009875686478240931,-0.0004397730741802358,-0.00011495462461220268,-0.009570870045126089,2020-08-30 00:00:00+00:00,2020
1109,-0.006004644632339478,0.0,0.004849984250054853,0.0008237779692052442,6.573358525439367e-05,0.004722342429411889,2020-08-31 00:00:00+00:00,2020
1110,0.0006229549646377564,4.336808689942018e-19,-0.00028918137967772574,0.00023486268570672595,-0.0006190291184344817,-0.001384232091739765,2020-09-01 00:00:00+00:00,2020
1111,-0.06616634845733643,0.0,0.05252510351636033,0.0007790849335370387,-9.43378743749057e-05,0.053076774052864775,2020-09-02 00:00:00+00:00,2020
1112,0.014426518082618713,0.0,-0.01160348537354536,0.0017735869217424746,-0.0006072753307060502,-0.010808998821276452,2020-09-03 00:00:00+00:00,2020
1113,-0.03709106117486954,6.938893903907228e-18,0.026354132818934055,0.0013291060793610143,0.0009991017535836977,0.024646621862352426,2020-09-04 00:00:00+00:00,2020
1114,0.0059967699646949766,8.673617379884035e-19,-0.003758150713061573,-0.00028203706387976233,-0.00013964265350937394,-0.0045742190237440215,2020-09-05 00:00:00+00:00,2020
1115,0.030117045044898986,0.0,-0.021692143002938664,-0.0010795642771986719,-0.0005803131226406362,-0.023986615008529024,2020-09-06 00:00:00+00:00,2020
1116,-0.07216825693845749,0.0,0.054441707584127724,-0.0007059461168854725,8.820564824497945e-05,0.06474971919214709,2020-09-07 00:00:00+00:00,2020
1117,0.016891573369503022,0.0,-0.015468919364897384,0.0004545803625874874,-0.0015857092210667945,-0.013397676495656971,2020-09-08 00:00:00+00:00,2020
1118,-0.024770699739456177,0.0,0.019503876611457485,0.0008796085572811072,0.0008283476642364576,0.02027829375337089,2020-09-09 00:00:00+00:00,2020
1119,-0.024833422899246217,-3.469446951953614e-18,0.02014855762357072,0.00010500738661615647,-4.044395647883475e-05,0.02321086399994503,2020-09-10 00:00:00+00:00,2020
1120,0.05705327153205872,0.0,-0.05342250027793778,-0.000937419700773573,0.00019836435499302751,-0.04656755624813517,2020-09-11 00:00:00+00:00,2020
1121,0.009993757605552673,0.0,-0.008575554668939247,-0.00037972007370987507,0.0001371396359664094,-0.009082861604844852,2020-09-12 00:00:00+00:00,2020
1122,-0.019251140058040617,-3.469446951953614e-18,0.0168856991264931,0.0006257688012059025,5.1799332587625785e-05,0.015217741254605637,2020-09-13 00:00:00+00:00,2020
1123,-0.01164534419775009,-1.734723475976807e-18,0.009067548713971255,0.0006016475320781804,-0.00011193311872159488,0.00909309072805711,2020-09-14 00:00:00+00:00,2020
1124,0.006867669820785523,0.0,-0.015816453008277227,0.00046085718136248954,0.0004815055408244704,-0.004519898902439158,2020-09-15 00:00:00+00:00,2020
1125,-0.0030331417918205263,0.0,-0.007201435849375414,0.0005926064857981845,-0.001453024243480725,0.0017914730112099492,2020-09-16 00:00:00+00:00,2020
1126,0.004696814700810596,8.673617379884035e-19,-0.0029488011481933873,-9.110022077799765e-05,2.865836065732777e-05,-0.0036155377328651647,2020-09-17 00:00:00+00:00,2020
1127,0.004659977224138048,0.0,-0.0023729564350235166,-2.8938997971163227e-05,0.00011583402542859195,-0.0035799877838545244,2020-09-18 00:00:00+00:00,2020
1128,-0.002119890367141878,-8.673617379884035e-19,0.0009444143965064173,-8.274964173387049e-05,-8.880868856124807e-06,-0.00016366206538911314,2020-09-19 00:00:00+00:00,2020
1129,-0.0033866862456003823,0.0,0.0019158938938655468,0.0003566205268830062,-0.0004272213064269036,0.0010721555390346953,2020-09-20 00:00:00+00:00,2020
1130,-0.014851962854414423,1.734723475976807e-18,0.006898447755728383,-6.443220023899e-05,0.00027748037709087424,0.006464921683469163,2020-09-21 00:00:00+00:00,2020
1131,0.029575169691579598,-6.938893903907228e-18,-0.016582261545503935,-0.0006766073073753327,0.0001643218081678506,-0.023085334768441754,2020-09-22 00:00:00+00:00,2020
1132,0.014678142397536844,-3.469446951953614e-18,-0.009640792933870837,0.0007766387194122881,-0.0001338906221261156,-0.006373770136174992,2020-09-23 00:00:00+00:00,2020
1133,-0.004206881002726289,0.0,0.0009483907599210865,-0.00038469422240336275,-0.00033082840015959646,-0.0005626555421178779,2020-09-24 00:00:00+00:00,2020
1134,-0.008533453578271236,1.734723475976807e-18,0.003402366012890445,9.502159547535374e-05,3.452329159384093e-05,0.00570952852597169,2020-09-25 00:00:00+00:00,2020
1135,-0.0020659795872451083,0.0,0.001854153240539831,0.0003992899235714352,-0.00018059441313951138,8.742018724092627e-05,2020-09-26 00:00:00+00:00,2020
1136,-0.005883942098181865,1.734723475976807e-18,0.0031695186252639384,-0.0003346683191340419,0.0003137421613403739,0.002329790693828211,2020-09-27 00:00:00+00:00,2020
1137,0.0035729562570600945,-4.336808689942018e-19,-0.0011992019774357495,0.0004649340418662238,-6.632666501590239e-05,-0.0016527932028313616,2020-09-28 00:00:00+00:00,2020
1138,-0.03328101556313219,0.0,0.014269062320426018,-0.0005552318667766398,0.00036710738346055344,0.014162763821118987,2020-09-29 00:00:00+00:00,2020
1139,-0.02450895158167418,3.469446951953614e-18,0.00824169713964348,2.0437437756277294e-05,-0.00010617039180902885,0.01181713734843513,2020-09-30 00:00:00+00:00,2020
1140,-0.0023046335593092863,4.336808689942018e-19,0.0016628925963763364,0.000218814160484936,0.0002493888505574076,0.0015058804954866827,2020-10-01 00:00:00+00:00,2020
1141,-0.016633521784380607,0.0,0.008050227982228163,0.00022090642172212932,-0.00031732581691142417,0.012129849665687257,2020-10-02 00:00:00+00:00,2020
1142,-0.002947419427978206,-4.336808689942018e-19,0.0025781336296142746,0.0013671018222826078,-9.930675065811679e-05,0.0010507820980629895,2020-10-03 00:00:00+00:00,2020
1143,0.013437248310264277,-3.469446951953614e-18,-0.010274167522331836,0.0010949205876805493,-0.001215278220816303,-0.012232703451994911,2020-10-04 00:00:00+00:00,2020
1144,0.018728206908037216,3.469446951953614e-18,-0.01101762176836921,0.0022809454622034556,-0.0005442854938647219,-0.014110119461996145,2020-10-05 00:00:00+00:00,2020
1145,0.014166880077516972,0.0,-0.009270706065294905,0.0005872138886785921,-0.00036911427193523846,-0.008726806804410183,2020-10-06 00:00:00+00:00,2020
1146,-0.011259442356032164,0.0,0.005756381560900972,0.00011400041751430737,-8.880127857508434e-05,0.007534317637292487,2020-10-07 00:00:00+00:00,2020
1147,-0.030403323282445143,3.469446951953614e-18,0.023040395511957974,0.0007385298659744501,-0.0003559521920499416,0.02237346497248932,2020-10-08 00:00:00+00:00,2020
1148,-0.007048500975981581,0.0,0.005232503741119608,0.00015807248397366365,-0.0001865416992075427,0.0036472471592975332,2020-10-09 00:00:00+00:00,2020
1149,0.010622821483515241,-1.734723475976807e-18,-0.005781569114223365,0.00013925084426434468,8.616993505830041e-05,-0.007010031783285586,2020-10-10 00:00:00+00:00,2020
1150,0.012414933763784806,0.0,-0.007514100466392901,-0.0010711524079054235,0.000826754854085435,-0.01178776466257679,2020-10-11 00:00:00+00:00,2020
1151,0.014754809703923724,-1.734723475976807e-18,-0.008371904054163451,0.0017877505695968136,-0.00036744669569454755,-0.008395016850863274,2020-10-12 00:00:00+00:00,2020
1152,-0.010339668559543977,0.0,0.005172525907452701,-0.0007711415605196024,0.00048678758841844486,0.004043177527989739,2020-10-13 00:00:00+00:00,2020
1153,0.025226334327368566,0.0,-0.012436269239078729,0.0012993743720497615,-0.0008617979132316267,-0.012728487922839524,2020-10-14 00:00:00+00:00,2020
1154,0.019653269179581385,0.0,-0.008749539592655214,-0.0008623612102790709,-8.029774229184605e-05,-0.010941431203127659,2020-10-15 00:00:00+00:00,2020
1155,-0.01494350953755645,-1.734723475976807e-18,0.007343507201694801,-0.0001399518422264632,0.00011855288417743186,0.0064603523002188055,2020-10-16 00:00:00+00:00,2020
1156,0.02395534001026057,-3.469446951953614e-18,-0.013074307226658921,-0.0003557101223281324,0.00013603198040294112,-0.015785577952843386,2020-10-17 00:00:00+00:00,2020
1157,0.013735619595813268,-3.469446951953614e-18,-0.009341896235597011,-0.0010856232170735683,2.4516743297797045e-05,-0.010660260856517702,2020-10-18 00:00:00+00:00,2020
1158,-0.007362636515331753,0.0,0.004585271102368971,0.0015354043244476404,-0.00020510251564411029,0.0032088591748014846,2020-10-19 00:00:00+00:00,2020
1159,0.0037801879916699406,-8.673617379884035e-19,-0.0025160807835333506,-2.833647103365946e-06,-1.131456110992253e-05,-0.003658161330461237,2020-10-20 00:00:00+00:00,2020
1160,-0.0059016304572826715,0.0,0.0019438054466163297,-1.0624077855298474e-05,0.0002044712443685301,0.0012896799633777033,2020-10-21 00:00:00+00:00,2020
1161,-0.01924806863370568,-3.469446951953614e-18,0.006466057036671954,-0.0009468649709991998,-0.0010686203705770614,0.007111799040000862,2020-10-22 00:00:00+00:00,2020
1162,0.044158506211895626,0.0,-0.025258542180200176,-0.0019978402089133804,-0.0004762672470908086,-0.0386337953360176,2020-10-23 00:00:00+00:00,2020
1163,0.06059374261384058,2.0816681711721685e-17,-0.04672270069148035,-0.00039021299197261605,-0.0011300000288124515,-0.042914692450123124,2020-10-24 00:00:00+00:00,2020
1164,0.0015853008236547913,-2.168404344971009e-19,-0.0010062534111114293,-0.00033546407377574024,0.0001428354813049538,-0.0022944657867923516,2020-10-25 00:00:00+00:00,2020
1165,-0.034800463252597384,-6.938893903907228e-18,0.022527921922665256,3.787759206664437e-05,0.0008179078674883516,0.022580291131933848,2020-10-26 00:00:00+00:00,2020
1166,-0.009426064563520027,0.0,0.006244170646258148,0.0012635873304177158,0.00044782725943687957,0.005053551157257245,2020-10-27 00:00:00+00:00,2020
1167,-0.1559468303063903,-2.7755575615628914e-17,0.10096387927635164,0.0006699358547096468,-0.00017259857796747546,0.10478749030452023,2020-10-28 00:00:00+00:00,2020
1168,-0.19450904203183722,-2.7755575615628914e-17,0.13583128236684158,0.0007829083195344255,-0.0003435249164777665,0.08114075041876784,2020-10-29 00:00:00+00:00,2020
1169,0.17459776184775613,0.0,-0.08514891178997089,-0.0006231371633659555,-0.0003763829040880906,-0.026464722809145552,2020-10-30 00:00:00+00:00,2020
1170,-0.04672096172968546,-6.938893903907228e-18,0.004077194976545892,-0.00012948900740101382,7.9578478905315e-05,0.010184282037952568,2020-10-31 00:00:00+00:00,2020
1171,-0.0316701555492902,0.0,0.008149034027740289,0.0007118055839242174,-6.414497541892134e-05,0.010078594534823994,2020-11-01 00:00:00+00:00,2020
1172,-0.013672952399109348,0.0,0.0033736747400543825,-0.0009350992462850635,9.44019836850267e-05,0.0014004227325195712,2020-11-02 00:00:00+00:00,2020
1173,0.01709517806467384,0.0,-0.00889758173315134,-0.0010583149688865381,-0.0003091737378362949,-0.010836777978987844,2020-11-03 00:00:00+00:00,2020
1174,0.02137331288270276,6.938893903907228e-18,-0.00966435814287479,0.0009665256253299608,0.0001143530573819683,-0.010068007521258096,2020-11-04 00:00:00+00:00,2020
1175,-0.014967174241037079,0.0,0.005076508520058285,0.00012996426838111919,-0.00014402849149528288,0.004903256526563199,2020-11-05 00:00:00+00:00,2020
1176,-0.0019820069298526356,-4.336808689942018e-19,0.0003239369878858078,-1.609794093919729e-05,0.00020568898845903369,-0.0006381484007265455,2020-11-06 00:00:00+00:00,2020
1177,0.003767156056341181,0.0,-0.00023822478582068455,0.0003733770076800795,-0.00014911503525380553,-0.002804115504498346,2020-11-07 00:00:00+00:00,2020
1178,0.00784228174819559,-1.734723475976807e-18,0.0018498019020726265,0.0019013061220962864,0.0004448745944306016,-0.0053578131595301325,2020-11-08 00:00:00+00:00,2020
1179,-0.04600534856621989,0.0,0.028725757899976306,0.00033437659353656446,-0.00036112701861058805,0.0264398942935121,2020-11-09 00:00:00+00:00,2020
1180,-0.01471908594751116,0.0,0.0063780615586062055,0.0006309446715278312,0.0005204745057981776,0.00420375643536031,2020-11-10 00:00:00+00:00,2020
1181,0.03388240948546356,0.0,-0.013102411599628237,0.0009558232335213773,-0.0002026028411064515,-0.017991267385839914,2020-11-11 00:00:00+00:00,2020
1182,0.04232028807480323,0.0,-0.019700680765978862,0.00045190373485799046,-0.0004952366094694155,-0.02615510906571134,2020-11-12 00:00:00+00:00,2020
1183,-0.0005156733662948996,4.336808689942018e-19,0.0011206345108402717,0.0009541118406821843,-0.0005074326711622703,-0.00037919947359321834,2020-11-13 00:00:00+00:00,2020
1184,-5.743406750829087e-05,-6.098637220230962e-20,1.4816753398977653e-05,0.0005990665210907069,-0.00025562167163575893,-0.003277012203224265,2020-11-14 00:00:00+00:00,2020
1185,0.006023505617519321,0.0,-0.001951452206382198,0.0013712812090648152,-0.0001695088271551357,-0.00522471805294438,2020-11-15 00:00:00+00:00,2020
1186,0.007472557464831977,-8.673617379884035e-19,-0.005660604271157423,0.0008972659706823162,0.00037120556202336046,-0.00604946153870323,2020-11-16 00:00:00+00:00,2020
1187,-0.00983706555390721,1.734723475976807e-18,0.005384292762940114,0.0003035822968101981,-0.00020854187643863133,0.0005649855227716875,2020-11-17 00:00:00+00:00,2020
1188,0.019447950542275674,0.0,-0.010753775933675436,0.0016569714646013159,-0.0005810430568582783,-0.012829143720850223,2020-11-18 00:00:00+00:00,2020
1189,0.039579457437931585,0.0,-0.022789793743935718,0.0002708825153551822,-0.0010397362432422522,-0.0179319055606528,2020-11-19 00:00:00+00:00,2020
1190,-0.015457015957324034,3.469446951953614e-18,0.00663102707722058,0.0011331466254387718,6.714344679680309e-05,0.007899382891881544,2020-11-20 00:00:00+00:00,2020
1191,0.018574483200983347,-3.469446951953614e-18,-0.00968939221364042,0.0004961731759362854,0.000986976543692484,-0.012544203584823967,2020-11-21 00:00:00+00:00,2020
1192,-0.021921772037060732,3.469446951953614e-18,0.013304413871718167,0.001045394906999595,0.00012387455317885987,0.0158699692214418,2020-11-22 00:00:00+00:00,2020
1193,0.015124547299999876,-1.734723475976807e-18,-0.01102801475119799,0.0007343508418051013,7.14468962865044e-05,-0.00916833712532419,2020-11-23 00:00:00+00:00,2020
1194,-0.0023856786301898474,0.0,0.002151447184042468,0.00044053150928203373,3.566954342552409e-05,-0.00035637880877549847,2020-11-24 00:00:00+00:00,2020
1195,0.006323499122851997,-1.734723475976807e-18,-0.002571666883300067,0.0008924781673604453,-0.0007456446305392217,-0.004793311324232609,2020-11-25 00:00:00+00:00,2020
1196,-0.031102362017946195,0.0,0.015143707636010754,-0.0009553584808201232,-0.00020733211389545314,0.019324027847846162,2020-11-26 00:00:00+00:00,2020
1197,0.020694071266251772,0.0,-0.01276903489783789,0.00044311220347174884,0.000245092162028563,-0.010886183738357171,2020-11-27 00:00:00+00:00,2020
1198,0.003512636356547399,-1.3010426069826053e-18,-0.0034077169538472125,-0.0015342469602322088,0.0010841712156239671,-0.0056108781115241264,2020-11-28 00:00:00+00:00,2020
1199,-0.00039063038559734517,-2.168404344971009e-19,0.0028040327627377303,0.0009000520188621414,0.00029450220278456614,0.0011009962127700753,2020-11-29 00:00:00+00:00,2020
1200,-0.01217334550254199,0.0,0.006858280914582064,-0.0005020990588813917,-0.0005305229190846993,0.007957309208030026,2020-11-30 00:00:00+00:00,2020
1201,-0.013871004386824004,1.734723475976807e-18,0.009720334406710173,0.0009326361924802632,-0.0005222647451877324,0.007187467037544037,2020-12-01 00:00:00+00:00,2020
1202,0.009255913447360603,-1.734723475976807e-18,-0.002989163203731664,0.0007341310614364643,4.892493812782943e-05,-0.004483345492685994,2020-12-02 00:00:00+00:00,2020
1203,-0.003070282692811927,0.0,0.0007372057269605377,-4.7479941099535985e-05,-0.0007694151685526916,-0.00016419207255877633,2020-12-03 00:00:00+00:00,2020
1204,-0.022174965362159575,3.469446951953614e-18,0.010200632698851225,0.0003851313776445271,0.00014747146598245026,0.012053010794997274,2020-12-04 00:00:00+00:00,2020
1205,-0.10066820498631925,1.3877787807814457e-17,0.05426360466026887,-0.00020972781283830344,-0.00028349835433709447,0.0880062448800864,2020-12-05 00:00:00+00:00,2020
1206,0.015703229271635716,0.0,-0.014066550018229797,-0.00041157979521291507,-0.0002550409287983991,-0.009380694838411835,2020-12-06 00:00:00+00:00,2020
1207,-0.0014024255227069466,2.168404344971009e-19,0.0008530349589423186,0.0007694897277926013,-0.00013349264769626384,0.0007165450266511959,2020-12-07 00:00:00+00:00,2020
1208,-0.05356450348484273,6.938893903907228e-18,0.028566357511939266,8.183755396523607e-05,-0.00017809003385785976,0.037797624522191736,2020-12-08 00:00:00+00:00,2020
1209,0.04788494170928488,0.0,-0.03334034252287301,0.00014635592544515186,-0.0001459282815059193,-0.03200957515027623,2020-12-09 00:00:00+00:00,2020
1210,-0.015497966080295796,0.0,0.010578036085063204,0.0001973146782869445,-0.0001091880688433005,0.008504289757178572,2020-12-10 00:00:00+00:00,2020
1211,0.002027308758424253,-4.336808689942018e-19,-0.0009176239536334905,0.00017432369886606104,6.489083559704702e-05,-0.0006521989261384499,2020-12-11 00:00:00+00:00,2020
1212,0.004763523230747301,-8.673617379884035e-19,-0.002865201850423173,-0.0002965264832516523,0.00033821403450720166,-0.00395769418612276,2020-12-12 00:00:00+00:00,2020
1213,0.0032478324612792656,0.0,-0.0007371730555811029,0.0008742013516333984,0.00020307522609400207,-0.0028573329614828445,2020-12-13 00:00:00+00:00,2020
1214,-0.00969542927887975,0.0,0.006065600777921306,-0.00013700323379147068,0.00018002661498414847,0.005104056582609841,2020-12-14 00:00:00+00:00,2020
1215,0.013487281543867928,0.0,-0.007551077765775398,-0.0007642778313926533,-0.00045568497905548906,-0.01097933603320049,2020-12-15 00:00:00+00:00,2020
1216,-0.009035824512948796,1.734723475976807e-18,0.005846494520199234,0.0005024273489677017,-0.0008678645810412007,0.004004229926496093,2020-12-16 00:00:00+00:00,2020
1217,-0.03127880546511436,0.0,0.017780628274717512,0.0012777109019840097,-0.00041508044447059744,0.01477097469773692,2020-12-17 00:00:00+00:00,2020
1218,-0.003898245035385599,0.0,0.002762032528366061,0.0002930324979208256,-7.063307251923331e-05,0.0026442063900107664,2020-12-18 00:00:00+00:00,2020
1219,-0.008017182654264023,1.734723475976807e-18,0.0038644484946478725,-0.0002747247795124256,-6.743219103968676e-05,0.005570633713597906,2020-12-19 00:00:00+00:00,2020
1220,0.0011565846448041955,0.0,-0.00032721180574936154,0.000660400060014123,-0.00011465784645311636,-0.000910652602138223,2020-12-20 00:00:00+00:00,2020
1221,0.009533804290148676,0.0,-0.005794458487278346,0.00010809521846835354,-6.0137146287143894e-05,-0.00529474302236922,2020-12-21 00:00:00+00:00,2020
1222,0.02039069727975495,-3.469446951953614e-18,-0.00936179765531623,0.0006369573560631066,0.000273015382213717,-0.011993065262368931,2020-12-22 00:00:00+00:00,2020
1223,-0.0005963481202417491,0.0,-0.000278413360375374,-9.467654947217861e-06,-0.0004695411518827444,-0.0008953095757161073,2020-12-23 00:00:00+00:00,2020
1224,0.02211785894267413,0.0,-0.010221726536208908,-0.0001277868917537242,0.00010113057434624206,-0.013646495630095814,2020-12-24 00:00:00+00:00,2020
1225,-0.003134072739250806,-4.336808689942018e-19,0.002759625410994269,0.0007607274660561946,-6.257605422328684e-05,-0.0008998194783751208,2020-12-25 00:00:00+00:00,2020
1226,0.013167267247122161,-1.734723475976807e-18,-0.004709059826624789,0.0009850044965319573,-0.0005121375986085006,-0.008306395143853815,2020-12-26 00:00:00+00:00,2020
1227,0.000955263266758043,0.0,-0.0010074135572873304,-0.0008848261800005796,-1.2954391494325048e-05,-0.0020400735839127197,2020-12-27 00:00:00+00:00,2020
1228,0.030865259924713447,-3.469446951953614e-18,-0.012460666696958136,-2.2621469275025535e-05,-0.0011500080325059746,-0.020790791356650754,2020-12-28 00:00:00+00:00,2020
1229,0.026957482707743743,0.0,-0.01356643100567918,-0.00026122164139844375,0.00028328154268019573,-0.019409583930260245,2020-12-29 00:00:00+00:00,2020
1230,0.019947213785988942,-3.469446951953614e-18,-0.012869001689059582,-4.325909542322523e-05,0.0005558328288045138,-0.012439052122143688,2020-12-30 00:00:00+00:00,2020
1231,0.006952038528967877,0.0,-0.0019007369008349016,0.0007689893831482608,-0.00021787568010180926,-0.004413172109795848,2020-12-31 00:00:00+00:00,2020
1232,0.03201800037403496,-6.938893903907228e-18,-0.018574223678071655,0.0006500660276290288,-0.0002726489227822537,-0.02158303741846267,2021-01-01 00:00:00+00:00,2021
1233,0.043922679460778526,-6.938893903907228e-18,-0.029037954519645304,-9.713416863670749e-05,-8.466256273102768e-05,-0.02767336807524795,2021-01-02 00:00:00+00:00,2021
1234,0.055226534605026245,0.0,-0.029263162318188568,-0.000837037644858471,-0.0008716618547018051,-0.0411685061094353,2021-01-03 00:00:00+00:00,2021
1235,0.009205677071396185,0.0,-0.0063305215447407425,-0.0003651175969962509,-6.749325040086677e-05,-0.007885484258442259,2021-01-04 00:00:00+00:00,2021
1236,-0.0001256587553997429,2.439454888092385e-19,0.0010366564814304736,0.0008786578053000855,0.0004723535097348029,-0.0010032401530810113,2021-01-05 00:00:00+00:00,2021
1237,0.006884439867369982,0.0,-0.002783939288878063,0.0003667337122007369,0.0002888911354186662,-0.006805408368276014,2021-01-06 00:00:00+00:00,2021
1238,-0.059044395478404295,6.938893903907228e-18,0.0354928023549085,0.0013092994676330988,-0.0006439505400854598,0.03965033826515362,2021-01-07 00:00:00+00:00,2021
1239,0.0218497739762676,-3.469446951953614e-18,-0.014948721120914112,0.00023381886337820942,-6.813955753533565e-05,-0.013955968067313317,2021-01-08 00:00:00+00:00,2021
1240,0.07296113913156549,-2.7755575615628914e-17,-0.04287188518536421,0.00015549920636109826,-0.00012563140892991875,-0.04854052903023412,2021-01-09 00:00:00+00:00,2021
1241,0.0001094110158025002,1.7618285302889447e-19,0.000637546347588423,0.0002719540753345881,0.00025599804825103247,-0.0019448799064501936,2021-01-10 00:00:00+00:00,2021
1242,0.012900957647635013,0.0,-0.007070769242571071,1.881093708275966e-05,-0.0007531353856163499,-0.010911320002300764,2021-01-11 00:00:00+00:00,2021
1243,0.03266802490973959,0.0,-0.02148443036677724,0.0004928544331027351,0.002525836096333167,-0.021114408189727183,2021-01-12 00:00:00+00:00,2021
1244,-0.030393638477033497,0.0,0.01593760265989669,-0.0010596011884198217,0.00022438346874578685,0.01820564540082458,2021-01-13 00:00:00+00:00,2021
1245,0.03324179108045539,-6.938893903907228e-18,-0.02261613907454004,-0.0003132244557148764,-0.00031262893124379965,-0.022462249483080156,2021-01-14 00:00:00+00:00,2021
1246,0.02247681392698872,0.0,-0.015439790381444378,-0.00013796559728206786,0.000317500494833603,-0.017753114546472666,2021-01-15 00:00:00+00:00,2021
1247,0.020955669332523734,0.0,-0.010363411745037871,0.0009930583282041702,5.556645801384555e-05,-0.015570094208278724,2021-01-16 00:00:00+00:00,2021
1248,-0.01294768191113764,0.0,0.008867610252908758,0.0005108287833686023,-0.0006382064254946817,0.006914341749706586,2021-01-17 00:00:00+00:00,2021
1249,0.03446232238594366,-6.938893903907228e-18,-0.019533984133899403,0.0008604665512349438,4.683006913917126e-05,-0.021609673239123866,2021-01-18 00:00:00+00:00,2021
1250,-0.06394200574378578,0.0,0.03383446777818343,-0.000913718867954369,-0.0006121937378443243,0.04746919640799769,2021-01-19 00:00:00+00:00,2021
1251,0.023964657771344086,0.0,-0.0184716493971932,-0.001074570859723064,-6.224791892849371e-05,-0.01618277203974883,2021-01-20 00:00:00+00:00,2021
1252,0.03846783236581452,0.0,-0.023101284531593186,-0.0004603060015823321,7.997470204768736e-05,-0.03272709068631713,2021-01-21 00:00:00+00:00,2021
1253,0.005936729664705238,-1.734723475976807e-18,-0.005034829287384665,0.0013509587933471026,-0.00029921040508345837,-0.005943529126018221,2021-01-22 00:00:00+00:00,2021
1254,0.032690138841161925,-6.938893903907228e-18,-0.018010864158186576,0.0006156347010005114,0.00031459389374561414,-0.02262340960897604,2021-01-23 00:00:00+00:00,2021
1255,0.014042119590603575,-3.469446951953614e-18,-0.008003483858950394,-0.0008106568229232728,-0.0011942507567547344,-0.011977193500311753,2021-01-24 00:00:00+00:00,2021
1256,-0.020702280256212974,3.469446951953614e-18,0.009731754947658077,-0.0023604040415235,0.0007430167266232017,0.009542933554145374,2021-01-25 00:00:00+00:00,2021
1257,0.00017468996193944193,-4.0657581468206416e-19,-0.00028382003204565026,-0.0009683551679628786,-0.001557353625524844,-0.0033215651554512416,2021-01-26 00:00:00+00:00,2021
1258,0.07550332193471948,-1.3877787807814457e-17,-0.04187023550425546,-0.0019574415833995273,-0.0009706734267960204,-0.057994346597428366,2021-01-27 00:00:00+00:00,2021
1259,-0.02298339167419745,3.469446951953614e-18,0.01763883600601338,0.0007957393735065765,0.00045593385455827,0.01878916235771114,2021-01-28 00:00:00+00:00,2021
1260,-0.09347432395633386,0.0,0.07734602657399756,0.0025299056298618977,0.0011218022003909173,0.0682007253009725,2021-01-29 00:00:00+00:00,2021
1261,0.01299066659139127,0.0,-0.010987043452941344,0.0010471977955101575,0.00011688136975929533,-0.011829950414142547,2021-01-30 00:00:00+00:00,2021
1262,0.035485009149629244,-6.938893903907228e-18,-0.021665312397483698,-0.0021581308566212404,-0.00023519371503268743,-0.0257057060139029,2021-01-31 00:00:00+00:00,2021
1263,-0.010356767055315848,0.0,0.005604518775472058,0.0001803291903576809,-0.0007379735193532161,0.0049720312467783825,2021-02-01 00:00:00+00:00,2021
1264,-0.029153638313978145,-3.469446951953614e-18,0.019071002985791487,0.0014470432127912172,-7.729971213343845e-05,0.006237152680800016,2021-02-02 00:00:00+00:00,2021
1265,0.04174199899037679,6.938893903907228e-18,-0.007727190745843521,0.000505726650251663,0.000586116976179614,-0.015012727545843693,2021-02-03 00:00:00+00:00,2021
1266,0.06855015876965645,0.0,-0.019689499345575304,-7.519924249857479e-05,-0.001439164593696668,-0.03875796575778878,2021-02-04 00:00:00+00:00,2021
1267,-0.018152870581700252,0.0,0.009512614403652772,0.001875013717627081,-0.0037219542392415463,0.003805794177467098,2021-02-05 00:00:00+00:00,2021
1268,0.05831678800093822,-6.938893903907228e-18,-0.03364743718534147,-0.0018833237420574633,-0.002193755447692,-0.04380731862405326,2021-02-06 00:00:00+00:00,2021
1269,0.00934695249948746,0.0,-0.006529594465490864,0.0003964959197996533,0.0006271841569095438,-0.00773169360733734,2021-02-07 00:00:00+00:00,2021
1270,0.016968090717609113,0.0,-0.009914738112791576,0.0005354934376177491,-0.000226248163231451,-0.015125718855839089,2021-02-08 00:00:00+00:00,2021
1271,0.05695132445066403,6.938893903907228e-18,-0.03747428658844978,-0.0037155571378971602,-0.00251486426942326,-0.04860135751911993,2021-02-09 00:00:00+00:00,2021
1272,-0.017715976482782607,0.0,0.011887891620321627,0.00023556475071671856,-0.0012807017660582537,0.009708263016893435,2021-02-10 00:00:00+00:00,2021
1273,-0.008078074760926075,0.0,0.005439893657116514,-0.000901765762796122,-0.00012766717038252204,0.004677524965515352,2021-02-11 00:00:00+00:00,2021
1274,0.001074815102112599,-2.168404344971009e-19,-0.0014632715681690287,-0.0005374365145380325,-0.0009723685413794182,-0.0029201680175611373,2021-02-12 00:00:00+00:00,2021
1275,-0.05030229672407493,6.938893903907228e-18,0.034848430510604454,0.0012833976407865197,-0.00010539013013984716,0.029880120452459323,2021-02-13 00:00:00+00:00,2021
1276,-0.009771924446790646,-1.734723475976807e-18,0.005647570417519239,0.00022054298369403834,-0.000580696774079471,0.005889337271617726,2021-02-14 00:00:00+00:00,2021
1277,0.02829337823085296,3.469446951953614e-18,-0.018035162305172034,0.0005058482805110794,0.0001264932640312917,-0.019250191138277334,2021-02-15 00:00:00+00:00,2021
1278,-0.007126960081931873,-1.734723475976807e-18,0.004450066802454633,0.0004376525990669993,7.614220073278062e-05,0.0027793930880628016,2021-02-16 00:00:00+00:00,2021
1279,-0.02823441181427393,-3.469446951953614e-18,0.01742844864868326,0.000601406569405747,-2.683924584933814e-05,0.01736624109018766,2021-02-17 00:00:00+00:00,2021
1280,0.0420246741710565,0.0,-0.02772643202382817,-0.0010075334237088923,2.502527727352155e-05,-0.029685875909138383,2021-02-18 00:00:00+00:00,2021
1281,-0.02454518905052772,3.469446951953614e-18,0.01646547977810378,0.0017869420387086506,0.0011022823658267816,0.013547232153288888,2021-02-19 00:00:00+00:00,2021
1282,-0.05940902141424326,0.0,0.03168111534306246,-0.0014771911624207046,-0.0006746016657387735,0.03188798500874318,2021-02-20 00:00:00+00:00,2021
1283,-0.02998191699003562,0.0,0.01899546297073792,0.00022250874283251051,0.0005581877228927924,0.021304217921544893,2021-02-21 00:00:00+00:00,2021
1284,0.009394654249533629,0.0,-0.007148495438716022,-0.0002967460215804289,-1.5171949049385541e-05,-0.007911680537461255,2021-02-22 00:00:00+00:00,2021
1285,0.006813407249939747,0.0,-0.004179630131729986,7.091672622648332e-05,0.0003244087784470351,-0.005202364035453402,2021-02-23 00:00:00+00:00,2021
1286,-0.0305364850239876,-3.469446951953614e-18,0.016008211746815777,0.0004980353638345744,0.0010250840244580353,0.01838987042768986,2021-02-24 00:00:00+00:00,2021
1287,-0.0528179373496618,-6.938893903907228e-18,0.031171109086978805,0.0017461303031020628,0.0015166295528391896,0.043647381040764835,2021-02-25 00:00:00+00:00,2021
1288,-0.06393995346167149,0.0,0.05232925413623157,0.00041013125217448376,0.000521593719869512,0.04420349853055898,2021-02-26 00:00:00+00:00,2021
1289,0.007926474167750433,0.0,-0.006666250380614946,0.0006150941603859598,-0.0004793327083536681,-0.0035079969384313164,2021-02-27 00:00:00+00:00,2021
1290,-0.024660867695905725,3.469446951953614e-18,0.004865087035081636,0.000510093378874539,0.0004035641345325816,0.005887127013577367,2021-02-28 00:00:00+00:00,2021
1291,0.07827098381639731,1.3877787807814457e-17,-0.009090349061592284,-0.00036699379107753283,0.000723466033942563,-0.018895111615209036,2021-03-01 00:00:00+00:00,2021
1292,0.06647433596427994,0.0,-0.013538346122607861,-0.0013604587291042997,-0.001764372315282356,-0.018336451441927498,2021-03-02 00:00:00+00:00,2021
1293,0.040594204808726456,0.0,-0.009275287168922279,-0.0003709052057070117,0.00022901935172177368,-0.018962233808510316,2021-03-03 00:00:00+00:00,2021
1294,-0.06528491022610905,0.0,0.023901881853781698,0.0012075975477905398,-0.0005457316264806528,0.021749072101383896,2021-03-04 00:00:00+00:00,2021
1295,0.023668595636733854,0.0,-0.006404723829751838,5.734554783735912e-05,-0.0001987385914388115,-0.0076858089596308285,2021-03-05 00:00:00+00:00,2021
1296,0.07162230303793242,0.0,-0.017606965454044263,-0.00011251077207045934,0.00034797002651530684,-0.03518955532600521,2021-03-06 00:00:00+00:00,2021
1297,-0.018916595162767353,-3.469446951953614e-18,0.007547250861526073,0.00019668704135575657,0.0003178195738869523,0.00577115900213886,2021-03-07 00:00:00+00:00,2021
1298,0.03343281782034672,6.938893903907228e-18,-0.014133282893380818,9.69418490403412e-06,-7.484302158049932e-05,-0.021338384372198496,2021-03-08 00:00:00+00:00,2021
1299,-0.041728557059259125,-1.3877787807814457e-17,0.01956477876355519,0.0013124365048335224,-3.455467346634433e-05,0.014439215698778311,2021-03-09 00:00:00+00:00,2021
1300,0.019088855596503827,0.0,-0.0046580447312479754,0.0021163391937055742,-4.381161471294498e-05,-0.008574165895600942,2021-03-10 00:00:00+00:00,2021
1301,-0.04687903956933455,0.0,0.01802548155192657,-0.0003413197432105067,0.00029151694811087314,0.023438701553311302,2021-03-11 00:00:00+00:00,2021
1302,0.043694177360245674,6.938893903907228e-18,-0.022180863692079354,0.0007345573049839724,-0.0005679804970513333,-0.01884453052329793,2021-03-12 00:00:00+00:00,2021
1303,-0.029944220576623475,-3.469446951953614e-18,0.01438327523126885,0.001856766132563574,-9.277995146404414e-05,0.013888446478274665,2021-03-13 00:00:00+00:00,2021
1304,-0.014887195343923087,0.0,0.00844042555643614,0.00038949749738298803,-0.00039644371317837726,0.0081662796475099,2021-03-14 00:00:00+00:00,2021
1305,0.024907444161598128,3.469446951953614e-18,-0.012008732798743269,-0.00042608636588172336,0.0018026200003711142,-0.015603402179355578,2021-03-15 00:00:00+00:00,2021
1306,-0.048289616300602155,6.938893903907228e-18,0.027989890526105475,0.00020189471555877997,-0.0009355474777534983,0.02968181751814146,2021-03-16 00:00:00+00:00,2021
1307,0.025001944616587474,0.0,-0.015313746061791079,0.0007971560775309611,0.00016932057390079205,-0.015682834992172736,2021-03-17 00:00:00+00:00,2021
1308,0.04821817832763749,1.3877787807814457e-17,-0.02893494335438007,-0.0019253374384881061,-0.0015924000049589992,-0.036041620076900364,2021-03-18 00:00:00+00:00,2021
1309,-0.01678879393471612,0.0,0.012946415167917703,0.0010771536731435868,0.0007090046145996134,0.009456343950290148,2021-03-19 00:00:00+00:00,2021
1310,0.027626637858573836,3.469446951953614e-18,-0.017546015385793576,0.00040794803522334333,0.0003399656612310363,-0.019719551647024405,2021-03-20 00:00:00+00:00,2021
1311,0.004018306732177734,8.673617379884035e-19,-0.0023551580002567503,-0.0004849972603242752,0.0005074241570169023,-0.0037138036052568294,2021-03-21 00:00:00+00:00,2021
1312,-0.024968362215793495,-3.469446951953614e-18,0.015666711088206657,0.0005361595717547213,0.00010538037224434166,0.015132878418019278,2021-03-22 00:00:00+00:00,2021
1313,0.004250255799052691,8.673617379884035e-19,-0.0031024083074508908,0.0010792065043752812,0.00012493721131185982,-0.004618875265069627,2021-03-23 00:00:00+00:00,2021
1314,0.021740131004892214,0.0,-0.013687883183765615,-0.00023328159174574453,0.00011552126910464866,-0.01611313304170635,2021-03-24 00:00:00+00:00,2021
1315,0.012900269994832049,1.734723475976807e-18,-0.006532934063645938,0.0006566617891565051,0.00037942327836777527,-0.009406272865676508,2021-03-25 00:00:00+00:00,2021
1316,-0.008140446862789115,-1.734723475976807e-18,0.005833359356651375,0.00033222958152001776,-8.605239825535717e-05,0.005142153336779377,2021-03-26 00:00:00+00:00,2021
1317,-0.0020877423912587794,4.336808689942018e-19,0.00239782088956616,0.00119704247655716,0.00040388542613406563,-0.0007970023167849886,2021-03-27 00:00:00+00:00,2021
1318,0.005998810838321744,1.734723475976807e-18,-0.0033462623684428023,-0.0018591400302080128,-0.0003812496339519727,-0.006336410671891513,2021-03-28 00:00:00+00:00,2021
1319,0.009927696350849035,1.734723475976807e-18,-0.005598572148654829,0.001922308951302137,-0.00042959576618372894,-0.007898292372861207,2021-03-29 00:00:00+00:00,2021
1320,0.018536692616915464,0.0,-0.013303312137967087,0.0010291932464318448,-0.0002089004102403154,-0.01151585896329059,2021-03-30 00:00:00+00:00,2021
1321,-0.004425129505118939,0.0,0.003080194438198517,-0.0002522299585910196,0.0005561123471193412,0.001409311932495944,2021-03-31 00:00:00+00:00,2021
1322,-0.01412072205784345,-1.734723475976807e-18,0.008159659122009853,0.0002689942419730907,0.00015417686192831757,0.009279371044180907,2021-04-01 00:00:00+00:00,2021
1323,0.022056510954192192,0.0,-0.014069551203272326,0.0002683907494390042,-3.6925779078107734e-05,-0.014232108664627294,2021-04-02 00:00:00+00:00,2021
1324,0.027502397997210725,3.469446951953614e-18,-0.01766973588818399,0.00022613144713480235,-0.00036169823585069025,-0.019234373660139355,2021-04-03 00:00:00+00:00,2021
1325,0.002280691657403503,4.336808689942018e-19,-0.0008958421544770522,0.0008513451744247458,-6.026060274000062e-05,-0.0026271587512595412,2021-04-04 00:00:00+00:00,2021
1326,0.02191355222403401,3.469446951953614e-18,-0.014005920996046502,-0.0004316986387932417,-0.0010000789064141397,-0.017137365295018553,2021-04-05 00:00:00+00:00,2021
1327,-0.016169967374416314,0.0,0.010407898290122654,0.0010352883764448931,0.0004956344265983036,0.00887003876667624,2021-04-06 00:00:00+00:00,2021
1328,0.025219790562234744,3.469446951953614e-18,-0.01580224671843582,0.002695923434962305,-0.0001992350488152564,-0.018468685647724015,2021-04-07 00:00:00+00:00,2021
1329,-0.0785982274647915,0.0,0.04746642070669636,-0.0002894410314212281,-0.0005423659518193902,0.059468382131133785,2021-04-08 00:00:00+00:00,2021
1330,-0.02385352837918985,0.0,0.019293857195696634,0.001443518236739539,0.00020521606492532665,0.016834972095400212,2021-04-09 00:00:00+00:00,2021
1331,-0.04570583261624731,0.0,0.031901953275842665,0.001252468514700171,-0.0007265776987534986,0.03410975332161803,2021-04-10 00:00:00+00:00,2021
1332,0.02846867297634934,3.469446951953614e-18,-0.021230877528599992,0.0009916815284456842,-0.0003655082686479273,-0.019546693740102178,2021-04-11 00:00:00+00:00,2021
1333,-0.020571306498363764,-3.469446951953614e-18,0.014055085131607283,0.0005460708389786115,-9.569167383204763e-05,0.015201581713443957,2021-04-12 00:00:00+00:00,2021
1334,-0.0016942785845862494,-2.168404344971009e-19,0.0007356129398375993,0.00017172785066269024,-2.1613269980213503e-05,0.0009999783589631557,2021-04-13 00:00:00+00:00,2021
1335,0.01619372945843321,0.0,-0.011334945919474749,-0.00016842831308968784,-8.257841660051085e-05,-0.012954536953586811,2021-04-14 00:00:00+00:00,2021
1336,-0.015387051334284772,-1.734723475976807e-18,0.011491188818166066,0.0005763882658863483,-0.00037194498417226357,0.011295065342706096,2021-04-15 00:00:00+00:00,2021
1337,0.02227972222096992,0.0,-0.017683483746273054,0.0003374028876422276,-6.845294195747739e-05,-0.016404187714192935,2021-04-16 00:00:00+00:00,2021
1338,-0.01027586604609634,0.0,0.007539543077575896,0.000381240833855722,0.00034273873645763314,0.006691229451387677,2021-04-17 00:00:00+00:00,2021
1339,0.011861080473119562,1.734723475976807e-18,-0.006852577683919631,-1.0704055876513754e-05,-0.0012569983472328784,-0.009216070880637623,2021-04-18 00:00:00+00:00,2021
1340,-0.015205536225829461,-1.734723475976807e-18,0.011672182585689313,0.0011806574870107563,-0.00139603097509787,0.007785460924178285,2021-04-19 00:00:00+00:00,2021
1341,-0.031065623266528352,-3.469446951953614e-18,0.016051494255520268,-0.0002675492649068696,-0.00010472669612187832,0.015709227116533955,2021-04-20 00:00:00+00:00,2021
1342,0.012382683428851042,1.734723475976807e-18,-0.006140821437831902,0.00011521057520070578,0.0003915909866710702,-0.0070897436754200705,2021-04-21 00:00:00+00:00,2021
1343,0.011992361208405158,0.0,-0.003918406238661541,0.00012028625350531119,0.000449046790012321,-0.007473264830198405,2021-04-22 00:00:00+00:00,2021
1344,-0.017934970181397718,0.0,0.010979033434662302,0.0012222134552250866,-2.8620725085734544e-05,0.010820064447102753,2021-04-23 00:00:00+00:00,2021
1345,0.0176980420194491,0.0,-0.011055709899140176,-0.00023292176597658476,2.9999162813348912e-05,-0.012097606420183106,2021-04-24 00:00:00+00:00,2021
1346,-0.044334722889794245,0.0,0.026108524778246014,0.000267363159565534,-7.460689104030888e-05,0.026006942576290593,2021-04-25 00:00:00+00:00,2021
1347,-0.0011244759415135238,-2.168404344971009e-19,0.00031612859998771754,0.00044827656614282484,-0.00016063703437481825,-0.0006071657729350428,2021-04-26 00:00:00+00:00,2021
1348,-0.08048408109732348,-1.3877787807814457e-17,0.036009999943501556,-0.0005432355199526534,-0.0010524127049291732,0.05739162906404592,2021-04-27 00:00:00+00:00,2021
1349,0.008576904282425388,0.0,-0.006288141140017798,0.00014295408104586169,-0.00016428765689680686,-0.005613297288299054,2021-04-28 00:00:00+00:00,2021
1350,0.015681559690321336,0.0,-0.008861912858410113,-6.229154731457118e-05,0.00036959462723640604,-0.011659822567002813,2021-04-29 00:00:00+00:00,2021
1351,-0.04981743295987447,0.0,0.03615147654511276,0.00017955723492225212,-0.0005265666499415719,0.04146840087509019,2021-04-30 00:00:00+00:00,2021
1352,0.01778055110363045,0.0,-0.014713089595028565,0.0010915161990938081,0.00010915244543299729,-0.012792771284187474,2021-05-01 00:00:00+00:00,2021
1353,-0.005260834741832024,0.0,0.003790550167236004,-9.839436593403039e-05,5.61871215011122e-05,0.0032296007589244207,2021-05-02 00:00:00+00:00,2021
1354,0.006878498211577909,0.0,-0.0048965154747774835,0.0007184288633857025,-0.00021195588021738748,-0.005398421168625305,2021-05-03 00:00:00+00:00,2021
1355,0.015143119210573897,0.0,-0.009626950998993885,0.0002715040873945782,0.0002633279389529057,-0.010776665980950128,2021-05-04 00:00:00+00:00,2021
1356,0.008687972123898453,0.0,-0.0054976529874226085,5.701829876385463e-05,0.0007964885662746675,-0.008670002746231172,2021-05-05 00:00:00+00:00,2021
1357,0.019362709630074814,-3.469446951953614e-18,-0.012143224552191953,0.0012104695644288496,-0.0002833141880787017,-0.014073093971184458,2021-05-06 00:00:00+00:00,2021
1358,-0.013146365707244105,-1.734723475976807e-18,0.00935984995836396,0.0009121269608755502,0.00027119655770962807,0.009785947718228093,2021-05-07 00:00:00+00:00,2021
1359,0.003189435556306312,0.0,-0.0023555049330183176,-6.840811740431701e-05,-0.0001379213723649575,-0.003120719741228311,2021-05-08 00:00:00+00:00,2021
1360,0.0015714219467124746,0.0,-0.001007314334771254,-0.00013893501426789608,-0.00017077318049678607,-0.0017961705964293746,2021-05-09 00:00:00+00:00,2021
1361,-0.019513081665614142,0.0,0.01183137672833989,-0.0004909207294224865,0.00010948459515707637,0.015012709060008584,2021-05-10 00:00:00+00:00,2021
1362,0.004425240221934103,0.0,-0.003518832647874828,-0.0002776722561030334,0.0001219393165861676,-0.00416811077504193,2021-05-11 00:00:00+00:00,2021
1363,0.016119976439068665,0.0,-0.011409213107993166,-0.0007597914968798577,-0.0005380063062160791,-0.011796264911166747,2021-05-12 00:00:00+00:00,2021
1364,-0.026437179527091022,0.0,0.014797922960470746,0.00030592071964433143,0.0002561736716237273,0.019239749209123285,2021-05-13 00:00:00+00:00,2021
1365,-0.002792890646948886,-4.336808689942018e-19,0.002325983022071517,0.00044430219245867285,0.0007368793602197826,0.001788561366638644,2021-05-14 00:00:00+00:00,2021
1366,0.007039975281336799,0.0,-0.004670273190896177,0.0005387478158032514,-0.00045046615238481056,-0.005330688034882413,2021-05-15 00:00:00+00:00,2021
1367,0.009327187310511144,0.0,-0.005214316921343369,0.0006422708300728389,-0.00018107405461991778,-0.007471982862289222,2021-05-16 00:00:00+00:00,2021
1368,0.0300129562167067,3.469446951953614e-18,-0.019770981277452464,-0.0004474249525765091,0.00025606188730105395,-0.022634709085268427,2021-05-17 00:00:00+00:00,2021
1369,-0.009573558467117386,0.0,0.0064164732277472835,0.00163461564011959,-0.0013956737537299951,0.004735478927651651,2021-05-18 00:00:00+00:00,2021
1370,0.005495128919131792,0.0,-0.004059931440180659,0.00021076219662826204,-0.00015403402881109755,-0.005180009494737712,2021-05-19 00:00:00+00:00,2021
1371,-0.029420758611592816,0.0,0.019761898689865567,0.0006592520219453404,0.00033203449648788047,0.020996626981891656,2021-05-20 00:00:00+00:00,2021
1372,0.0020712272605704304,-4.336808689942018e-19,-0.0016465201707370255,0.00017194250397484971,-2.1662513333207956e-05,-0.002878834186949965,2021-05-21 00:00:00+00:00,2021
1373,0.02097511171695575,6.938893903907228e-18,-0.013399537204968736,0.0010881788755957682,0.0003137681219838248,-0.016316552761205395,2021-05-22 00:00:00+00:00,2021
1374,-0.003426654254970838,0.0,0.0030737418530745516,9.200811500302813e-05,0.0005227222593981989,0.002516066365039053,2021-05-23 00:00:00+00:00,2021
1375,0.0016816066737151026,2.168404344971009e-19,-0.00038980291403607433,0.00036154972836086713,-0.0004036855940691528,-0.001348344211146384,2021-05-24 00:00:00+00:00,2021
1376,-0.08845949382638213,-1.3877787807814457e-17,0.05319918585496185,0.0005310695289097306,-0.00018868231992712203,0.06590094121250681,2021-05-25 00:00:00+00:00,2021
1377,0.033912288483662824,6.938893903907228e-18,-0.026319406047778014,0.0003458410853612662,0.0005317084760945515,-0.024569426687136152,2021-05-26 00:00:00+00:00,2021
1378,-0.059350175174636456,-6.938893903907228e-18,0.041613970073527295,0.0035637766847067126,-0.0012937771812521412,0.04425512906759396,2021-05-27 00:00:00+00:00,2021
1379,0.011262868816529088,-1.734723475976807e-18,-0.008209110961717999,0.000699401962302575,-0.0003783677924093943,-0.00781731466858724,2021-05-28 00:00:00+00:00,2021
1380,-0.011878237352898372,-1.734723475976807e-18,0.007303785433314372,0.00013138556156326413,-0.0003460375209777423,0.007799671117239868,2021-05-29 00:00:00+00:00,2021
1381,-0.12269067344953068,1.3877787807814457e-17,0.07672489492580754,0.0008197552055922153,-0.0003792610905236776,0.08153489642878461,2021-05-30 00:00:00+00:00,2021
1382,-0.00045232377459655457,-4.336808689942018e-19,0.0009952392057366649,0.0012069871681492563,0.00012234697543161716,-0.001099811582239064,2021-05-31 00:00:00+00:00,2021
1383,0.013016080436994083,0.0,-0.008436765078708303,-0.001400839454166889,0.0005456961095575454,-0.010467557665177415,2021-06-01 00:00:00+00:00,2021
1384,0.007378824092634958,0.0,-0.0031864774159184343,0.0012988230927285516,-0.0001546039585444024,-0.004913283663067539,2021-06-02 00:00:00+00:00,2021
1385,-0.031637878274198755,0.0,0.016564985922606367,0.0009112962271539717,0.00020567081307421714,0.021778904314904993,2021-06-03 00:00:00+00:00,2021
1386,0.013794172648808466,0.0,-0.009189055287867984,0.0006304522723170024,3.5993179145162035e-05,-0.003217518831935452,2021-06-04 00:00:00+00:00,2021
1387,0.01764777707095122,0.0,-0.004198893506410279,-0.00011411621381501175,8.794402301625509e-05,-0.008827426610600734,2021-06-05 00:00:00+00:00,2021
1388,0.012701780053239372,0.0,-0.004303086958892378,0.0002115924145064587,-0.0003180046041659692,-0.007569014387890536,2021-06-06 00:00:00+00:00,2021
1389,-0.017422719217425015,-3.469446951953614e-18,0.009148197818813302,0.0008700919426969794,-2.4404997351363394e-05,0.00946427474514706,2021-06-07 00:00:00+00:00,2021
1390,0.014300985551958707,0.0,-0.007646206765048775,-0.0001358417092154774,-0.00015585989958567456,-0.009420835749786886,2021-06-08 00:00:00+00:00,2021
1391,0.03297499705798662,0.0,-0.01721217182355607,-0.0001337820156521105,-1.3786069655956357e-05,-0.021135359363805332,2021-06-09 00:00:00+00:00,2021
1392,0.05014824507823541,6.938893903907228e-18,-0.030276177693578578,-0.0015379750412192542,0.0006161257767996337,-0.034979356623268135,2021-06-10 00:00:00+00:00,2021
1393,-0.010515843803559117,0.0,0.0073069250950068675,0.00029598717778956535,-0.0002401054633356641,0.005372164676707324,2021-06-11 00:00:00+00:00,2021
1394,0.03891455258556347,6.938893903907228e-18,-0.023578553962636573,-0.00043657545438820916,-5.226222894609556e-06,-0.02570347311046372,2021-06-12 00:00:00+00:00,2021
1395,0.005087422965159967,8.673617379884035e-19,-0.0030476720260901144,-0.0014916056394961314,-0.0002885668612353865,-0.005635407976887052,2021-06-13 00:00:00+00:00,2021
1396,0.01607755560371744,0.0,-0.010811705650000492,0.0011296799166400952,-0.0001679047829929413,-0.013066255112034169,2021-06-14 00:00:00+00:00,2021
1397,-0.02648922127095898,3.469446951953614e-18,0.020406899735260397,0.001084722422338872,-0.0003780853760728363,0.017729360851005092,2021-06-15 00:00:00+00:00,2021
1398,0.016579508481912277,0.0,-0.010708434767491858,0.000792706674691588,0.000677467060512197,-0.012170958639266255,2021-06-16 00:00:00+00:00,2021
1399,-0.052802330584981336,-6.938893903907228e-18,0.03494817518586678,0.0003189466083260567,0.0005221877303367706,0.03878725571713404,2021-06-17 00:00:00+00:00,2021
1400,0.01171089536580608,1.734723475976807e-18,-0.00885760019177889,-0.0010429095006751436,-0.0010663810923642447,-0.008294819449037807,2021-06-18 00:00:00+00:00,2021
1401,0.044577026786516656,6.938893903907228e-18,-0.02729584087967881,0.0006499939464289159,-0.0003182771558621414,-0.03462063573866553,2021-06-19 00:00:00+00:00,2021
1402,0.017042183396804272,0.0,-0.012775707488954057,0.0004835305140878342,0.00014205205401109783,-0.012479879174612771,2021-06-20 00:00:00+00:00,2021
1403,0.0034411016421102398,-4.336808689942018e-19,-0.002692552294165676,0.0001290508967492182,0.0009122261193390915,-0.0036982016559802683,2021-06-21 00:00:00+00:00,2021
1404,0.031443897503704285,0.0,-0.020947736365961818,-0.0004061200753802466,-0.00039827103795411767,-0.026729598691596093,2021-06-22 00:00:00+00:00,2021
1405,-0.001623882720218831,2.168404344971009e-19,0.0015915470245011461,0.0012929665016660592,0.0006339279494299505,0.00026628905187891334,2021-06-23 00:00:00+00:00,2021
1406,-0.02840841205874879,-3.469446951953614e-18,0.020035101335093383,-4.630417565534145e-05,-0.000630179586513735,0.022064116040733692,2021-06-24 00:00:00+00:00,2021
1407,-0.026003337984708087,0.0,0.020945780693542904,0.0004166227012476764,0.00011170484562389102,0.018468279699906543,2021-06-25 00:00:00+00:00,2021
1408,0.009699167917721236,0.0,-0.006700566931225043,0.0002658038485549019,-0.0003818043745504006,-0.007383096673233239,2021-06-26 00:00:00+00:00,2021
1409,0.0037560792424570976,0.0,-0.0022754041708458435,-1.4900474536545024e-05,-0.0002744992457655291,-0.0037828944192018097,2021-06-27 00:00:00+00:00,2021
1410,-0.0013253227550180714,0.0,0.00038668263939199937,0.0005348756190539122,0.00038085905023643913,-0.00012200208751253537,2021-06-28 00:00:00+00:00,2021
1411,-0.0018456266753038568,-2.168404344971009e-19,0.002812899741591002,0.0014148316714270252,0.00016087297786895774,0.0005326289447287668,2021-06-29 00:00:00+00:00,2021
1412,0.010514341107564955,1.734723475976807e-18,-0.005470669902482411,0.0010375444109531427,-0.0007586082832415578,-0.008524866545263103,2021-06-30 00:00:00+00:00,2021
1413,-0.0015692728847714525,2.168404344971009e-19,0.0009483899662007137,-9.843672340125939e-05,-0.00019270610938673638,0.0003507085826555177,2021-07-01 00:00:00+00:00,2021
1414,0.06295684923478706,0.0,-0.04202156619916311,6.891386086230189e-05,-1.0884028373361887e-05,-0.04730051907513868,2021-07-02 00:00:00+00:00,2021
1415,-0.024683392227594577,0.0,0.017074932732900373,0.0011618307808273463,-0.0003936156973663972,0.016742814174506293,2021-07-03 00:00:00+00:00,2021
1416,0.007965542862762758,0.0,-0.005294649498275776,0.00027452258148234245,-0.00021067971782334945,-0.0060487085309399065,2021-07-04 00:00:00+00:00,2021
1417,-0.017284006030116247,0.0,0.010411528808836666,-0.0004199903619963516,-0.0001994235871864078,0.010014545329460067,2021-07-05 00:00:00+00:00,2021
1418,0.010255706370176382,0.0,-0.006860212508075778,-0.00017764760958719622,-0.00020306160603744162,-0.007839688108962389,2021-07-06 00:00:00+00:00,2021
1419,-0.023872595336569016,3.469446951953614e-18,0.016568002464513856,-0.00015863152168694994,-0.00047339821014269826,0.018173736808227498,2021-07-07 00:00:00+00:00,2021
1420,0.0016815284987789902,-4.336808689942018e-19,-0.0008383110469667783,-0.00023027153150182648,-0.00017343957596365226,-0.001494309275085913,2021-07-08 00:00:00+00:00,2021
1421,0.006997051250994505,8.673617379884035e-19,-0.005024734486191621,0.00017751507896719265,0.00010009976344445889,-0.005927001953490357,2021-07-09 00:00:00+00:00,2021
1422,0.005405418237849097,-8.673617379884035e-19,-0.003377962328123241,-6.906061914711391e-05,-0.0008284544416598365,-0.004938227934296645,2021-07-10 00:00:00+00:00,2021
1423,-0.007315903752293419,0.0,0.0052300409376508684,-0.0004068753573980514,-0.0015515605839304062,0.004787891776523003,2021-07-11 00:00:00+00:00,2021
1424,0.016791990953474188,3.469446951953614e-18,-0.011859025295066696,-0.0012202212169507096,-0.0011355871040482218,-0.01315127742751145,2021-07-12 00:00:00+00:00,2021
1425,-0.0446782303814912,0.0,0.031235069441868386,5.4186308858714116e-05,0.0007654849310697875,0.03381823891893149,2021-07-13 00:00:00+00:00,2021
1426,0.004314903338350842,0.0,-0.003155791140602697,-5.8010703470671304e-05,7.674577363561523e-05,-0.004569234326167531,2021-07-14 00:00:00+00:00,2021
1427,0.010179820372231642,0.0,-0.006530890686357061,-9.868797507609633e-05,-0.000591984935476372,-0.008012354002033515,2021-07-15 00:00:00+00:00,2021
1428,0.010143720624434888,0.0,-0.006643141706850612,4.522708451407641e-05,-0.00013777379038592413,-0.009142800700593087,2021-07-16 00:00:00+00:00,2021
1429,0.008350742821717383,0.0,-0.004824906340517432,0.0018433669775920897,-0.00039010736969010557,-0.005503901051120123,2021-07-17 00:00:00+00:00,2021
1430,0.012203313597482652,0.0,-0.008285744420030626,-0.0005619494271549234,-0.0003367661993105772,-0.009746344363139089,2021-07-18 00:00:00+00:00,2021
1431,-0.019429113996687845,-3.469446951953614e-18,0.012138413979448875,0.000674438702875934,0.00012670271101451053,0.016565488454021175,2021-07-19 00:00:00+00:00,2021
1432,-0.005586048765997192,-8.673617379884035e-19,0.00531229563678432,0.0017569032036874794,-0.0001399317047824566,0.004292794884531922,2021-07-20 00:00:00+00:00,2021
1433,0.0066656784795636505,0.0,-0.003890371655449626,0.0012800985229570565,-0.00010276178486190793,-0.004106215586917184,2021-07-21 00:00:00+00:00,2021
1434,-0.015796138713108237,3.469446951953614e-18,0.006794270867836001,0.00026971671385142733,-0.00022665714199627054,0.007277241469483567,2021-07-22 00:00:00+00:00,2021
1435,-0.005656113576649422,0.0,0.0032582582484241337,5.205926692550267e-05,0.00045974272254321186,0.0016104898093036247,2021-07-23 00:00:00+00:00,2021
1436,-0.004767457144943314,0.0,0.003401154746006497,0.0006759284673178807,-0.0009495815321694974,0.0004723317362392036,2021-07-24 00:00:00+00:00,2021
1437,0.0012969524417091255,4.336808689942018e-19,0.00011401050850869511,-0.000157522466733117,8.900761125091566e-05,-0.0009569607679168211,2021-07-25 00:00:00+00:00,2021
1438,0.007462817819873293,0.0,-0.002638710853111269,0.00013070800958663031,-0.0002779311112923715,-0.005331371354416472,2021-07-26 00:00:00+00:00,2021
1439,0.0017419529320606634,1.0842021724855044e-18,-0.002746076621182145,-0.0003530597543361651,-0.00030808014613440955,-0.003150954799981001,2021-07-27 00:00:00+00:00,2021
1440,0.011026101495752382,0.0,-0.004842660488462922,0.0016606635087315098,0.00018064355670046293,-0.005330825172717709,2021-07-28 00:00:00+00:00,2021
1441,-0.0016851323333816912,-4.336808689942018e-19,0.00039882050995597397,0.0003909709617794972,0.0004662576695363366,-7.581014007004556e-05,2021-07-29 00:00:00+00:00,2021
1442,-0.0001830845022920388,1.8973538018496328e-19,-0.0011779770729080092,-0.0015436213866528424,-0.0005880441688944257,-0.0018144768509566578,2021-07-30 00:00:00+00:00,2021
1443,0.0018718371439219719,6.505213034913027e-19,-0.000937286982362867,0.0010522968633157911,0.000500991129948624,-0.0023560838769897457,2021-07-31 00:00:00+00:00,2021
1444,0.0048026047160278015,0.0,-0.0023278342062017926,-0.0006035469569445409,7.157512092893781e-05,-0.003501731596711715,2021-08-01 00:00:00+00:00,2021
1445,0.01049901043350373,0.0,-0.0074515000723559465,-0.0014205895682054149,-0.00038843330997405216,-0.010407024029177179,2021-08-02 00:00:00+00:00,2021
1446,0.009197672707351608,0.0,-0.004414419190714362,3.5468254253982756e-06,-0.0008849381309020913,-0.006294156487886564,2021-08-03 00:00:00+00:00,2021
1447,-0.04767802971691342,-6.938893903907228e-18,0.02188414601761778,0.0016602089038689344,0.00043899994100164014,0.031888876088673634,2021-08-04 00:00:00+00:00,2021
1448,-0.05044553357752124,0.0,0.03134294191488546,0.0007813632492978118,3.416810801373099e-05,0.035907598306501594,2021-08-05 00:00:00+00:00,2021
1449,-0.06748489698572974,0.0,0.047660983081963586,0.0003200053925370705,-0.0009690596767235465,0.039365686042795014,2021-08-06 00:00:00+00:00,2021
1450,0.013288980452858623,0.0,-0.008743298130845992,0.0016706232160572463,-0.000476505006636211,-0.007096394174508555,2021-08-07 00:00:00+00:00,2021
1451,0.013783228157752722,0.0,-0.005885266178398931,-0.000525321032400234,4.223590005711028e-05,-0.00801763466427832,2021-08-08 00:00:00+00:00,2021
1452,0.004736920097964493,0.0,-0.0010509907159357043,0.0007032968339292234,5.433428301786138e-05,-0.002853728049682595,2021-08-09 00:00:00+00:00,2021
1453,-0.012654946078008144,0.0,0.004798643132472738,0.000803049422060895,-0.00032885508180470653,0.006750753244935045,2021-08-10 00:00:00+00:00,2021
1454,-0.010267331672074208,1.734723475976807e-18,0.006205430146975949,-0.0006393686629023541,-0.0004060260281905405,0.007007379616172002,2021-08-11 00:00:00+00:00,2021
1455,0.02540443830154649,-3.469446951953614e-18,-0.017529780045221117,-0.001187224132129537,-0.0007142502260573842,-0.017684539743338945,2021-08-12 00:00:00+00:00,2021
1456,-0.01489756125301572,0.0,0.011233326767148085,0.001385792619510301,0.0003534458968012348,0.0080104072507294,2021-08-13 00:00:00+00:00,2021
1457,-0.001998708475774257,-8.673617379884035e-19,0.0024025826315897513,0.001506053478253584,0.00042207897227878894,0.0018399165448252633,2021-08-14 00:00:00+00:00,2021
1458,-0.005134349492327053,0.0,0.0031561549556170894,0.0002527741872653316,0.0004408804585831379,0.0027883886097423995,2021-08-15 00:00:00+00:00,2021
1459,0.005195802180611308,0.0,-0.003529148550972462,-0.00030314257074215943,-0.0002201036036776887,-0.004414973187090687,2021-08-16 00:00:00+00:00,2021
1460,0.0013276290653938024,-2.168404344971009e-19,-0.0006625987341722367,0.00020073776499424534,0.0002481821373566946,-0.0018647282137793436,2021-08-17 00:00:00+00:00,2021
1461,0.03537828269316323,6.938893903907228e-18,-0.022390322697763386,-0.000785520515533461,-0.0005858690655064919,-0.024437896873391984,2021-08-18 00:00:00+00:00,2021
1462,-0.015049257170614885,0.0,0.009876346678627381,0.0009507198431346498,0.000550663347630008,0.00800143936021451,2021-08-19 00:00:00+00:00,2021
1463,-0.027717594225802014,-6.938893903907228e-18,0.015124288141445747,-0.0006597184716301413,-5.3411266369339516e-05,0.018566139329355462,2021-08-20 00:00:00+00:00,2021
1464,-0.015262515700642187,0.0,0.010426402552019895,-0.00014486812721026948,0.00024478036192574805,0.006424944723131177,2021-08-21 00:00:00+00:00,2021
1465,0.01819368013784514,3.469446951953614e-18,-0.006435811071947564,-0.0004984537750833858,0.0014171524975512759,-0.014012836963218176,2021-08-22 00:00:00+00:00,2021
1466,-0.0008142716321513881,-1.0842021724855044e-19,0.0009761469641606887,0.0013928166349064922,0.00013459328167484384,-0.0001345494919299385,2021-08-23 00:00:00+00:00,2021
1467,0.003265168499107936,0.0,-0.0006687905479216081,0.0004101884673371032,1.9634963540770753e-05,-0.0026552150005279395,2021-08-24 00:00:00+00:00,2021
1468,0.025653491966688452,0.0,-0.017386709934424722,-0.0006856152148626352,-0.0005902692827675395,-0.020497325233612584,2021-08-25 00:00:00+00:00,2021
1469,0.003008653171098412,-4.336808689942018e-19,-0.0012444262298603721,0.00038435173055235495,-0.0005722909463258389,-0.0026739750875806535,2021-08-26 00:00:00+00:00,2021
1470,0.018230723675770975,0.0,-0.012815976973003056,-0.00037114185384026777,0.0002959069703700294,-0.014584216662673325,2021-08-27 00:00:00+00:00,2021
1471,-0.0032444383630800488,0.0,0.002462492063442936,0.0007380321568668676,-0.0007809186145596443,0.0011526848545641635,2021-08-28 00:00:00+00:00,2021
1472,-0.0007227057188599553,1.0842021724855044e-19,0.0013979630500209103,0.0006998528280287188,0.00040264569750708744,0.00020922033491425917,2021-08-29 00:00:00+00:00,2021
1473,-0.029660485198150326,-3.469446951953614e-18,0.018985445187560537,0.0014361708068310296,0.0014773065830575999,0.022338601299161633,2021-08-30 00:00:00+00:00,2021
1474,-0.03594598967825348,0.0,0.027030273611590494,-0.0010773217278790895,0.00046928340456189876,0.02846534066468699,2021-08-31 00:00:00+00:00,2021
1475,0.0112447247433303,1.734723475976807e-18,-0.008677825938664348,0.0002755002196574343,0.0003334648890549064,-0.008044509466279631,2021-09-01 00:00:00+00:00,2021
1476,0.025076302751224844,3.469446951953614e-18,-0.018020613303272703,-0.001422485217161363,-0.0003523027469203542,-0.018081465865904756,2021-09-02 00:00:00+00:00,2021
1477,0.01546664064253994,0.0,-0.009348262488391738,-0.0002184068152971258,0.0010848191796452664,-0.010649195726926259,2021-09-03 00:00:00+00:00,2021
1478,0.027288718139705945,6.938893903907228e-18,-0.016853876559752633,-0.0005123883489147885,0.0002416750013678748,-0.0211891868922884,2021-09-04 00:00:00+00:00,2021
1479,0.003963716365584177,0.0,-0.001484510415014433,0.00040037837557022234,0.0002277438147296829,-0.0029689039568390266,2021-09-05 00:00:00+00:00,2021
1480,-0.030199183591047125,0.0,0.022280917220202045,0.0013631986791880872,-0.00024398236703142978,0.02419632319342728,2021-09-06 00:00:00+00:00,2021
1481,0.016657786453189563,0.0,-0.012535445524273285,0.0012714747919634756,-0.000324997552529821,-0.012982410888444321,2021-09-07 00:00:00+00:00,2021
1482,0.019226307245954196,3.469446951953614e-18,-0.015060444343958968,-0.0006347438004937617,-8.496003980814834e-05,-0.014926299622985983,2021-09-08 00:00:00+00:00,2021
1483,0.00043561680233059215,6.505213034913027e-19,-0.00019984540470596344,-0.0005169693596960689,-0.00020277740876853173,-0.0008845412066533754,2021-09-09 00:00:00+00:00,2021
1484,-0.022948582268240463,-3.469446951953614e-18,0.01642691247262351,0.0005977682253636499,0.0003698778549623312,0.016457128001292683,2021-09-10 00:00:00+00:00,2021
1485,0.015223013995280817,0.0,-0.01133382966845595,-0.0005013583977960222,-0.0002325461910294268,-0.012407405914659924,2021-09-11 00:00:00+00:00,2021
1486,0.0005172935128211976,5.421010862427522e-19,4.608031472377709e-05,0.0008284078379683283,-0.00029816137127762,-0.0004347419533199408,2021-09-12 00:00:00+00:00,2021
1487,-0.013125087022781373,-1.734723475976807e-18,0.009408113556659593,0.0007120393752592866,0.00011964662062404104,0.01035433994780324,2021-09-13 00:00:00+00:00,2021
1488,0.008103403449058532,0.0,-0.006394278009328135,0.000570020291113256,0.0002076639623850799,-0.005307906937464144,2021-09-14 00:00:00+00:00,2021
1489,-0.002460973858833313,8.673617379884035e-19,0.0003411788251128896,0.0004920975515823383,-0.00018066107271584716,0.00042421469977224017,2021-09-15 00:00:00+00:00,2021
1490,0.0021474021673202515,-4.336808689942018e-19,-0.002111296290825384,-0.0009104929954794519,-0.00014809940850139857,-0.0027014777336633326,2021-09-16 00:00:00+00:00,2021
1491,0.021291325092315672,3.469446951953614e-18,-0.009411795686297552,-3.347403057282414e-05,0.0007369709965429523,-0.011133101840633146,2021-09-17 00:00:00+00:00,2021
1492,0.006955069601535797,8.673617379884035e-19,-0.001857546775027503,0.0004195767566177915,-0.0007205217808006264,-0.005426585054111931,2021-09-18 00:00:00+00:00,2021
1493,0.00350153923034668,0.0,-0.0019618708267658334,-0.0003876085834834198,-0.00045855114084528744,-0.0027211253924287675,2021-09-19 00:00:00+00:00,2021
1494,0.03772355079650879,-6.938893903907228e-18,-0.0189902330161107,-0.00023402012141420653,0.0005477178317355377,-0.027171001682558708,2021-09-20 00:00:00+00:00,2021
1495,-0.02961723506450653,0.0,0.019374226640949888,-0.0002093549163078509,-1.8232381933887265e-05,0.017356690169322928,2021-09-21 00:00:00+00:00,2021
1496,-0.013758584558963775,0.0,0.009624414859045962,0.001773039853565101,-4.926048417976288e-05,0.011118795532828688,2021-09-22 00:00:00+00:00,2021
1497,-0.0020233091711997987,-4.336808689942018e-19,0.001819027765498048,0.0007928062745383671,0.0005915833188161967,0.0011821971129047618,2021-09-23 00:00:00+00:00,2021
1498,-0.012044634222984314,0.0,0.008394453117767327,-0.00026797680631656523,0.00020209155401793022,0.006422096401777913,2021-09-24 00:00:00+00:00,2021
1499,0.019724048674106598,0.0,-0.012410420369632021,-0.00012281501851117704,-0.0005476422342357568,-0.013678870379226207,2021-09-25 00:00:00+00:00,2021
1500,-0.0022982433438301086,4.336808689942018e-19,0.0018357831368777185,0.0004485897100045726,6.252540129491821e-05,0.0011573789269426359,2021-09-26 00:00:00+00:00,2021
1501,-0.0008074659109115601,3.2526065174565133e-19,0.0010656304636896825,0.0011487801170791938,0.0006526822278416243,-0.0011222111473337911,2021-09-27 00:00:00+00:00,2021
1502,-0.03778465181589127,0.0,0.020037431387569058,0.0002672546982828983,2.3737431116076235e-05,0.028933779208956966,2021-09-28 00:00:00+00:00,2021
1503,-0.003123815655708313,-4.336808689942018e-19,0.003234172658855875,0.00015878841015117993,0.0001131451603980471,0.0019203314734065136,2021-09-29 00:00:00+00:00,2021
1504,-0.009186199903488158,0.0,0.004592512643842684,0.000154128428956294,-0.00016680836381546132,0.005202847344862019,2021-09-30 00:00:00+00:00,2021
1505,-0.008048717677593232,0.0,0.004605285044810018,0.0005847361662963263,9.91685382503698e-05,0.0044245152366363906,2021-10-01 00:00:00+00:00,2021
1506,0.013592130839824676,0.0,-0.0071265542048692225,-0.0007657241779592035,-0.0004665570114558218,-0.009811169117417622,2021-10-02 00:00:00+00:00,2021
1507,0.009061461091041565,1.734723475976807e-18,-0.00556195512481809,0.00011670158415238129,-0.00043940607149431203,-0.0070226440888499905,2021-10-03 00:00:00+00:00,2021
1508,0.019404625296592714,0.0,-0.013166839086955274,-0.001715488410471179,0.002193711106414368,-0.016407448421834614,2021-10-04 00:00:00+00:00,2021
1509,0.021690295040607453,0.0,-0.011521538232801892,0.00031145825191182877,-0.0005442068364899175,-0.01478226112638502,2021-10-05 00:00:00+00:00,2021
1510,-0.018762857615947724,0.0,0.012540154707155363,0.00087736087179386,0.00010021947331482692,0.013310139658404808,2021-10-06 00:00:00+00:00,2021
1511,-0.015176034569740295,-1.734723475976807e-18,0.011456535148508164,0.0012812598418403993,0.00018734887189957375,0.01056855644218144,2021-10-07 00:00:00+00:00,2021
1512,-0.008054630756378174,1.734723475976807e-18,0.006275677159603363,-0.0005140686630539081,0.0009995291132050294,0.00518850097931071,2021-10-08 00:00:00+00:00,2021
1513,0.030575146079063416,-3.469446951953614e-18,-0.02046518598202511,0.00024022457876766296,-0.0002293681901349813,-0.02229397089368091,2021-10-09 00:00:00+00:00,2021
1514,0.023046370446681976,0.0,-0.015292013827485297,-0.0005726261806764457,-3.217819698937696e-05,-0.017254129018341197,2021-10-10 00:00:00+00:00,2021
1515,0.011679736375808715,0.0,-0.008935779151512703,-0.0010345063892413988,0.00040488704533065203,-0.008708693950207383,2021-10-11 00:00:00+00:00,2021
1516,0.04550004094839096,6.938893903907228e-18,-0.03046186380150715,-0.0002986981113073453,-4.974983536625011e-06,-0.03114622884368575,2021-10-12 00:00:00+00:00,2021
1517,0.021094404458999634,0.0,-0.012060922189148034,0.0004458481648518288,0.00016753388996701424,-0.013345291009029803,2021-10-13 00:00:00+00:00,2021
1518,0.01321077287197113,1.734723475976807e-18,-0.007788352506546788,-0.0007051484487288016,9.735823031238426e-05,-0.010491884034526248,2021-10-14 00:00:00+00:00,2021
1519,0.002595476508140564,0.0,-0.0008274246922823337,5.4389375147005214e-05,-0.0007028927072365823,-0.0017387804991617524,2021-10-15 00:00:00+00:00,2021
1520,-0.008688525855541229,-1.734723475976807e-18,0.007048226186314843,0.0003174282781649284,0.0009503983476674667,0.0038703470099496085,2021-10-16 00:00:00+00:00,2021
1521,0.026681283712387083,3.469446951953614e-18,-0.014768683297462561,-0.00013817440666378036,-0.0009574715938435348,-0.01896938171158682,2021-10-17 00:00:00+00:00,2021
1522,0.020354576706886292,0.0,-0.011991586571328396,-0.001677330364606846,-5.261098109729523e-05,-0.01529608924239518,2021-10-18 00:00:00+00:00,2021
1523,0.010756876766681672,0.0,-0.0058824529115143066,0.0002351491536573165,0.0004093063035890427,-0.006720540259682751,2021-10-19 00:00:00+00:00,2021
1524,-0.010400045216083526,0.0,0.004972777322017135,-6.88874160570778e-05,-0.000440679638359821,0.005973663932795605,2021-10-20 00:00:00+00:00,2021
1525,0.03372200340032577,6.938893903907228e-18,-0.022878682976221656,-0.0008499406003300153,-1.3305644632775893e-05,-0.025401825972171735,2021-10-21 00:00:00+00:00,2021
1526,-0.006709648966789245,8.673617379884035e-19,0.005081389487358376,2.7950689694892887e-05,0.0014971094868980678,0.002571551759644973,2021-10-22 00:00:00+00:00,2021
1527,0.012866193652153015,1.734723475976807e-18,-0.006774502959575329,0.00016940216896229633,-0.0004074831530941382,-0.010964008485175638,2021-10-23 00:00:00+00:00,2021
1528,0.023849133849143982,3.469446951953614e-18,-0.01390505244744188,0.0011543049657226322,0.00041255992412495,-0.016438177158474544,2021-10-24 00:00:00+00:00,2021
1529,0.017321245968341826,3.469446951953614e-18,-0.009673474541923575,-0.00014625398321805108,-0.0007535340970218178,-0.012571995551584458,2021-10-25 00:00:00+00:00,2021
1530,0.02948198765516281,3.469446951953614e-18,-0.014289589330401947,-0.000399777447811403,-0.00023928735488903605,-0.01783560195847423,2021-10-26 00:00:00+00:00,2021
1531,-0.014758217930793762,0.0,0.008889378002906685,0.00023969355762092429,0.0006900922224852245,0.008298338133956112,2021-10-27 00:00:00+00:00,2021
1532,0.029677242040634155,0.0,-0.016474493554501514,0.0006755304565084913,-5.817946843057059e-05,-0.020278961989166854,2021-10-28 00:00:00+00:00,2021
1533,-0.008013336956501006,-1.734723475976807e-18,0.0035336193396033264,-0.0027361320337672794,0.0014131039149304827,0.004879211066387672,2021-10-29 00:00:00+00:00,2021
1534,0.04559412913106794,6.938893903907228e-18,-0.03477539607617881,0.0006847204774211232,0.0002166917791296616,-0.03131882250991821,2021-10-30 00:00:00+00:00,2021
1535,0.009641850590705872,-1.734723475976807e-18,-0.0043939570811413736,0.0007883691372610104,9.576177992562558e-05,-0.009968387575738301,2021-10-31 00:00:00+00:00,2021
1536,0.018680435121059418,-3.469446951953614e-18,-0.011838126124903418,-0.0011318141477829786,-0.00016192991180228114,-0.01567628783894922,2021-11-01 00:00:00+00:00,2021
1537,-0.04408970981836319,-6.938893903907228e-18,0.03319094952485968,0.0025575814845510414,-2.9016055171138255e-05,0.02937412592333809,2021-11-02 00:00:00+00:00,2021
1538,-0.011911153495311737,0.0,0.008313951593193212,0.0002840852968535902,-0.0005363940919358434,0.0076148929929452745,2021-11-03 00:00:00+00:00,2021
1539,0.051333490610122684,0.0,-0.03702111032902776,0.00016818075465735438,0.00021538827856558418,-0.03339440150368907,2021-11-04 00:00:00+00:00,2021
1540,-0.035876706540584564,-6.938893903907228e-18,0.02117403627377977,0.0003921428241377631,-0.0007879925115564165,0.022939288617839705,2021-11-05 00:00:00+00:00,2021
1541,0.0027969026565551757,0.0,-0.0014775373280118932,-0.00020040323065894598,-0.0008715563160200269,-0.0021516220366014755,2021-11-06 00:00:00+00:00,2021
1542,-0.013385954797267913,0.0,0.010021247675031205,0.0016710499403021165,-0.00028891216521150474,0.009221910665210895,2021-11-07 00:00:00+00:00,2021
1543,0.02253506362438202,0.0,-0.01491116782182715,-0.0009626911943334225,-0.0005396184074767177,-0.01660857425816782,2021-11-08 00:00:00+00:00,2021
1544,0.00030608722312965584,-2.168404344971009e-19,-0.0007611121655179359,-0.0009111923829228641,-0.0004069097593152322,-0.0029248346669482595,2021-11-09 00:00:00+00:00,2021
1545,-0.08194011659478423,0.0,0.044978650856130106,0.0013582113973585885,0.0026688764621866368,0.05874335225027677,2021-11-10 00:00:00+00:00,2021
1546,0.061542624804242774,-6.938893903907228e-18,-0.04475529354254752,-0.0019865692160662696,0.001655354617173116,-0.04394036731439267,2021-11-11 00:00:00+00:00,2021
1547,0.013076310181737546,1.734723475976807e-18,-0.009370900996818168,-0.0002951368713521481,0.0007309474781409826,-0.010118060745664528,2021-11-12 00:00:00+00:00,2021
1548,0.01672265367891321,3.469446951953614e-18,-0.009663733567960995,0.00017588542481837208,-0.0010819708736284454,-0.010026655171722344,2021-11-13 00:00:00+00:00,2021
1549,0.023473802223876492,3.469446951953614e-18,-0.011078234856659572,-0.0011516128467337697,-0.0018458238448668153,-0.015579715520880869,2021-11-14 00:00:00+00:00,2021
1550,0.00235195914704596,4.336808689942018e-19,-0.002018759989768203,-0.0008714676345444694,0.0008581148886412384,-0.003689770848723732,2021-11-15 00:00:00+00:00,2021
1551,-0.027051780092057272,0.0,0.018523974105815473,-0.0002710191900540358,-0.0003776345211745531,0.01589027177951311,2021-11-16 00:00:00+00:00,2021
1552,0.017844433760523196,0.0,-0.010926614801984041,0.0009661074732343865,0.0005635421822127416,-0.01159929814663313,2021-11-17 00:00:00+00:00,2021
1553,-0.0042090481849172,-8.673617379884035e-19,0.004921417651732034,0.0017204898410585487,0.0008588440662549105,0.0014324062414111942,2021-11-18 00:00:00+00:00,2021
1554,0.003854923176042961,8.673617379884035e-19,-0.0007608032057349421,0.0005010574998313005,-0.0012946819910473828,-0.0030855197795670282,2021-11-19 00:00:00+00:00,2021
1555,0.013225730340085437,0.0,-0.0051476322602818855,0.0015392264837276182,6.78391826082897e-05,-0.0080183969931101,2021-11-20 00:00:00+00:00,2021
1556,0.026359381687701047,6.938893903907228e-18,-0.01309627861573356,0.0002672252310067409,-0.00015868321959911988,-0.01897384568476307,2021-11-21 00:00:00+00:00,2021
1557,0.001714134336116925,0.0,-0.0009469336768795764,-0.0007873110700555764,0.0006740615417955547,-0.0030191188866761152,2021-11-22 00:00:00+00:00,2021
1558,0.024118939835821564,0.0,-0.015915075186482483,-0.0012043529670457548,-0.002078608845298764,-0.018959315538956075,2021-11-23 00:00:00+00:00,2021
1559,0.01991327084488605,0.0,-0.011396997592406248,0.001394437361489441,0.00026481485479544833,-0.014482607187904246,2021-11-24 00:00:00+00:00,2021
1560,-0.011687056802625034,1.734723475976807e-18,0.009928792054658239,0.0011750738552285082,-0.0019135353516981628,0.007039382057920039,2021-11-25 00:00:00+00:00,2021
1561,0.021379790522835472,0.0,-0.012136156762389019,0.0012553308243570711,-0.0001158277281374763,-0.013923778118352645,2021-11-26 00:00:00+00:00,2021
1562,0.03779431816303369,0.0,-0.023492811502248457,-0.00041350882631330244,-0.00042900636936209213,-0.026224136619429024,2021-11-27 00:00:00+00:00,2021
1563,0.010606280179938884,1.734723475976807e-18,-0.00650057931508037,0.0004257145122236322,-0.0007438602918180739,-0.00984154015714317,2021-11-28 00:00:00+00:00,2021
1564,0.0069546666410234236,0.0,-0.005491861193356862,0.0011740676164471789,0.0017103516540041448,-0.005853496752266394,2021-11-29 00:00:00+00:00,2021
1565,-0.05824730131361219,0.0,0.037658063511638515,-0.0006747348726712232,0.00023222550564417493,0.03233900336029309,2021-11-30 00:00:00+00:00,2021
1566,0.014100273751249217,-1.734723475976807e-18,-0.008435351141487264,-0.0006049642486444639,-0.001311845130899594,-0.007993519621057087,2021-12-01 00:00:00+00:00,2021
1567,0.02266106852377304,3.469446951953614e-18,-0.008263521382072014,0.0002809677042552444,0.0010401212482761893,-0.014699112225484904,2021-12-02 00:00:00+00:00,2021
1568,0.022268022250647498,-3.469446951953614e-18,-0.010195210797727254,0.0008788196589190854,0.0009005475816564121,-0.014317379757790969,2021-12-03 00:00:00+00:00,2021
1569,-0.03959112058436205,6.938893903907228e-18,0.01917226532747534,0.00162822879096651,-0.0002220730027628487,0.014110066077797863,2021-12-04 00:00:00+00:00,2021
1570,0.024531777740129965,-3.469446951953614e-18,-0.009966123487442219,-0.002365799294928965,0.000513212736463476,-0.012939053777103967,2021-12-05 00:00:00+00:00,2021
1571,-0.015111409165532455,1.734723475976807e-18,0.00573680775506874,-0.00014306321176402181,-0.0003842416391200247,0.0018336671313666716,2021-12-06 00:00:00+00:00,2021
1572,-0.006441536893699375,8.673617379884035e-19,0.001364883041516358,0.000442472781911429,0.0007390995475078949,0.001509378379760693,2021-12-07 00:00:00+00:00,2021
1573,0.0017005474434286204,8.673617379884035e-19,-0.0008537857516271411,-0.0003938910589159166,0.0001991525804400636,-0.0050548008967210315,2021-12-08 00:00:00+00:00,2021
1574,0.043273219904923804,-6.938893903907228e-18,-0.020471646503240695,-0.00014343277113908204,-0.0002697313941095042,-0.02464916760678896,2021-12-09 00:00:00+00:00,2021
1575,0.031084874257218415,-6.938893903907228e-18,-0.012018814132771057,0.0009121672004979951,0.0007033242459921103,-0.019169350475370293,2021-12-10 00:00:00+00:00,2021
1576,0.017109985581509352,3.469446951953614e-18,-0.005983633130812077,0.0007443016061645692,1.1627662156486057e-05,-0.009373398841101015,2021-12-11 00:00:00+00:00,2021
1577,0.016951048132126705,0.0,-0.006817205770095187,-0.000431458687456452,0.0002978926570630959,-0.013274461814759542,2021-12-12 00:00:00+00:00,2021
1578,0.009305774257872915,0.0,-0.0071255351573128265,-0.0009989582607100398,-0.0013957160831939222,-0.011410248680087715,2021-12-13 00:00:00+00:00,2021
1579,0.04310916886111806,0.0,-0.021759014508752818,-0.0011783289830285676,-7.903410036578379e-05,-0.024543441055376793,2021-12-14 00:00:00+00:00,2021
1580,0.007042946549236472,0.0,-0.0043283452506066,0.00010985893440434297,0.00045863707359198105,-0.008097177966361105,2021-12-15 00:00:00+00:00,2021
1581,0.010378988563711873,0.0,-0.0021841041404604394,0.00020565504915552764,-0.0014545934018971394,-0.006743246986018369,2021-12-16 00:00:00+00:00,2021
1582,-0.02688026670271975,0.0,0.012981387219823113,-0.0012734184124436158,0.0003102919311947991,0.013540112072991595,2021-12-17 00:00:00+00:00,2021
1583,-0.015776499576374965,0.0,0.006625045314226544,-0.00019500189845085905,0.0005217637579003828,0.0052015276214249125,2021-12-18 00:00:00+00:00,2021
1584,0.0013919209465762686,0.0,-0.0011616374189058793,0.0010608495388035588,0.0022307794526848137,-0.0028388753969709702,2021-12-19 00:00:00+00:00,2021
1585,-0.00881479204003581,0.0,0.005145427890583431,-0.00046058654780835664,-0.0002275231942766194,0.0016876952330510293,2021-12-20 00:00:00+00:00,2021
1586,0.039635095802055396,0.0,-0.016142778532117104,0.0005965427926512487,-5.807186844760531e-05,-0.020626906502494706,2021-12-21 00:00:00+00:00,2021
1587,-0.0028411915459608666,-4.336808689942018e-19,0.001518882479241235,-0.0002841594848573912,0.00036298774616786225,-0.002222525962503083,2021-12-22 00:00:00+00:00,2021
1588,-0.07609530088260089,0.0,0.02234170774278925,-0.0017948395994287214,0.0008999906196263396,0.02137181330644175,2021-12-23 00:00:00+00:00,2021
1589,0.02545706905084213,-3.469446951953614e-18,-0.006948456959165471,0.0009860715562160678,-0.0008331400850372268,-0.011379809698928614,2021-12-24 00:00:00+00:00,2021
1590,-0.032459361601602,0.0,0.013201928268062716,-2.3307730578542296e-05,0.0002524680238412194,0.015437533575314036,2021-12-25 00:00:00+00:00,2021
1591,-0.020280236822699534,3.469446951953614e-18,0.009894914398463375,0.0017506526774717715,-0.00041398730684200774,0.010054652263357031,2021-12-26 00:00:00+00:00,2021
1592,-0.04358723744523102,1.3877787807814457e-17,0.028083390941586808,0.0024002800041148173,-0.00019700864709236432,0.021899176501826413,2021-12-27 00:00:00+00:00,2021
1593,0.048925115372323746,0.0,-0.02448832747664372,0.00019324554256301002,0.00028942434651899746,-0.0312820900797872,2021-12-28 00:00:00+00:00,2021
1594,-0.043944531890946596,6.938893903907228e-18,0.026144736724949207,0.000225508869760159,-0.00044327446029097245,0.02164618087786315,2021-12-29 00:00:00+00:00,2021
1595,0.08084504162599593,0.0,-0.04117744748659917,-0.0005571893533807826,8.643193640053837e-05,-0.05033901188945496,2021-12-30 00:00:00+00:00,2021
1596,0.01638018237757804,0.0,-0.009737625133535635,-0.0011024322501745898,0.0003120707118370869,-0.006988691082519502,2021-12-31 00:00:00+00:00,2021
1597,-0.03898270844202961,0.0,0.014185694732276176,-0.00010648186377194835,-0.00018680608482017635,0.016882143139486182,2022-01-01 00:00:00+00:00,2022
1598,0.024180689136388944,-3.469446951953614e-18,-0.009856489986266204,-9.965244823146799e-05,-0.00047561113279401615,-0.014284199320674672,2022-01-02 00:00:00+00:00,2022
1599,-0.027447719259310496,3.469446951953614e-18,0.013547246961615377,0.0001506440038910907,-0.00028608009785357005,0.013462916515057467,2022-01-03 00:00:00+00:00,2022
1600,0.012613455958777877,0.0,-0.008006723888243614,-0.00027937943232629776,-9.323512702950378e-05,-0.005873151516736613,2022-01-04 00:00:00+00:00,2022
1601,0.020282769566260014,-3.469446951953614e-18,-0.006963997827500831,-0.00031822736431364254,-0.00027249483617938774,-0.007448951311150856,2022-01-05 00:00:00+00:00,2022
1602,-0.013377961773557712,3.469446951953614e-18,0.003499395960982187,0.0008871004061523878,0.00011781445499839914,0.0026770237488942597,2022-01-06 00:00:00+00:00,2022
1603,-0.04450093671150014,0.0,0.011759639295113894,0.0009229459111677885,-0.00036305486156289896,0.014857548898036331,2022-01-07 00:00:00+00:00,2022
1604,0.004876896209523157,-8.673617379884035e-19,-0.003442629639991083,-0.0027840022701718144,-0.001202784990479521,-0.006427058115766184,2022-01-08 00:00:00+00:00,2022
1605,0.014988131026931221,-1.734723475976807e-18,-0.004597941288677734,0.00029392344259552595,-0.0006525657120883214,-0.007859543563465193,2022-01-09 00:00:00+00:00,2022
1606,0.004911410021902946,-8.673617379884035e-19,-0.0042136602338130645,-0.0008941002466829572,-0.0002101779235455627,-0.008508436439249463,2022-01-10 00:00:00+00:00,2022
1607,-0.05444891652479995,6.938893903907228e-18,0.017437083112729117,0.0007111394423355288,0.000722109091624297,0.025277688255512618,2022-01-11 00:00:00+00:00,2022
1608,-0.01879541341423383,0.0,0.0071135251935251186,0.0007988813421304676,0.0002018581292567989,0.008291949098310169,2022-01-12 00:00:00+00:00,2022
1609,0.018464217028642062,3.469446951953614e-18,-0.007115472369770129,-0.0003296500233666011,-0.0002475248530176728,-0.007327300117796429,2022-01-13 00:00:00+00:00,2022
1610,-0.0005417272524180146,2.168404344971009e-19,-0.00040268720465137505,0.000813691395222856,-0.0009241970647347837,-0.0012460997171925754,2022-01-14 00:00:00+00:00,2022
1611,0.037381295625328416,-6.938893903907228e-18,-0.013091759050564322,1.7026533484149065e-05,-0.00014697337664657667,-0.01606964096448079,2022-01-15 00:00:00+00:00,2022
1612,0.012096087642127487,1.734723475976807e-18,-0.004936701539694303,-0.00022088644500565385,0.0002008560972347872,-0.007107544752878829,2022-01-16 00:00:00+00:00,2022
1613,-0.014676615066334681,0.0,0.005578808556740124,0.0016832387244621033,0.0017098964006127503,0.008305711538300961,2022-01-17 00:00:00+00:00,2022
1614,0.028727777415725787,-6.938893903907228e-18,-0.017589620289985647,6.29085247761639e-05,-0.0002474172001141091,-0.01367284452661913,2022-01-18 00:00:00+00:00,2022
1615,-0.009687530207754997,0.0,0.0047438619094073865,0.0008909531282150149,-0.00012930550939347848,0.0014771415731841264,2022-01-19 00:00:00+00:00,2022
1616,-0.03309010158335497,6.938893903907228e-18,0.01089624698578159,-0.000254985902387761,6.960788291233977e-05,0.009833439162101443,2022-01-20 00:00:00+00:00,2022
1617,0.004811105994403665,0.0,0.0004496347288349134,0.0003412404810847879,0.0004519199974805897,-0.0015648031880475042,2022-01-21 00:00:00+00:00,2022
1618,0.01424569012549928,0.0,-0.004453413645707621,-0.0010283468152038483,-0.0013704442884057665,-0.006947725259557235,2022-01-22 00:00:00+00:00,2022
1619,-0.002493646241686671,8.673617379884035e-19,-0.000285307450796129,-0.0009523324225715916,-2.807053443083709e-05,-0.0008015183705672186,2022-01-23 00:00:00+00:00,2022
1620,-0.016916726143832134,0.0,0.0047589266432830485,0.00017172628229839698,-0.0011378870701864788,0.005240647895276836,2022-01-24 00:00:00+00:00,2022
1621,0.002164540859648419,0.0,-0.0011507384725001253,0.0011481911328227318,-0.00011370696575928319,-0.002869712500479549,2022-01-25 00:00:00+00:00,2022
1622,0.006350421663468259,-8.673617379884035e-19,-0.0010446972192952814,0.001470095387315279,-0.00023364761029215104,-0.0009275691442483412,2022-01-26 00:00:00+00:00,2022
1623,0.02392823835314833,-3.469446951953614e-18,-0.005206520442127712,-2.576079399344358e-05,2.716923819754205e-05,-0.010145966600001647,2022-01-27 00:00:00+00:00,2022
1624,0.007503694386651673,-8.673617379884035e-19,-0.0036466145862967957,-0.0013470711066301084,0.0003388236870041335,-0.004499005453108638,2022-01-28 00:00:00+00:00,2022
1625,0.03882389474036125,-6.938893903907228e-18,-0.009828925758126487,-0.0007944375329913544,8.729328412653697e-05,-0.017675121306087054,2022-01-29 00:00:00+00:00,2022
1626,-0.0021664155316231818,4.336808689942018e-19,0.0025282344608065326,0.0009924467601612485,5.669482321782153e-05,0.0002021670059963311,2022-01-30 00:00:00+00:00,2022
1627,-0.003766174243791454,4.336808689942018e-19,0.000893896611967059,-1.3820718575820266e-05,-0.00014237713421476556,-0.00030859922879158995,2022-01-31 00:00:00+00:00,2022
1628,0.03159152765564507,6.938893903907228e-18,-0.010240179069340716,0.00040106811367530276,0.00021455786295040968,-0.012912008627472323,2022-02-01 00:00:00+00:00,2022
1629,0.0025779907473452803,-4.336808689942018e-19,-0.0028964772285034377,-0.0018579717159777727,-0.00021127848440479977,-0.006327083522679864,2022-02-02 00:00:00+00:00,2022
1630,0.03314740978521744,-6.938893903907228e-18,-0.009995415760791448,-0.00040650510166227727,-0.0012328001498703653,-0.0143244570227119,2022-02-03 00:00:00+00:00,2022
1631,0.02888267748246943,0.0,-0.012080360131518957,-0.0025724363989787814,-0.0010820488392865209,-0.018036931173757976,2022-02-04 00:00:00+00:00,2022
1632,0.014306786701763947,-1.734723475976807e-18,0.0002578539022422815,0.002772704946502627,-0.00206095911055087,-0.009065886295420853,2022-02-05 00:00:00+00:00,2022
1633,0.009006216441314233,0.0,-0.0049736241880192576,-0.0027874573192411484,-0.0007427801584167903,-0.008752320134690928,2022-02-06 00:00:00+00:00,2022
1634,0.02365354928873517,0.0,-0.01007058421811043,-0.00023530515337895352,-0.00023856883088085867,-0.014146190533824586,2022-02-07 00:00:00+00:00,2022
1635,0.017552040555150375,0.0,-0.006429209584119605,0.0007097152207174579,0.0006134229417049282,-0.010731560804222847,2022-02-08 00:00:00+00:00,2022
1636,-0.014370485836145828,0.0,0.007736453279077429,-6.046866677297119e-05,0.001757987814008882,0.006591075408045741,2022-02-09 00:00:00+00:00,2022
1637,-0.02120496788803412,3.469446951953614e-18,0.0118933141883793,-0.00017907566496248167,-0.00026384406868606644,0.011117279396128114,2022-02-10 00:00:00+00:00,2022
1638,0.01655687300526366,-3.469446951953614e-18,-0.009506982099683283,0.0005675798263324629,-0.0002702785675991609,-0.011446914487003124,2022-02-11 00:00:00+00:00,2022
1639,0.0008370876312255859,0.0,0.0015781809767528216,-0.0004552589864567654,-0.0007727914353444229,-0.004927531047274492,2022-02-12 00:00:00+00:00,2022
1640,0.03124303264277322,-3.469446951953614e-18,-0.011033959005112004,-0.0016036608614874055,0.0004082991652537074,-0.0211220190919784,2022-02-13 00:00:00+00:00,2022
1641,0.014254615014913131,-3.469446951953614e-18,-0.008600896339910343,-0.0011675691980804741,0.00018882248990947925,-0.01141455136570064,2022-02-14 00:00:00+00:00,2022
1642,0.028175590293748037,3.469446951953614e-18,-0.01341032536855321,0.0002950244644862217,-0.0003593990385514813,-0.014648324236077856,2022-02-15 00:00:00+00:00,2022
1643,0.013968482309458206,0.0,-0.003326223489725706,-0.00044360094594066667,7.738757442513587e-05,-0.006809686316701953,2022-02-16 00:00:00+00:00,2022
1644,0.014025010928815725,-1.734723475976807e-18,-0.007038076096383034,-0.0009723725344928189,-0.0003692248990506599,-0.010037582758246816,2022-02-17 00:00:00+00:00,2022
1645,0.009470387685055636,0.0,-0.0015185920176885807,0.0017243528827114458,3.677038873918688e-05,-0.004414131669501015,2022-02-18 00:00:00+00:00,2022
1646,0.0634886412596216,-1.3877787807814457e-17,-0.018355112622942253,-7.5393769690138e-05,-0.0003082487897269198,-0.03320196995152455,2022-02-19 00:00:00+00:00,2022
1647,0.05067595231289766,-6.938893903907228e-18,-0.02369017784684051,-0.002470813341900184,-0.00028161363486683966,-0.037378574304564274,2022-02-20 00:00:00+00:00,2022
1648,0.004094662714977653,-8.673617379884035e-19,-0.0022763941176319052,0.0012061908158992286,-1.2446891050467944e-05,-0.004631421306627493,2022-02-21 00:00:00+00:00,2022
1649,0.017814127158145517,0.0,-0.012220391834797385,0.001726811106598395,0.00014037674402617162,-0.013415413799216142,2022-02-22 00:00:00+00:00,2022
1650,-0.06450266010907231,0.0,0.027728739014465244,0.0037098422011725904,-0.00034372422774985034,0.03303612229257123,2022-02-23 00:00:00+00:00,2022
1651,0.08191028571858698,-1.3877787807814457e-17,-0.04895246098551691,0.0020947027766170384,-0.003768964490887941,-0.05025127478432986,2022-02-24 00:00:00+00:00,2022
1652,0.036765867958263476,0.0,-0.017989970780337202,0.000756196677115975,-0.0005296839569875686,-0.01878151142369073,2022-02-25 00:00:00+00:00,2022
1653,0.008902206104628893,-1.734723475976807e-18,-0.0026013115817019386,0.0006815394492614649,0.003304850128140656,-0.006600535245774718,2022-02-26 00:00:00+00:00,2022
1654,0.03313641523828312,0.0,-0.006046672441631148,0.0014400018733809541,-0.0011954904520814352,-0.022652769569583616,2022-02-27 00:00:00+00:00,2022
1655,-0.00946724141130642,1.734723475976807e-18,0.0032670222591995833,-4.179116543685801e-05,0.0006715859315428677,-0.0006632734901065897,2022-02-28 00:00:00+00:00,2022
1656,0.05520293511906449,-6.938893903907228e-18,-0.01740772874555055,0.002235643193989126,0.00010654754313877551,-0.028078663307910964,2022-03-01 00:00:00+00:00,2022
1657,0.009916657391859561,0.0,-0.004299925881403125,0.001169823352346066,-0.00023521782991037243,-0.008788770556890734,2022-03-02 00:00:00+00:00,2022
1658,0.031593061831532696,0.0,-0.012521311130906418,-9.062465903603156e-05,8.094907625546405e-05,-0.01589379847162415,2022-03-03 00:00:00+00:00,2022
1659,-0.01628531363545632,3.469446951953614e-18,0.004628996439856373,0.0007395196602186585,-0.0010746183563159518,0.0021947730191636088,2022-03-04 00:00:00+00:00,2022
1660,-0.046894206380357545,0.0,0.015795186513956054,0.0014259777675393673,0.0007572824739894013,0.020288091082804424,2022-03-05 00:00:00+00:00,2022
1661,-0.09154570345975915,0.0,0.046275768545218,0.0010452549278951728,0.00023346796749490473,0.05280433129929339,2022-03-06 00:00:00+00:00,2022
1662,0.052596199269197424,0.0,-0.031910462978762405,-0.001588079346703311,-0.00023138448524671895,-0.02906107623964123,2022-03-07 00:00:00+00:00,2022
1663,-0.03787568394018679,6.938893903907228e-18,0.018342458064994537,0.0009411047741360937,0.00010053933093882861,0.012665474637468102,2022-03-08 00:00:00+00:00,2022
1664,-0.09638805900301252,1.3877787807814457e-17,0.04414476560189971,0.004249158852683607,0.0006109997597800038,0.038065706212056835,2022-03-09 00:00:00+00:00,2022
1665,0.10233679930774534,-1.3877787807814457e-17,-0.04233427469979956,-2.1121866194712124e-05,0.0014759209537064805,-0.041736024634822705,2022-03-10 00:00:00+00:00,2022
1666,0.0008071250453287242,-1.0842021724855044e-18,0.0007737255846534603,-0.001227723954296227,-0.0003596784529998479,-0.007828961557005253,2022-03-11 00:00:00+00:00,2022
1667,-0.014559587759849352,0.0,0.002512350409506722,-0.0003896343329922239,0.0011849202372482687,0.004249732055216086,2022-03-12 00:00:00+00:00,2022
1668,0.029019183684618047,0.0,-0.01381731643218178,0.00034550250346864625,0.0012199034912425896,-0.020092804486055535,2022-03-13 00:00:00+00:00,2022
1669,0.041047729895665096,6.938893903907228e-18,-0.025416036595348378,-0.0008898599038437982,-0.001368861491829368,-0.02311233330378655,2022-03-14 00:00:00+00:00,2022
1670,0.04257503533974672,0.0,-0.018427916462125767,0.0020256501352349868,-0.0002794705716422166,-0.02186449554054344,2022-03-15 00:00:00+00:00,2022
1671,0.027186557268485043,3.469446951953614e-18,-0.011200709409990989,-0.003141510209530681,-0.00035552185109292284,-0.016911133962060277,2022-03-16 00:00:00+00:00,2022
1672,-0.025867084050789857,0.0,0.010939090514203767,0.0006424369140438993,0.002470885386642689,0.009238910640816337,2022-03-17 00:00:00+00:00,2022
1673,0.022994129474346453,0.0,-0.007398675115618047,0.001285629219888701,0.0006299972231346013,-0.012515074097821445,2022-03-18 00:00:00+00:00,2022
1674,-0.001959946386668147,8.673617379884035e-19,0.0018099500770833187,-3.118007515050562e-05,0.0005855579430239686,-0.0017852833326851723,2022-03-19 00:00:00+00:00,2022
1675,-0.019579998084477017,6.938893903907228e-18,0.009188864311254288,0.0018136530444114451,-0.0006623275621148103,0.007160888060214643,2022-03-20 00:00:00+00:00,2022
1676,0.02631662573133196,-3.469446951953614e-18,-0.010987620784047672,0.0012510189078789417,-7.365430273624865e-05,-0.014660590392966986,2022-03-21 00:00:00+00:00,2022
1677,-0.04018395257239439,0.0,0.014236421666757551,-0.0012385312993437522,-0.0006522239237223282,0.013244870072010119,2022-03-22 00:00:00+00:00,2022
1678,-0.07170687098892367,0.0,0.032560750956318676,0.00031992233039522533,-2.1150928278507175e-05,0.03430635109321901,2022-03-23 00:00:00+00:00,2022
1679,-0.0025292038917541504,-4.336808689942018e-19,0.0024564620076136046,0.00015666919577317882,0.0001414289980584322,-0.000893972318336194,2022-03-24 00:00:00+00:00,2022
1680,0.02977800705494025,0.0,-0.017244770016463008,-0.0014839779945421613,0.004983881989918698,-0.01674298906741115,2022-03-25 00:00:00+00:00,2022
1681,-0.01346667760457748,-1.734723475976807e-18,0.005836564496172255,0.001134778230293303,-0.0005535518520464466,0.005724390837795681,2022-03-26 00:00:00+00:00,2022
1682,0.025662470780886137,-3.469446951953614e-18,-0.013268170036553215,0.001173788719202911,0.00024219995798476293,-0.014922692229643895,2022-03-27 00:00:00+00:00,2022
1683,0.02433934823060647,-3.469446951953614e-18,-0.010127780577828642,0.002163931733675708,-0.0011867184868673795,-0.017887968083869277,2022-03-28 00:00:00+00:00,2022
1684,0.03854450262509859,0.0,-0.010195499981449786,0.0034030893184942984,-0.00014810486840758502,-0.019781623679407778,2022-03-29 00:00:00+00:00,2022
1685,-0.043418960999219845,-6.938893903907228e-18,0.017070164557378177,-0.00033165733572761147,-0.0003016027182267608,0.01607911025455875,2022-03-30 00:00:00+00:00,2022
1686,0.0027243980994591348,0.0,-0.002483488690946748,-0.0008081596209417337,-0.0012288680624426007,-0.004843480975458491,2022-03-31 00:00:00+00:00,2022
1687,-0.012716930034833077,0.0,0.0063144109557069705,-0.0008981766847821673,0.00043667813447710417,0.004768938184692305,2022-04-01 00:00:00+00:00,2022
1688,-0.1513434275602683,0.0,0.06143488643246549,-0.00014289909672554613,-4.99702179381778e-05,0.09063241294588736,2022-04-02 00:00:00+00:00,2022
1689,-0.13159047334622115,0.0,0.08566337797852525,-0.0002966493055738817,0.0004463729858228682,0.06263359994793836,2022-04-03 00:00:00+00:00,2022
1690,0.07599644569250254,1.3877787807814457e-17,-0.041240510163387145,0.00048193507114781264,0.00011453334151229067,-0.03616986691205816,2022-04-04 00:00:00+00:00,2022
1691,-0.03960111416303194,-6.938893903907228e-18,0.018588366314192556,-0.001067079271811211,-0.0001448849548745107,0.019895776676604655,2022-04-05 00:00:00+00:00,2022
1692,0.010324657269013235,-1.734723475976807e-18,-0.005151632857835991,0.000580723327706107,-0.0003482420652397931,-0.006394565178655318,2022-04-06 00:00:00+00:00,2022
1693,-0.0274285967533405,0.0,0.01555180006857336,0.0009768757964436492,-0.00014609253617351575,0.013010631181942806,2022-04-07 00:00:00+00:00,2022
1694,0.036996489916092314,-6.938893903907228e-18,-0.018507541428060797,-0.0008840753544518062,0.0022018268481495337,-0.018381938012799574,2022-04-08 00:00:00+00:00,2022
1695,0.009076931232061141,0.0,-0.004099148667447612,-0.00018551763726800535,-0.0010833647710371888,-0.006409057905739852,2022-04-09 00:00:00+00:00,2022
1696,0.07400211737706111,0.0,-0.035924059323583404,0.00049729138359908,-0.0003613602362569912,-0.05170707095905257,2022-04-10 00:00:00+00:00,2022
1697,-0.010059573711493077,0.0,0.006934043670581747,-0.0004339940636775442,-0.0001776888021025637,0.0037866208588944687,2022-04-11 00:00:00+00:00,2022
1698,0.03304322132697472,0.0,-0.016386348052839082,0.0007274396421430643,0.0006567184862121406,-0.014085016257862463,2022-04-12 00:00:00+00:00,2022
1699,-0.006527129197731996,-8.673617379884035e-19,0.0037164191189290943,0.0006450118094681401,0.0003180870244147522,7.30925319522768e-05,2022-04-13 00:00:00+00:00,2022
1700,-0.04438852897057166,0.0,0.014620911736723606,-0.0009304931706685116,-7.442938268855531e-05,0.01872535984718205,2022-04-14 00:00:00+00:00,2022
1701,0.009067611205272186,1.734723475976807e-18,-0.0029121521752002773,0.0002951548878342477,0.0009727740870951948,-0.005934725441948435,2022-04-15 00:00:00+00:00,2022
1702,-0.023273496750073557,0.0,0.009944286840387555,0.0007353573356607135,-0.0002080245254410737,0.009221944619125113,2022-04-16 00:00:00+00:00,2022
1703,0.002843659352033566,4.336808689942018e-19,0.00015895285210401101,0.0016498183286147053,7.521177317597978e-05,-0.0020924304198118764,2022-04-17 00:00:00+00:00,2022
1704,-0.013006201462867932,-1.734723475976807e-18,0.007107677190033454,0.0006047097984035032,-8.921245627792514e-05,0.0057736697084899225,2022-04-18 00:00:00+00:00,2022
1705,-0.004959528874128293,8.673617379884035e-19,0.0019910279696808047,5.1006165563485806e-05,-0.0001368276458442565,0.00208079922820541,2022-04-19 00:00:00+00:00,2022
1706,-0.06642385996305025,0.0,0.03128298734819724,0.0016020115185689937,-0.0003755391886153814,0.03245851526517792,2022-04-20 00:00:00+00:00,2022
1707,0.004523269641093719,-8.673617379884035e-19,-0.0015973306223029762,-1.4873045593514524e-05,-2.0049430118980645e-05,-0.0023182388572598107,2022-04-21 00:00:00+00:00,2022
1708,0.028532748984307358,-3.469446951953614e-18,-0.014049783846132128,0.0004743787211735524,0.0006486916288694806,-0.015026088124274948,2022-04-22 00:00:00+00:00,2022
1709,0.040229889842652786,-6.938893903907228e-18,-0.013838498867372526,0.0002780789077179713,-0.0009213601946370248,-0.019381339589841826,2022-04-23 00:00:00+00:00,2022
1710,0.00040945257108236096,5.421010862427522e-20,-0.0006826043103841662,-0.0002893032871188742,1.4257829981454816e-05,-0.0019491377073529203,2022-04-24 00:00:00+00:00,2022
1711,0.012081164367420157,0.0,-0.006230348857511717,0.0004930683464927105,-9.057861736556927e-05,-0.009450011777549396,2022-04-25 00:00:00+00:00,2022
1712,-0.014799340791309002,0.0,0.00904096819999473,-0.00016855169060183035,-0.00037915652829847643,0.007403157106814337,2022-04-26 00:00:00+00:00,2022
1713,-0.013194334568436612,0.0,0.007000225989874162,0.000696963711488769,0.00012311231307524442,0.006012868133950624,2022-04-27 00:00:00+00:00,2022
1714,-0.0074377545376413876,8.673617379884035e-19,0.005197979388731841,0.0005775953761302938,-4.523888422118365e-05,0.0024074121762341447,2022-04-28 00:00:00+00:00,2022
1715,0.030050928445206473,0.0,-0.016428591320439938,0.0004945672134910942,0.00012211547834367273,-0.016564011265589325,2022-04-29 00:00:00+00:00,2022
1716,-0.04153125157061311,-6.938893903907228e-18,0.020039450301532032,0.0016388431851495563,-0.00043547199788669666,0.0226355123165184,2022-04-30 00:00:00+00:00,2022
1717,-0.0025310706846492807,0.0,0.001434839719340302,-0.00043056077139582045,-0.00015903609833787732,0.0002598396626014368,2022-05-01 00:00:00+00:00,2022
1718,-0.0057137513283601745,8.673617379884035e-19,0.002541940568052569,6.902165792752653e-05,-2.419132964221523e-05,0.0021950898081686122,2022-05-02 00:00:00+00:00,2022
1719,-0.011752988567057344,1.734723475976807e-18,0.0071113343161600655,0.0009251463040548108,4.5188275884592774e-05,0.006115716060569173,2022-05-03 00:00:00+00:00,2022
1720,-0.029576938791373342,3.469446951953614e-18,0.01706815697651719,0.000610258967355972,0.00043181463724979025,0.01457110398452012,2022-05-04 00:00:00+00:00,2022
1721,0.06956684189973418,1.3877787807814457e-17,-0.033298228598448026,0.0001671350616013617,5.1983714529219016e-05,-0.031834687457229796,2022-05-05 00:00:00+00:00,2022
1722,-0.009144863517014021,0.0,0.0028632947766420117,0.00020489212532800484,0.0005557624138546654,0.004861737008170005,2022-05-06 00:00:00+00:00,2022
1723,0.0320436871543373,0.0,-0.01373719806092217,-0.0008421925144706244,0.0006407358485851986,-0.01638829744196963,2022-05-07 00:00:00+00:00,2022
1724,-0.0010516729551492277,-4.336808689942018e-19,-0.0003070587024141672,-0.00045120826963478003,0.0002713980354511748,-0.0004830518365818539,2022-05-08 00:00:00+00:00,2022
1725,-0.03420417118318302,6.938893903907228e-18,0.014880719861535826,-0.0006667405918082264,5.7985873962808354e-05,0.019947845409518918,2022-05-09 00:00:00+00:00,2022
1726,0.07999581405796956,0.0,-0.04470704447637383,-0.0014824439392818606,0.0026015629107758315,-0.040527626077589446,2022-05-10 00:00:00+00:00,2022
1727,0.004297332358114498,0.0,-0.0026637281810373012,-0.0005366088046438525,-0.0001273256922215563,-0.0024683707061961737,2022-05-11 00:00:00+00:00,2022
1728,-0.01466653672690244,1.734723475976807e-18,0.003369681117156723,-0.00022950505916085988,0.0001362631958466854,0.004995617015183066,2022-05-12 00:00:00+00:00,2022
1729,-0.02470206169737983,0.0,0.009630011590200207,6.392180385739535e-05,-0.0003066942202736532,0.011858163702027087,2022-05-13 00:00:00+00:00,2022
1730,0.015306048479276834,1.734723475976807e-18,-0.008606866845226272,-0.0009956394363030505,-0.00017158456376985265,-0.010119837852053452,2022-05-14 00:00:00+00:00,2022
1731,0.016293530611647775,-3.469446951953614e-18,-0.007332766292674745,-0.0004498389656089688,0.00014242382980436674,-0.010452585134416714,2022-05-15 00:00:00+00:00,2022
1732,-0.009290876155047072,0.0,0.004478825008265431,0.000725445391335228,-7.631404567790857e-05,0.004731811835725566,2022-05-16 00:00:00+00:00,2022
1733,0.018271107341825348,0.0,-0.009024237569287276,0.0009701310968256993,-0.0008390412508052052,-0.009209814417436214,2022-05-17 00:00:00+00:00,2022
1734,-0.004503362879310686,-8.673617379884035e-19,0.0021711584768625866,0.00018867872777077448,-0.00011006335574803919,-0.0009369715066404631,2022-05-18 00:00:00+00:00,2022
1735,-0.008017535369420788,0.0,0.004061502936565079,0.00045897804897702954,0.00010258335687941995,0.0012432375323995996,2022-05-19 00:00:00+00:00,2022
1736,-0.007650185798861317,1.734723475976807e-18,0.0031740378143974264,0.0009662351139305787,-0.0006791379964137421,0.0022407109254286564,2022-05-20 00:00:00+00:00,2022
1737,0.0006985424720134932,-1.0842021724855044e-19,-0.0006922832772788873,0.0005066205089665168,0.00028878588375801475,-0.0015657856213139136,2022-05-21 00:00:00+00:00,2022
1738,0.000138105190906328,-3.5236570605778894e-19,6.0009834406335205e-05,-0.00036292964843590546,0.00031290113816194736,-0.0013096331288883075,2022-05-22 00:00:00+00:00,2022
1739,-0.015214546215839874,1.734723475976807e-18,0.007772331978894103,0.0003871905861239887,-0.0005535600749198444,0.008915419794081504,2022-05-23 00:00:00+00:00,2022
1740,0.00963189021134988,0.0,-0.005905120297559158,-0.00025719814016034875,-0.00013473613817923703,-0.006899385857149025,2022-05-24 00:00:00+00:00,2022
1741,0.024960040434812886,0.0,-0.008774347695990618,0.0005635840648475915,-0.0012849192613565118,-0.01571128513887117,2022-05-25 00:00:00+00:00,2022
1742,0.017258075567392204,-3.469446951953614e-18,-0.007319322002558203,0.0004239856772304436,5.39304562233861e-07,-0.008893388943987598,2022-05-26 00:00:00+00:00,2022
1743,-0.009491659739078619,-1.734723475976807e-18,0.0036201118897627015,0.0004957306873142036,-0.0010110451327772167,0.003647859556222108,2022-05-27 00:00:00+00:00,2022
1744,-0.07170341748457688,0.0,0.030919667235468067,0.0007143912790522344,0.0006564607160660235,0.042413549717531994,2022-05-28 00:00:00+00:00,2022
1745,-0.03721164434384077,6.938893903907228e-18,0.024201435051387395,0.000116271209780687,-0.0003347596523791338,0.025207482050491413,2022-05-29 00:00:00+00:00,2022
1746,0.018857864233163688,-3.469446951953614e-18,-0.012660732380715174,0.00035913344823447144,1.542427781195052e-05,-0.012895329248935168,2022-05-30 00:00:00+00:00,2022
1747,-0.022442570405128676,0.0,0.013575938804966204,4.988236226928511e-05,6.974538037262182e-05,0.012195082470073622,2022-05-31 00:00:00+00:00,2022
1748,-0.04760566766445453,0.0,0.026044859143592988,0.0008375030402482317,0.00045375494659143784,0.023302390090914497,2022-06-01 00:00:00+00:00,2022
1749,0.039296941268138395,6.938893903907228e-18,-0.019363494546168945,0.0013143623759993284,-8.122604951341789e-05,-0.02311742946136309,2022-06-02 00:00:00+00:00,2022
1750,-0.04422593055627285,6.938893903907228e-18,0.02425711091524447,0.0005225714389978028,-0.0002208124888509258,0.022745667694701918,2022-06-03 00:00:00+00:00,2022
1751,-0.02635227472354204,0.0,0.014190475378069924,0.0003314852166842394,-0.0003126420181466562,0.015212786773002304,2022-06-04 00:00:00+00:00,2022
1752,0.01397639574148716,1.734723475976807e-18,-0.00797520695196817,-3.971485459966159e-05,-0.00020390851317496524,-0.008465652791263985,2022-06-05 00:00:00+00:00,2022
1753,0.004821115273695726,0.0,-0.0016942166494116257,0.000382888720576559,-0.0006307684516270824,-0.003198150817343656,2022-06-06 00:00:00+00:00,2022
1754,-0.07483797925741562,0.0,0.03733941789067093,-0.0015517519104846916,-0.00020509630621243224,0.049954697308662144,2022-06-07 00:00:00+00:00,2022
1755,-0.0652054965187231,1.3877787807814457e-17,0.04325545969211152,0.0012009748493608807,9.364003037801161e-05,0.041987869084527,2022-06-08 00:00:00+00:00,2022
1756,0.0157392488242431,0.0,-0.010974083728467133,0.00025888324479146976,-0.00018630648191000215,-0.00938756814591998,2022-06-09 00:00:00+00:00,2022
1757,0.01381952188175577,0.0,-0.006570764708414542,0.0009612554583233388,3.134728879759449e-05,-0.007145998901100508,2022-06-10 00:00:00+00:00,2022
1758,-0.0035057524942981146,-4.336808689942018e-19,0.0011215313672717454,0.0002496168701399317,-0.00019364812380232022,0.0002671065434458504,2022-06-11 00:00:00+00:00,2022
1759,-0.0035347222046530928,0.0,0.002129225045880315,5.763008151270493e-05,-0.00019369008467920792,0.001467904341117275,2022-06-12 00:00:00+00:00,2022
1760,-0.02968317054096281,0.0,0.015658888911271197,3.0023261376764532e-05,-0.00021550670306627606,0.018723399789859756,2022-06-13 00:00:00+00:00,2022
1761,0.018635084900831312,3.469446951953614e-18,-0.012790583072699962,0.00014624974192217408,0.0001179431645391138,-0.012432352308698496,2022-06-14 00:00:00+00:00,2022
1762,0.024143462662869784,0.0,-0.015047805518378851,-0.00017043266782861,1.4825114420736335e-05,-0.013018965227611935,2022-06-15 00:00:00+00:00,2022
1763,-0.0182057538798436,0.0,0.008173407435539005,0.00010454333843883112,-0.0005524790603888483,0.009165170705851582,2022-06-16 00:00:00+00:00,2022
1764,0.023370350580758998,3.469446951953614e-18,-0.010005951027074175,0.0004929016380750377,0.00038535730754581457,-0.010847135700192048,2022-06-17 00:00:00+00:00,2022
1765,-0.019763179393629954,0.0,0.00933002502358373,-0.0006849885437035172,0.00017798261670017718,0.008315146761814104,2022-06-18 00:00:00+00:00,2022
1766,-0.02141832100912697,-3.469446951953614e-18,0.010320308331840434,0.001036012625448588,0.0001326196710729234,0.014444512711177856,2022-06-19 00:00:00+00:00,2022
1767,0.03932045624046128,0.0,-0.022183929581101637,0.0005812711232593137,5.1574268744289387e-05,-0.018896489478988657,2022-06-20 00:00:00+00:00,2022
1768,-0.017178831322823163,-3.469446951953614e-18,0.008753271996864497,-0.0005771453619533851,0.0002480736173382306,0.009187707199008376,2022-06-21 00:00:00+00:00,2022
1769,0.0005019538760802906,2.168404344971009e-19,0.0006565852395014064,1.8559935200481966e-05,-0.000254032950659174,0.00020414539659381397,2022-06-22 00:00:00+00:00,2022
1770,-0.048160604553519136,0.0,0.01414026456777493,-0.00036679084003121004,7.0564611396248256e-06,0.02556250014206209,2022-06-23 00:00:00+00:00,2022
1771,-0.08516494165430415,-1.3877787807814457e-17,0.04270613888118453,-0.0008049423836308245,-3.583729650484535e-05,0.05020373223254629,2022-06-24 00:00:00+00:00,2022
1772,-0.030562347389873446,0.0,0.018370335065469947,0.00018846668410178388,0.0005670309991316035,0.020518845764505703,2022-06-25 00:00:00+00:00,2022
1773,0.06910636264425485,0.0,-0.05059672242581881,-0.0012057163760706424,0.0004826465896553833,-0.05401721256932243,2022-06-26 00:00:00+00:00,2022
1774,-0.059586228484316814,0.0,0.04533565068694452,5.348205163787506e-05,0.0006101565021662397,0.03545167544369794,2022-06-27 00:00:00+00:00,2022
1775,0.03002317983251779,3.469446951953614e-18,-0.01812182442705428,-0.0002109770742692134,-0.0004505248503210886,-0.01960611003588437,2022-06-28 00:00:00+00:00,2022
1776,0.025097789850877357,0.0,-0.016889305668094358,0.00012731544487021643,-0.00039371246639686996,-0.014975821383381804,2022-06-29 00:00:00+00:00,2022
1777,0.010780346517118148,0.0,-0.004573776111396671,3.615507588246129e-05,-0.00040919468034104726,-0.005834911669150131,2022-06-30 00:00:00+00:00,2022
1778,-0.011030491151957932,0.0,0.0060586964786117125,0.0004313765510042429,0.0003258506212946502,0.005317012151248862,2022-07-01 00:00:00+00:00,2022
1779,0.022669755424242564,0.0,-0.011344200213291432,0.000378538373827432,0.00166247465958487,-0.014370758635213518,2022-07-02 00:00:00+00:00,2022
1780,0.02958580465514425,0.0,-0.016560118536062533,-0.0015016278570275862,-9.670420842973482e-05,-0.017396331245068397,2022-07-03 00:00:00+00:00,2022
1781,0.02438682286850529,3.469446951953614e-18,-0.010265930574419175,0.00030044664632697393,8.090337766540612e-05,-0.01260083878441093,2022-07-04 00:00:00+00:00,2022
1782,0.047318651268519266,6.938893903907228e-18,-0.021704613181314857,-0.0007234036554043047,0.0002975894668145185,-0.020394337906544956,2022-07-05 00:00:00+00:00,2022
1783,0.001450148271155481,-4.336808689942018e-19,-0.0003739612558118911,4.6852806066626645e-05,-0.00021271165895021013,-0.0016159361746572115,2022-07-06 00:00:00+00:00,2022
1784,0.0014262400142887096,2.168404344971009e-19,-0.0008223752277241768,0.0006244230259495071,-0.0001538621013635168,-0.0020546138618760318,2022-07-07 00:00:00+00:00,2022
1785,-0.01491073252623563,-1.734723475976807e-18,0.007310386436127679,0.0008021999660174604,-0.0004684257069448323,0.009271114668343858,2022-07-08 00:00:00+00:00,2022
1786,0.03236778443341428,0.0,-0.017530912880460804,-0.0001758039249566204,-2.0032894549874836e-05,-0.01612921242355692,2022-07-09 00:00:00+00:00,2022
1787,0.0012424464670487635,2.168404344971009e-19,-0.0007607105412371667,-0.0005743233578317091,-0.0004320135293530386,-0.0015165228997079782,2022-07-10 00:00:00+00:00,2022
1788,0.011071491117922135,1.734723475976807e-18,-0.004263964238781679,-0.0003185279769794911,-0.000297694568619819,-0.00542989575692874,2022-07-11 00:00:00+00:00,2022
1789,-0.04457333994408449,0.0,0.02239131015123131,-9.502133741230018e-05,-0.0007098267473862954,0.020288329706329537,2022-07-12 00:00:00+00:00,2022
1790,-0.025064688175916672,3.469446951953614e-18,0.011576281563109372,0.00037066431191077817,-0.00010052166433777501,0.010959174679586976,2022-07-13 00:00:00+00:00,2022
1791,-0.020759769715368748,0.0,0.007932669503687725,0.00036271709862487414,-0.0006700210141189523,0.009506245964161386,2022-07-14 00:00:00+00:00,2022
1792,-0.0073454851905504865,8.673617379884035e-19,0.002829354673846281,2.9705351963601155e-05,-0.001162481040424975,0.0025348150827613283,2022-07-15 00:00:00+00:00,2022
1793,0.04988485140105089,-6.938893903907228e-18,-0.027432454817541745,0.000571595158877343,-0.0005811128430863108,-0.03213148515688373,2022-07-16 00:00:00+00:00,2022
1794,0.0064327338089545565,8.673617379884035e-19,-0.003654679246069655,0.000854828485397076,-0.0001783487355334224,-0.004367859400805977,2022-07-17 00:00:00+00:00,2022
1795,-0.02044682204723358,0.0,0.012528407619462894,0.0010046662127595023,-0.00015891929233258217,0.013295886883474085,2022-07-18 00:00:00+00:00,2022
1796,0.005492997355759144,8.673617379884035e-19,-0.004231116342762189,0.0007493693386912918,0.0006768634074954694,-0.004081469162999039,2022-07-19 00:00:00+00:00,2022
1797,-0.023463523325820763,0.0,0.01319680904249575,-0.00014612934709009803,7.275211971152773e-05,0.014897926706761197,2022-07-20 00:00:00+00:00,2022
1798,-0.020361236296594143,0.0,0.01243780007687478,-0.0001976348870414979,6.392918613953164e-05,0.010028196157249234,2022-07-21 00:00:00+00:00,2022
1799,-0.012899885264535746,1.734723475976807e-18,0.007181106270942771,0.0006119486836951831,0.0006302498515938868,0.007567818301611368,2022-07-22 00:00:00+00:00,2022
1800,-0.06405505662163098,-1.3877787807814457e-17,0.03410550755524551,0.0010762025074198406,0.00014489654395805074,0.04155588865164113,2022-07-23 00:00:00+00:00,2022
1801,-0.045177179078261055,0.0,0.02889619552199229,-0.00019861887748636592,-1.2285630871168574e-05,0.02739641558570139,2022-07-24 00:00:00+00:00,2022
1802,-0.0426290196677049,0.0,0.025396929689890105,-0.000330572275886655,-8.203282599011236e-05,0.026649270519687997,2022-07-25 00:00:00+00:00,2022
1803,-0.07242271738747756,1.3877787807814457e-17,0.04748947484295244,0.0020452654534093007,0.0010761581670763187,0.04260370740605822,2022-07-26 00:00:00+00:00,2022
1804,0.047877077013254166,0.0,-0.03160948364252161,4.2704543803687156e-05,-0.0002086372226476063,-0.02952787235892116,2022-07-27 00:00:00+00:00,2022
1805,-0.02163660308967034,0.0,0.013973904028313609,0.0008246218608174115,0.00017430990894039267,0.014332091108706604,2022-07-28 00:00:00+00:00,2022
1806,0.10205575699607532,-1.3877787807814457e-17,-0.06368264469553825,0.00043665423791026947,-0.00024002290591428055,-0.07132859081801646,2022-07-29 00:00:00+00:00,2022
1807,-0.01371409185230732,0.0,0.009602215328902812,-6.041598235683246e-05,-0.0003151030557749651,0.007583383581123138,2022-07-30 00:00:00+00:00,2022
1808,0.016981041058897972,0.0,-0.009192372767084272,-0.000510303288699436,8.258891675446897e-05,-0.011418930356278193,2022-07-31 00:00:00+00:00,2022
1809,-0.05052283344169458,0.0,0.02896270153525215,0.0012850000023214084,-1.1318149399641708e-07,0.03815960614161862,2022-08-01 00:00:00+00:00,2022
1810,0.03869704312334458,0.0,-0.029006997532282888,-0.00011047937526876411,-0.00023162868594648472,-0.025451318405672312,2022-08-02 00:00:00+00:00,2022
1811,0.012250537052750587,0.0,-0.007624184991561882,-0.00030676592705014376,6.728736985432346e-05,-0.008081933190010007,2022-08-03 00:00:00+00:00,2022
1812,-0.01943289798994859,0.0,0.011551317784057246,0.0005031784421548925,-0.0003960070476092467,0.009556057396677708,2022-08-04 00:00:00+00:00,2022
1813,-0.034598647306362786,0.0,0.01629300730849586,-0.0001782510423661357,-0.00028319094847461396,0.022768586111811026,2022-08-05 00:00:00+00:00,2022
1814,0.002777126617729664,0.0,-0.000806264811700244,0.00023043335454801415,6.502496050427454e-05,-0.0013428118992449163,2022-08-06 00:00:00+00:00,2022
1815,0.02133663184940815,0.0,-0.011076087836336282,-0.0008834427459999718,0.0004930805933911625,-0.015462732137408786,2022-08-07 00:00:00+00:00,2022
1816,0.024433324423929054,-3.469446951953614e-18,-0.015090163485841154,-0.0010493306946568852,0.001005128403269901,-0.019438143607744353,2022-08-08 00:00:00+00:00,2022
1817,0.02597593019406001,-3.469446951953614e-18,-0.01671223163656154,-0.0014252712210272474,-0.0009157625075025683,-0.01998790414449613,2022-08-09 00:00:00+00:00,2022
1818,0.018816684372723103,0.0,-0.012515109303271335,-0.001572486251622731,7.290986199963434e-05,-0.011111003263957569,2022-08-10 00:00:00+00:00,2022
1819,0.040070539650817714,-6.938893903907228e-18,-0.01757784039066218,-0.0007096417989703313,-5.226373685402602e-05,-0.024583420411029608,2022-08-11 00:00:00+00:00,2022
1820,0.013810470079382261,-1.734723475976807e-18,-0.009625861220330045,-0.0017716544920357482,7.616751106055523e-05,-0.011075225090755494,2022-08-12 00:00:00+00:00,2022
1821,0.0714918952435255,0.0,-0.04119084180646079,-0.001216273490329739,-4.07150794896477e-05,-0.0406272492173141,2022-08-13 00:00:00+00:00,2022
1822,0.006344178691506386,0.0,-0.003571248148989138,0.0006656176123683247,-0.00038039015635983695,-0.005931056012789121,2022-08-14 00:00:00+00:00,2022
1823,-0.007056720865269502,8.673617379884035e-19,0.003649171872788311,0.0012501941945260225,-2.6569522641443737e-05,0.002777592776507247,2022-08-15 00:00:00+00:00,2022
1824,-0.04863771920402845,6.938893903907228e-18,0.02949192690928483,-0.0008220087095006587,0.0007832223595719487,0.030162464762005577,2022-08-16 00:00:00+00:00,2022
1825,-0.054922413701812424,0.0,0.03509622994122544,0.0028231588408608108,0.001104474603017172,0.03624036110549746,2022-08-17 00:00:00+00:00,2022
1826,-0.010130325642724832,1.734723475976807e-18,0.006749322562764623,-0.0003012752540425042,7.423623386370627e-05,0.006290291125309036,2022-08-18 00:00:00+00:00,2022
1827,0.0029079693680008254,-8.673617379884035e-19,-0.002024610430877165,-0.00046232938803667705,-0.0003676113938030092,-0.0023508769833172445,2022-08-19 00:00:00+00:00,2022
1828,0.0021049358571569123,0.0,-0.0013878877130460749,0.0009512264535362957,0.00012949737585877695,-0.0017058071646376398,2022-08-20 00:00:00+00:00,2022
1829,-0.01753088676681121,0.0,0.00883033684756881,-7.082867737448484e-05,-0.0006451579674629747,0.011408893905310366,2022-08-21 00:00:00+00:00,2022
1830,-0.04075616163512071,6.938893903907228e-18,0.023253763507539542,-0.000692074278942037,-0.0003161158444113174,0.02617390672750876,2022-08-22 00:00:00+00:00,2022
1831,0.05071248455593983,-6.938893903907228e-18,-0.03379724185113046,0.0004123442084859111,-0.00028631899401016653,-0.03605419284188745,2022-08-23 00:00:00+00:00,2022
1832,-0.03612659312784672,0.0,0.02495419137331218,0.0006736267475689339,1.3527809270948155e-05,0.02339002392182371,2022-08-24 00:00:00+00:00,2022
1833,0.017185650455454986,-3.469446951953614e-18,-0.011432678522245764,0.00012723660431434788,-0.00018728750403852398,-0.01297430558056085,2022-08-25 00:00:00+00:00,2022
1834,-0.03023273094246785,3.469446951953614e-18,0.021965373478989067,0.0012624255404025259,6.797337322126881e-05,0.0184723416680105,2022-08-26 00:00:00+00:00,2022
1835,-0.03390263579785824,0.0,0.0193964219874206,0.0007470714090306307,0.00035892265501777376,0.018586760625426406,2022-08-27 00:00:00+00:00,2022
1836,0.010484912122289339,-1.734723475976807e-18,-0.005637936092447128,-0.0004133355789008499,0.00015426611569124317,-0.007108725397740309,2022-08-28 00:00:00+00:00,2022
1837,0.029848942533135414,0.0,-0.01710294668929914,-0.00016059641922295392,0.00010017714097432934,-0.021491263981091503,2022-08-29 00:00:00+00:00,2022
1838,0.044450550650556885,-6.938893903907228e-18,-0.03119236522716159,0.00043921680193225593,9.581629813432829e-05,-0.02906745804405685,2022-08-30 00:00:00+00:00,2022
1839,0.014139355789304404,0.0,-0.009370801342428549,-0.0007322973563624515,-0.0001445181339083234,-0.010480219688352999,2022-08-31 00:00:00+00:00,2022
1840,-0.012694343222373443,0.0,0.00732304764270607,6.760443465141097e-06,0.0008595722600324863,0.005431843780959868,2022-09-01 00:00:00+00:00,2022
1841,0.0216875045087325,3.469446951953614e-18,-0.010723977602473088,0.0003743746131319413,0.00020192209099960043,-0.011386480764755869,2022-09-02 00:00:00+00:00,2022
1842,0.021121551853199905,-3.469446951953614e-18,-0.010264726513171625,-0.0007483049926348094,1.4170057528382213e-05,-0.012314728914404383,2022-09-03 00:00:00+00:00,2022
1843,-0.006124699615059099,-8.673617379884035e-19,0.0022096820608323063,0.00023127291814582004,-0.00014258861269736064,0.0020114092761099557,2022-09-04 00:00:00+00:00,2022
1844,-0.031430722219157596,0.0,0.012395632557603557,0.00016930845303548409,-0.0001723303650646435,0.018537757417561196,2022-09-05 00:00:00+00:00,2022
1845,-0.027243998662339456,0.0,0.018223159715955253,0.0008911096602959266,0.0004209768349140615,0.01472411766061733,2022-09-06 00:00:00+00:00,2022
1846,0.02782743919582267,3.469446951953614e-18,-0.01538651096478645,0.0005099719099760265,0.0002466941408542124,-0.017631841032272597,2022-09-07 00:00:00+00:00,2022
1847,0.020861749561669314,3.469446951953614e-18,-0.01215291467331487,6.397115914495363e-05,-0.0001086667313509107,-0.014261510693510383,2022-09-08 00:00:00+00:00,2022
1848,0.04396554063127927,6.938893903907228e-18,-0.027461142958193442,0.000982536733059959,0.0008283542789403048,-0.030159800758209773,2022-09-09 00:00:00+00:00,2022
1849,0.026941365596511602,3.469446951953614e-18,-0.017879392717126474,-0.0012948712319087417,-0.0005930164765354275,-0.019937216787277175,2022-09-10 00:00:00+00:00,2022
1850,0.024429076629159337,0.0,-0.01456361871453608,0.001813855739965918,0.00030378702296606636,-0.019972103847918025,2022-09-11 00:00:00+00:00,2022
1851,-0.0242603661502219,-3.469446951953614e-18,0.018884056727787098,0.001010727144666091,-9.288278276158718e-06,0.01724404364124508,2022-09-12 00:00:00+00:00,2022
1852,0.0246239357593796,6.938893903907228e-18,-0.017568239935853706,0.0005168710565215916,-0.00024385563654515108,-0.01784545167038582,2022-09-13 00:00:00+00:00,2022
1853,0.02222251611230261,0.0,-0.01416877043807327,0.00058468691858286,2.7091627082136138e-05,-0.014491937302212975,2022-09-14 00:00:00+00:00,2022
1854,-0.017219560308606212,0.0,0.010767620310452617,0.0008707749179621277,0.0002263341186624808,0.009350576590215098,2022-09-15 00:00:00+00:00,2022
1855,0.028375896171749574,3.469446951953614e-18,-0.01558965271236127,-0.00021391935616305383,0.00011451549411593126,-0.016053853157178874,2022-09-16 00:00:00+00:00,2022
1856,0.022900762670327233,-3.469446951953614e-18,-0.011222457249417287,-0.0009329463752314089,0.0010792024333438795,-0.012930739810889403,2022-09-17 00:00:00+00:00,2022
1857,-0.020898608949171935,-3.469446951953614e-18,0.01054000382229094,-0.0002204094725873143,0.00017779605435111479,0.014473658797120488,2022-09-18 00:00:00+00:00,2022
1858,0.013705131895255044,1.734723475976807e-18,-0.010047330414780918,0.0005877704814089089,-0.0008919790928255209,-0.012142258706678491,2022-09-19 00:00:00+00:00,2022
1859,-0.046613115290696706,0.0,0.0319821267065344,-0.0006277645769686424,-0.0006089133014607687,0.024992663200059932,2022-09-20 00:00:00+00:00,2022
1860,-0.07357444345014881,-1.3877787807814457e-17,0.04016483741486134,-0.0008522056362816194,0.00036402109389548076,0.049415588987705046,2022-09-21 00:00:00+00:00,2022
1861,-0.018028708652676088,3.469446951953614e-18,0.012285291151870858,0.0004437230033322477,6.568022505003268e-07,0.011377831457145767,2022-09-22 00:00:00+00:00,2022
1862,-0.01394279465001291,-1.734723475976807e-18,0.009867484314003527,0.0012245461284342077,0.0006836126497978198,0.010029590676267575,2022-09-23 00:00:00+00:00,2022
1863,0.042027006286601123,0.0,-0.028532272611841315,0.00021956973664850887,0.0004687986980450032,-0.023986778497339264,2022-09-24 00:00:00+00:00,2022
1864,0.0006683796488177714,2.168404344971009e-19,0.0008412177910446885,-0.0005386284545354247,0.0014305853252549513,-0.001582565985419503,2022-09-25 00:00:00+00:00,2022
1865,0.027941749982184766,0.0,-0.017016544503161903,0.0003241485966250998,-0.00024763290000173396,-0.019582322490144535,2022-09-26 00:00:00+00:00,2022
1866,-0.0001340527283517938,1.111307226797642e-18,-0.001147072452579527,-0.0005530454412362119,-0.0005123131812688935,-0.0015868406070355906,2022-09-27 00:00:00+00:00,2022
1867,-0.010929461861156044,-1.734723475976807e-18,0.007999128020582712,0.0032915808043971076,-0.00017352456743773698,0.00391318126046955,2022-09-28 00:00:00+00:00,2022
1868,-0.021898705921872125,0.0,0.00945527504099127,0.0002649094080160244,-0.00038138276543499966,0.010813437095341051,2022-09-29 00:00:00+00:00,2022
1869,0.004627450598472076,-8.673617379884035e-19,-0.0022813986404308932,-0.0007096895435033364,0.00021037826995304494,-0.0041399817602287845,2022-09-30 00:00:00+00:00,2022
1870,0.03735678139781452,0.0,-0.018222038957174422,0.00156993919302377,-8.496156985637882e-05,-0.018436740764699994,2022-10-01 00:00:00+00:00,2022
1871,0.011260985703992595,0.0,-0.00462838262786973,-0.00038438146551767263,-3.815817161410481e-05,-0.005947347023469534,2022-10-02 00:00:00+00:00,2022
1872,-0.009696604381681113,1.734723475976807e-18,0.003545904282468001,0.0008867897762210985,-0.00016409522686015691,0.004990462672693137,2022-10-03 00:00:00+00:00,2022
1873,0.04604354141894435,6.938893903907228e-18,-0.027048292741415125,0.0012173489704641743,0.0005102242274702823,-0.026183835379382063,2022-10-04 00:00:00+00:00,2022
1874,-0.018302511855175622,3.469446951953614e-18,0.009593201298812033,9.243726911581027e-05,0.0003186046062655483,0.009344599185689546,2022-10-05 00:00:00+00:00,2022
1875,-0.0072479285691913805,8.673617379884035e-19,0.00454638024791169,0.0005890875524969946,0.00012262688722659149,0.0034596459081853896,2022-10-06 00:00:00+00:00,2022
1876,-0.0198662237117165,0.0,0.009104661953199715,-0.000763729898494922,5.0329124807659e-05,0.010455947979398306,2022-10-07 00:00:00+00:00,2022
1877,0.0236552379633251,3.469446951953614e-18,-0.013611364839144276,0.001619526491392933,-0.000444951928406153,-0.011703447446814567,2022-10-08 00:00:00+00:00,2022
1878,0.0054081973276640235,8.673617379884035e-19,-0.0017650486844228565,-9.990576682416662e-05,-0.0003953976305150217,-0.0036034975422560276,2022-10-09 00:00:00+00:00,2022
1879,0.04005936760651438,0.0,-0.024811418076546878,0.0011791526705136751,0.0009578267771666732,-0.029680910957626216,2022-10-10 00:00:00+00:00,2022
1880,-0.023460931840695833,0.0,0.014902750107794734,0.00026704864778914414,0.00022355668347963029,0.009706593710836271,2022-10-11 00:00:00+00:00,2022
1881,-0.004397088602969521,0.0,0.003090857283574157,0.0011481370180930475,-0.0002344819416607068,0.001460988897642711,2022-10-12 00:00:00+00:00,2022
1882,-0.0404329892836119,0.0,0.01981359425984648,0.003448484227130358,0.0020030366897460586,0.021105521840117183,2022-10-13 00:00:00+00:00,2022
1883,0.011558478129537482,0.0,-0.004611631574586715,0.0006502190215423292,0.0004129301426811418,-0.004586709006325568,2022-10-14 00:00:00+00:00,2022
1884,-0.0672683718957399,0.0,0.025122840743930445,0.001209009890865309,-0.0005100337493174067,0.029615653606131928,2022-10-15 00:00:00+00:00,2022
1885,0.005549933722144679,0.0,-0.0052852630998291876,-0.0010435517990121266,0.0006090652266785629,-0.0020618708083445193,2022-10-16 00:00:00+00:00,2022
1886,0.021111634530519185,0.0,-0.01213863045822037,-0.0003847214281285545,-4.711431363502508e-05,-0.012234719294789538,2022-10-17 00:00:00+00:00,2022
1887,0.008976280061822188,1.734723475976807e-18,-0.004432200100570634,-0.0003401974629708756,0.00016901522629650216,-0.005140680406345139,2022-10-18 00:00:00+00:00,2022
1888,0.03966183442818491,0.0,-0.015390545046036083,0.0002039891669781413,-0.0003437715775981842,-0.017425471570427762,2022-10-19 00:00:00+00:00,2022
1889,-0.0035992051425733063,-4.336808689942018e-19,-0.00038212088855870763,-0.000991930923412055,0.00021004067709683334,-0.0015004926154762433,2022-10-20 00:00:00+00:00,2022
1890,-0.046647303982784875,6.938893903907228e-18,0.01693501260968855,0.0015569441902752723,3.892805603261662e-05,0.015270858386447879,2022-10-21 00:00:00+00:00,2022
1891,-0.012960399138300042,0.0,0.005151090703619238,0.0005849392789429916,0.00039961987419665293,0.003200853198636621,2022-10-22 00:00:00+00:00,2022
1892,-0.019981636812812405,3.469446951953614e-18,0.005450356059755822,0.00046573313184724435,4.312546318686189e-05,0.009591101638441072,2022-10-23 00:00:00+00:00,2022
1893,-0.03581372624949405,-6.938893903907228e-18,0.017133459438548028,0.001697964000043399,0.0003740775616112857,0.026292715957438994,2022-10-24 00:00:00+00:00,2022
1894,-0.019399940340142502,0.0,0.013696347899116858,0.0018230172600693408,0.0005782512275368974,0.007068360190809118,2022-10-25 00:00:00+00:00,2022
1895,0.0428372721923025,0.0,-0.02019867500576383,4.0988771518528366e-05,-0.000216526924292873,-0.02083229290089072,2022-10-26 00:00:00+00:00,2022
1896,0.09798711002188384,0.0,-0.04448044740517913,0.0007094639213287152,-0.000519125743641824,-0.04231058913799271,2022-10-27 00:00:00+00:00,2022
1897,0.006899267277389607,-8.673617379884035e-19,-0.002261207882427333,-0.0006492824596745763,0.0007555918756003473,-0.003924529342113132,2022-10-28 00:00:00+00:00,2022
1898,0.011102881381120632,0.0,-0.002646249789991976,-0.0005543464506041571,0.00014089253091886626,-0.006103762863135152,2022-10-29 00:00:00+00:00,2022
1899,0.035268934000106084,0.0,-0.009776753118766909,0.00082508515390705,-0.00018695366931355262,-0.02248597902886921,2022-10-30 00:00:00+00:00,2022
1900,0.044901331896504394,6.938893903907228e-18,-0.025382376731218115,-0.0009197827314502208,-0.0009282797632577042,-0.024427158434136793,2022-10-31 00:00:00+00:00,2022
1901,0.0431326359668106,-6.938893903907228e-18,-0.020743770619107284,0.0009628495457693897,0.0003128581919822973,-0.01876511083432122,2022-11-01 00:00:00+00:00,2022
1902,-0.02274153756086158,3.469446951953614e-18,0.009279633582398535,0.0010205465560431531,0.00033793469788042513,0.0065166894707126485,2022-11-02 00:00:00+00:00,2022
1903,-0.05024585238209477,6.938893903907228e-18,0.020197918087167668,0.0005838313938507089,0.0005821458179139719,0.014542833608440685,2022-11-03 00:00:00+00:00,2022
1904,-0.020518232590307002,0.0,0.007880959679513745,0.0012398742491722334,-0.0001502688985664316,0.004059871494597654,2022-11-04 00:00:00+00:00,2022
1905,0.05151400995002222,0.0,-0.017128842720636077,-0.002030712132026942,0.0009356437042156787,-0.026879658529399424,2022-11-05 00:00:00+00:00,2022
1906,0.07066260664551346,0.0,-0.033676200235098576,-0.00040220092200088375,1.3566487560012774e-06,-0.047693162897183144,2022-11-06 00:00:00+00:00,2022
1907,-0.03391395674811469,0.0,0.02040739105001111,0.0008309120246659321,-0.0022813958648345845,0.015791169062237865,2022-11-07 00:00:00+00:00,2022
1908,0.07547062509274356,-1.3877787807814457e-17,-0.04628855310009613,0.0024407542562452506,4.7310292056568226e-05,-0.04484696006918154,2022-11-08 00:00:00+00:00,2022
1909,-0.02131267546345948,0.0,0.011126835356915915,0.0008974681540659078,-0.00018807992086183542,0.006407493827771598,2022-11-09 00:00:00+00:00,2022
1910,-0.034419557089528076,-6.938893903907228e-18,0.012996103413285616,0.00013143464910671948,3.083612420577003e-05,0.013888303747796552,2022-11-10 00:00:00+00:00,2022
1911,0.057192267564238695,0.0,-0.026339485306373957,-3.73597102098569e-05,0.00046738443481774555,-0.03214183175073501,2022-11-11 00:00:00+00:00,2022
1912,0.033201890016989734,-6.938893903907228e-18,-0.015104852123587503,0.0019501191150869401,-0.0005520397872733826,-0.021791185222455108,2022-11-12 00:00:00+00:00,2022
1913,0.08046640258617502,0.0,-0.035466792146349874,0.0007199169767872493,0.0002817931481677305,-0.048717090557270415,2022-11-13 00:00:00+00:00,2022
1914,0.048672014443331926,0.0,-0.025116284622496182,0.001495960085703546,0.000743187482441697,-0.032843633128006616,2022-11-14 00:00:00+00:00,2022
1915,-0.018183647009430738,0.0,0.012211566916998366,0.0013121056606728645,-0.00025707954879405914,0.006452483745877853,2022-11-15 00:00:00+00:00,2022
1916,-0.012240634708808212,1.734723475976807e-18,0.005994323765604776,0.0009851142750206526,-0.0005316138585118643,0.0062180850998443055,2022-11-16 00:00:00+00:00,2022
1917,0.05832807727591701,0.0,-0.02377983367811206,0.002022528381463433,-0.00042680143518491337,-0.022254662728308262,2022-11-17 00:00:00+00:00,2022
1918,-0.0008795419067302078,2.168404344971009e-19,0.0014445544483304184,-0.00020258760975533515,7.127020861242856e-05,-0.0012960254004795613,2022-11-18 00:00:00+00:00,2022
1919,0.03826749673549165,0.0,-0.013745603233408656,-0.001192969321601768,-0.00023218662196732714,-0.022833689629892885,2022-11-19 00:00:00+00:00,2022
1920,0.03951960045193869,-6.938893903907228e-18,-0.015006697905717584,0.0002444195287346143,0.000751887345287576,-0.030929294708436396,2022-11-20 00:00:00+00:00,2022
1921,0.013313734342181494,-1.734723475976807e-18,-0.0063180506470199155,0.0009784353847403417,-0.0004094418560386427,-0.009518749030337743,2022-11-21 00:00:00+00:00,2022
1922,0.036078986982819895,0.0,-0.018321012836331453,-0.0013949814542004516,-0.00010440439093952619,-0.02481314269067534,2022-11-22 00:00:00+00:00,2022
1923,0.09068280109699736,1.3877787807814457e-17,-0.04352497177625622,0.0005154506561256544,0.00016262251529924887,-0.0557315310644155,2022-11-23 00:00:00+00:00,2022
1924,0.01442407520990523,0.0,-0.004402585004681674,0.0026567162897612115,0.0012150537050623599,-0.008432191704198618,2022-11-24 00:00:00+00:00,2022
1925,-0.005523090955441591,0.0,0.004506687806838503,0.0017833062372110365,0.0007561272246850237,-0.004888930661468485,2022-11-25 00:00:00+00:00,2022
1926,0.03833015822859668,6.938893903907228e-18,-0.007210527655269052,0.0014097089190627868,-8.209548470660549e-05,-0.016055340099391212,2022-11-26 00:00:00+00:00,2022
1927,-0.007715609023179957,8.673617379884035e-19,0.0022772014442226053,-0.0004961404579785942,0.0008849107987490808,0.0014305987834094726,2022-11-27 00:00:00+00:00,2022
1928,0.02533056338628133,3.469446951953614e-18,-0.0048583689829074135,0.0001214099755845778,0.0005947277618528445,-0.017948812149774035,2022-11-28 00:00:00+00:00,2022
1929,-0.16939073674893254,2.7755575615628914e-17,0.0678395769686822,-6.565591326540554e-05,0.0017160891381397259,0.09880596677823672,2022-11-29 00:00:00+00:00,2022
1930,-0.023507506616653934,0.0,0.014130234196241525,-0.0003287996211925187,-0.00023938486864998054,0.01221713624351866,2022-11-30 00:00:00+00:00,2022
1931,0.08063533293303624,0.0,-0.04542571684851816,-0.0006679240883580989,0.0003980509015738404,-0.03869369311783881,2022-12-01 00:00:00+00:00,2022
1932,0.026230963822957632,3.469446951953614e-18,-0.011707387615799519,0.00037792785159058637,-0.0007209749485354265,-0.01710911014629537,2022-12-02 00:00:00+00:00,2022
1933,0.008041839766246017,1.734723475976807e-18,-0.0009030900040578934,0.0017048880277770358,-0.0016302347352742785,-0.009335251201210806,2022-12-03 00:00:00+00:00,2022
1934,-0.04008545638412558,-6.938893903907228e-18,0.016384195158305085,0.0009405554314968895,-0.00019790622294595106,0.023741996204056655,2022-12-04 00:00:00+00:00,2022
1935,0.01607585081490137,3.469446951953614e-18,-0.007775527065842731,0.0008616991467921137,0.0006450517649186152,-0.008354161739951073,2022-12-05 00:00:00+00:00,2022
1936,-0.020343084809600665,-3.469446951953614e-18,0.011952926230250911,0.0014928880060160882,-0.00016031992721855445,0.007859357352976902,2022-12-06 00:00:00+00:00,2022
1937,-0.051686211298870785,0.0,0.020374515205196127,0.00024723139249394066,-0.0002913189810347522,0.02339995817175523,2022-12-07 00:00:00+00:00,2022
1938,-0.08948694313726117,0.0,0.041416721861582954,-0.0005472306416992728,-0.0006662563748106171,0.04233194807387699,2022-12-08 00:00:00+00:00,2022
1939,-0.06782778777101989,0.0,0.034526879168596356,-0.0007572524852546281,-0.00025991895413640664,0.029687616864461946,2022-12-09 00:00:00+00:00,2022
1940,0.03640477183044598,0.0,-0.017210715825502005,-0.00012185146480919729,0.000923770607218849,-0.019259634620304413,2022-12-10 00:00:00+00:00,2022
1941,-0.03652031383206768,0.0,0.018151817907120886,-0.0037412784743485056,0.0011652010444240662,0.020334059873158956,2022-12-11 00:00:00+00:00,2022
1942,0.008105221294587659,0.0,-0.003365543743903354,0.0024356760110987793,0.0007128901935145177,-0.004627994536737841,2022-12-12 00:00:00+00:00,2022
1943,0.0644616215459762,0.0,-0.023240189096464164,0.0013441714882149736,-0.0006468941609798218,-0.03948518630742254,2022-12-13 00:00:00+00:00,2022
1944,0.03416349907075205,6.938893903907228e-18,-0.01535516552300896,-0.0004593426368705647,0.0015538824608959875,-0.01533839763147855,2022-12-14 00:00:00+00:00,2022
1945,-0.013458338917278852,-1.734723475976807e-18,0.006170079286887773,0.00013173254558617765,-0.0007660871309768582,0.005643926924932494,2022-12-15 00:00:00+00:00,2022
1946,-0.057977376088418596,0.0,0.029254147798086085,0.0007808321979045837,-0.0004938565358968139,0.02786693400707075,2022-12-16 00:00:00+00:00,2022
1947,0.01029921815695007,0.0,-0.005053545803005969,-0.0009657928882009434,0.000822199799417403,-0.006732526737694521,2022-12-17 00:00:00+00:00,2022
1948,0.04576614859339955,0.0,-0.015406349013592571,0.001648003563450337,0.00021941803174582025,-0.02859398627081121,2022-12-18 00:00:00+00:00,2022
1949,-0.03926517272907528,6.938893903907228e-18,0.022613969800811606,0.0019444225035838703,-0.0002636143736199151,0.018416691944070127,2022-12-19 00:00:00+00:00,2022
1950,-0.010780504492462659,0.0,0.005328434579957783,0.0005433108670822393,0.0005595507976903797,0.0029861588689789184,2022-12-20 00:00:00+00:00,2022
1951,-0.013351659305760117,0.0,0.004686925086052528,-0.000374241549711456,-0.0001414956315646601,0.0035421120680455935,2022-12-21 00:00:00+00:00,2022
1952,0.035327328033134583,6.938893903907228e-18,-0.014202842485883715,-0.0002481478735057996,-0.00011141136939141899,-0.02121304664936615,2022-12-22 00:00:00+00:00,2022
1953,0.02061689453698247,-3.469446951953614e-18,-0.00790320291771852,0.0010881159396416845,5.0795321604762966e-05,-0.006763662360472839,2022-12-23 00:00:00+00:00,2022
1954,0.0498930323319357,-6.938893903907228e-18,-0.012671321013621846,0.0007029524024438003,1.6762075882338634e-05,-0.025269744687378033,2022-12-24 00:00:00+00:00,2022
1955,0.001317625814448289,-2.168404344971009e-19,-0.00039132227207553587,0.00010496446158793989,0.00018878649295663648,-0.002856692162219912,2022-12-25 00:00:00+00:00,2022
1956,0.007894713044817982,-1.734723475976807e-18,-0.0026501272980569996,0.00013259315632981744,-8.50197395595876e-05,-0.006636004427724933,2022-12-26 00:00:00+00:00,2022
1957,0.008740582752748917,0.0,-0.003628159103399531,0.0004328778036180713,-0.00032343196845897523,-0.005517622246810548,2022-12-27 00:00:00+00:00,2022
1958,-0.09075066854393547,1.3877787807814457e-17,0.030499860978816976,-0.00042612316757210944,6.851128875680346e-05,0.03541970151334704,2022-12-28 00:00:00+00:00,2022
1959,-0.029840131600697834,0.0,0.013354148070568447,0.0003753204452754781,0.00012031788558605067,0.018323470841264945,2022-12-29 00:00:00+00:00,2022
1960,-0.018257260973987683,0.0,0.01110662803513958,-0.001813558881367177,0.00014831536121783298,0.009114079832583022,2022-12-30 00:00:00+00:00,2022
1961,0.022388525673600494,0.0,-0.011748461831543265,0.0007932729902164967,-0.0003594513325209381,-0.013284973656164448,2022-12-31 00:00:00+00:00,2022
1962,-0.0037139569475351138,0.0,0.002051243088842627,-0.0004676137628336092,-0.0004355285337045607,-6.998019889353562e-05,2023-01-01 00:00:00+00:00,2023
1963,-0.023378923942482536,-3.469446951953614e-18,0.01042530392178857,0.0009045129458958752,-0.0006054003670893301,0.011217246752877396,2023-01-02 00:00:00+00:00,2023
1964,-0.029085337460696043,-3.469446951953614e-18,0.015356862549434394,0.0009525222424006628,-0.00033638760716951654,0.014392413267240941,2023-01-03 00:00:00+00:00,2023
1965,0.038664743468001646,6.938893903907228e-18,-0.019298015698793067,-3.375184604147846e-05,-0.00012380365482104333,-0.018982184078678428,2023-01-04 00:00:00+00:00,2023
1966,0.05247928644274617,0.0,-0.02305846464824294,-0.0007845476008875446,1.9430258384411925e-05,-0.027683694173001025,2023-01-05 00:00:00+00:00,2023
1967,-0.016970596470675624,-6.938893903907228e-18,0.007832784928615472,-0.0008993652475007725,0.000171630257575852,0.0069268545399871866,2023-01-06 00:00:00+00:00,2023
1968,0.0623378458913866,6.938893903907228e-18,-0.029139119354362197,-0.0002486176000890891,-0.0006497443806315825,-0.02962590855232989,2023-01-07 00:00:00+00:00,2023
1969,-0.06815136625216557,-1.3877787807814457e-17,0.028097851487601203,0.0005059553716151022,0.00015776256312666215,0.030833037052530952,2023-01-08 00:00:00+00:00,2023
1970,-0.08728590902391371,1.3877787807814457e-17,0.0396520765213207,-0.0007308660040049458,-0.0005869655765812914,0.048592071984994975,2023-01-09 00:00:00+00:00,2023
1971,0.005714994537961352,1.734723475976807e-18,-0.0026687757451582987,0.0006680470586966619,-0.0004075855332453301,-0.003216638492072766,2023-01-10 00:00:00+00:00,2023
1972,0.021698395191635217,0.0,-0.011159824026762449,0.00026660155205641273,0.00015628045279612174,-0.010335443075390256,2023-01-11 00:00:00+00:00,2023
1973,-0.017200901613130676,0.0,0.006042646998336457,-0.00012754081855756091,0.0009661082639065115,0.005230217537781683,2023-01-12 00:00:00+00:00,2023
1974,-0.010326253843831491,-1.734723475976807e-18,0.006073650821448665,0.001928520850028561,-4.975963850169761e-05,0.005624089469173852,2023-01-13 00:00:00+00:00,2023
1975,-0.028188832841076695,-3.469446951953614e-18,0.011727278775440875,-0.0003801726297998388,-0.0006728971059024556,0.013373282120271687,2023-01-14 00:00:00+00:00,2023
1976,0.020210430844799503,0.0,-0.010100731873680067,0.0002246286830121201,0.0004486860234608689,-0.014280559105754188,2023-01-15 00:00:00+00:00,2023
1977,-0.013924412019960173,-1.734723475976807e-18,0.007228738495716723,0.0006549967721047809,-0.00017037715753938712,0.009917972723580488,2023-01-16 00:00:00+00:00,2023
1978,-0.02413628782544817,-3.469446951953614e-18,0.016766868116914475,-7.309837242417891e-05,-5.462570312553955e-05,0.012643639893786222,2023-01-17 00:00:00+00:00,2023
1979,-0.0560533080127213,-2.0816681711721685e-17,0.035505905281180763,0.000871108228791842,-8.812369117478652e-05,0.0305253910384278,2023-01-18 00:00:00+00:00,2023
1980,0.03438649367500138,0.0,-0.019458054451207674,0.000428635503948685,0.0003060049325277203,-0.022309668169679102,2023-01-19 00:00:00+00:00,2023
1981,0.036717806871120744,6.938893903907228e-18,-0.02096378236281572,-0.0007078299440266417,0.0005441598057748728,-0.023771721606239034,2023-01-20 00:00:00+00:00,2023
1982,-0.0037410727569035123,0.0,0.0018543180326556833,-3.3166852646021334e-05,0.0005441707248202417,-2.2924261424887935e-05,2023-01-21 00:00:00+00:00,2023
1983,-0.057893802831461144,0.0,0.022073541976340774,-0.000174440101428322,0.00043517347007509394,0.03338880049469774,2023-01-22 00:00:00+00:00,2023
1984,-0.12524267343374398,-2.7755575615628914e-17,0.07958784826706303,0.0025654146286137464,0.0005492251337992637,0.08473829569742816,2023-01-23 00:00:00+00:00,2023
1985,0.03698461822101048,6.938893903907228e-18,-0.025033774174653783,-0.0009982139731196174,0.0012747011331600624,-0.02276123525155493,2023-01-24 00:00:00+00:00,2023
1986,-0.055201208525961575,-6.938893903907228e-18,0.03676388161838885,-2.3572444872235754e-06,-0.00023887977200590105,0.025560749821028614,2023-01-25 00:00:00+00:00,2023
1987,-0.016851830940980177,0.0,0.009850307198039362,0.00010576550568922038,-0.00039872119025569086,0.009172505333858806,2023-01-26 00:00:00+00:00,2023
1988,-0.04045309404750447,0.0,0.020455395760417276,-0.0002618448002213031,0.0001005325616177527,0.02553466558291808,2023-01-27 00:00:00+00:00,2023
1989,0.004958398067034208,0.0,-0.003495856067726785,0.000229923251086994,-0.000449246552585607,-0.0036274215102666202,2023-01-28 00:00:00+00:00,2023
1990,0.04478237687886416,0.0,-0.025598800415986982,0.000614658127888558,-0.0004255435192628762,-0.028541368318155954,2023-01-29 00:00:00+00:00,2023
1991,-0.00829748727463104,-1.734723475976807e-18,0.005574303719782684,0.0004531359716388496,-3.769755730868504e-05,0.00581126657202912,2023-01-30 00:00:00+00:00,2023
1992,0.032006590405880414,0.0,-0.021457704054131964,0.0004291889434080154,0.0008129597968130273,-0.02422001015514124,2023-01-31 00:00:00+00:00,2023
1993,-0.004288057266677941,8.673617379884035e-19,0.0033333373994449585,0.00021221254823196225,-0.00011977405851814043,0.00286287368056009,2023-02-01 00:00:00+00:00,2023
1994,0.058973888556162514,6.938893903907228e-18,-0.04524909203387022,-0.0011581656476270588,-0.0004281051496996882,-0.04065559765899372,2023-02-02 00:00:00+00:00,2023
1995,-0.026148854368958026,3.469446951953614e-18,0.017993157128702683,0.002254572229298542,4.109265655075425e-05,0.01665315415786009,2023-02-03 00:00:00+00:00,2023
1996,0.02582934218875611,0.0,-0.014312302243255894,9.42930804111071e-05,0.001174110192831885,-0.019213697384895947,2023-02-04 00:00:00+00:00,2023
1997,-0.017713570463064626,0.0,0.00956380996456744,0.0004619001666010675,-0.0008664873709307089,0.01392750409114217,2023-02-05 00:00:00+00:00,2023
1998,-0.0022937240521552155,-4.336808689942018e-19,0.001791736880505164,0.0003414726797411815,0.00092440088373106,0.0008709269993826868,2023-02-06 00:00:00+00:00,2023
1999,-0.0076493024826049805,0.0,0.006080729043244134,3.269174639939677e-05,0.0011686862857056921,0.006218935795392821,2023-02-07 00:00:00+00:00,2023
2000,-0.040533736595132736,0.0,0.03038226497648213,-2.5450296796972194e-05,-0.0009061351488154901,0.02593251647553512,2023-02-08 00:00:00+00:00,2023
2001,0.013032832198380107,0.0,-0.007737956779324536,0.000751728055774609,-0.0004904018567207357,-0.006854567141320497,2023-02-09 00:00:00+00:00,2023
2002,0.028671139511614215,0.0,-0.014339620998382662,-0.00013811665853431104,0.00023190237391963395,-0.013287381325143406,2023-02-10 00:00:00+00:00,2023
2003,-0.03526600026294013,0.0,0.013727046048986481,-0.0001635120572964846,-9.348006119030278e-05,0.01805283059532327,2023-02-11 00:00:00+00:00,2023
2004,0.039898694878783676,-6.938893903907228e-18,-0.020382494772354064,0.0006456150497629043,0.00048357382695982803,-0.024247975389276106,2023-02-12 00:00:00+00:00,2023
2005,-0.015214227510420657,0.0,0.010257257104400373,-2.5748750655179425e-05,-0.0007882252930519994,0.010798974309309874,2023-02-13 00:00:00+00:00,2023
2006,-0.10520486924901355,1.3877787807814457e-17,0.07221111737871169,0.0008163539643552681,-0.0006064356280518907,0.06612050274949961,2023-02-14 00:00:00+00:00,2023
2007,0.017487251891770177,0.0,-0.011508763150052847,0.0006471940844161549,-0.00011821098268427477,-0.009397304052767372,2023-02-15 00:00:00+00:00,2023
2008,-0.0007127296991188433,-1.0842021724855044e-19,-0.00010615687635957393,-0.0006750814450527566,-4.231075980093142e-05,-0.00022959902655629637,2023-02-16 00:00:00+00:00,2023
2009,0.008377057547009858,0.0,-0.0036806211245582416,0.0005739676679195633,-0.0005705851506502676,-0.004724669178476783,2023-02-17 00:00:00+00:00,2023
2010,-0.0022184405912900104,-4.336808689942018e-19,0.0008250778435838228,4.2985595969570294e-05,-1.5907902118211196e-05,-0.000283121741885114,2023-02-18 00:00:00+00:00,2023
2011,-0.00842365639169789,0.0,0.0035240754020527693,-0.0005230435820614068,8.915050904844714e-05,0.00522637397559475,2023-02-19 00:00:00+00:00,2023
2012,0.09153820848997744,1.3877787807814457e-17,-0.05972207178778284,-0.0007102575191501592,-0.0006814304237112018,-0.05135235694261865,2023-02-20 00:00:00+00:00,2023
2013,-0.12370320405374026,0.0,0.06443024699355981,0.003620245873774214,0.0012920336870409638,0.07700220838724914,2023-02-21 00:00:00+00:00,2023
2014,-0.02268449287840774,0.0,0.01536649210071835,-0.00038057448373277764,0.0006763243226177891,0.014067240530102929,2023-02-22 00:00:00+00:00,2023
2015,0.03294379817706913,0.0,-0.01959222624825693,-0.00044651795010637596,0.0005930521750108428,-0.02089411774258523,2023-02-23 00:00:00+00:00,2023
2016,-0.016450208325625798,0.0,0.00982594566997467,0.0009528618936691866,0.0002230558764451697,0.010022940804054362,2023-02-24 00:00:00+00:00,2023
2017,-0.01261379132723675,0.0,0.007855654824866444,0.00015425878073105012,1.1796763047869363e-05,0.006672234478739323,2023-02-25 00:00:00+00:00,2023
2018,-0.011204613320654332,0.0,0.007253022074971352,8.129882552407146e-05,0.0005039354897775922,0.006161057884504698,2023-02-26 00:00:00+00:00,2023
2019,-0.0874398946762085,-1.3877787807814457e-17,0.05305221053977477,-0.0012672841143259173,0.0007681142565688082,0.07042365581383087,2023-02-27 00:00:00+00:00,2023
2020,-0.035826347393696535,6.938893903907228e-18,0.0294022516596447,-0.0019053696114465016,0.0006832627344123821,0.02537310003768245,2023-02-28 00:00:00+00:00,2023
2021,0.04239759898052535,0.0,-0.029983979551804783,-0.00033511941692430935,0.0001082796896574173,-0.029413097240165074,2023-03-01 00:00:00+00:00,2023
2022,0.015545127445093081,0.0,-0.010387876456533749,0.00039973549676608315,0.0001332144657196204,-0.011064901884220255,2023-03-02 00:00:00+00:00,2023
2023,-0.012254590095754442,0.0,0.00871450654692395,-0.00021207560242736748,-0.00022790636325578303,0.004661161180872829,2023-03-03 00:00:00+00:00,2023
2024,0.03230000874183697,0.0,-0.014026883085201655,0.0013660463653089247,0.0007924507985379303,-0.017147184799651778,2023-03-04 00:00:00+00:00,2023
2025,0.020338639533719536,3.469446951953614e-18,-0.009093704175019392,-0.00030273125137006765,0.0003895801862583044,-0.013617242954960631,2023-03-05 00:00:00+00:00,2023
2026,-0.0399567761234731,0.0,0.022364922347412358,-0.00015931704460740714,-8.951855419527671e-05,0.029665050314509153,2023-03-06 00:00:00+00:00,2023
2027,0.05072050787217124,6.938893903907228e-18,-0.03790590256186137,0.0005464824272247218,-9.663202353021177e-05,-0.033663664425495954,2023-03-07 00:00:00+00:00,2023
2028,-0.008151781625587847,-1.734723475976807e-18,0.005911395545775231,0.00046152434771836934,0.00015754357269816104,0.004995239297072742,2023-03-08 00:00:00+00:00,2023
2029,0.03260350926628326,0.0,-0.02014161416100477,0.0014960500850926123,0.0003817928257483852,-0.01910877671974605,2023-03-09 00:00:00+00:00,2023
2030,-0.026036234874299118,-3.469446951953614e-18,0.014121698888356609,0.0007195006420339239,1.181290344174496e-05,0.010258115826216316,2023-03-10 00:00:00+00:00,2023
2031,-0.014562674740839271,-1.734723475976807e-18,0.006400830441913263,5.7767261356421115e-05,-0.0010418969466049598,0.00840137343908569,2023-03-11 00:00:00+00:00,2023
2032,0.014961982239558044,1.734723475976807e-18,-0.007208380421654143,0.0004739412523263216,-0.00012794852403860517,-0.011401083717601915,2023-03-12 00:00:00+00:00,2023
2033,-0.004355440925619456,8.673617379884035e-19,0.003877962510318445,0.0011254843973128922,-0.00184798887177293,0.003250381207187971,2023-03-13 00:00:00+00:00,2023
2034,0.037090509630448326,0.0,-0.022410471085621664,0.00033614163669952457,-5.3865434987310223e-05,-0.021213432304397973,2023-03-14 00:00:00+00:00,2023
2035,0.01018275795036188,0.0,-0.00589376358526348,-0.0003763747150324105,-0.00015263565393477951,-0.006847167395729774,2023-03-15 00:00:00+00:00,2023
2036,-0.012513742766566782,0.0,0.0059840929345021995,-0.0005033304342300041,0.0002844610758061094,0.006975205279633882,2023-03-16 00:00:00+00:00,2023
2037,-0.0030052005911672583,-4.336808689942018e-19,0.003256099134548301,0.0004947693190950142,-0.0005292896904144505,0.0030451180007906487,2023-03-17 00:00:00+00:00,2023
2038,-0.06354778368821305,1.3877787807814457e-17,0.03002343204059292,-0.00010227505405698001,-0.0002500839839210539,0.03525870942380724,2023-03-18 00:00:00+00:00,2023
2039,-0.041029004233606746,-6.938893903907228e-18,0.024080456788391484,-0.0007822578707451025,-0.0004576147375132608,0.02876140673781882,2023-03-19 00:00:00+00:00,2023
2040,0.004339189676756269,0.0,-0.0034617379815749744,8.167868342951867e-05,-0.0003610321526454725,-0.0032986461544886663,2023-03-20 00:00:00+00:00,2023
2041,-0.004852930481514234,-8.673617379884035e-19,0.002609574877564644,-0.00021896100729206728,0.00024251037095128578,0.002807710956993382,2023-03-21 00:00:00+00:00,2023
2042,0.006401890784167172,-8.673617379884035e-19,-0.002554752241275266,0.001930430608438903,-0.0005218399093933962,-0.002859780574621931,2023-03-22 00:00:00+00:00,2023
2043,-0.06818556484211696,0.0,0.0418243628734175,0.0003524104580838461,-0.0006532183999192198,0.04224570838298834,2023-03-23 00:00:00+00:00,2023
2044,-0.002087287688523196,4.336808689942018e-19,0.0008924691449945863,-0.0016438835434801485,-0.0005597077862266285,0.0038189805275114968,2023-03-24 00:00:00+00:00,2023
2045,0.004271949944871195,8.673617379884035e-19,-0.002124734613273132,-6.176933652931194e-05,-0.0003446386726050797,-0.0026550995646656165,2023-03-25 00:00:00+00:00,2023
2046,-0.00573907775825329,0.0,0.00263276866827385,-0.0001697721978163088,0.000836005233034209,0.0028245092957906014,2023-03-26 00:00:00+00:00,2023
2047,-0.09257529123445575,0.0,0.061895192157262746,-0.0013928814272676365,-0.00020978707324804946,0.06729641537257308,2023-03-27 00:00:00+00:00,2023
2048,0.022793924540616153,3.469446951953614e-18,-0.017033363214928827,-0.00014472211195606238,0.002712440080200596,-0.015203632299452666,2023-03-28 00:00:00+00:00,2023
2049,-0.051457255074147425,-6.938893903907228e-18,0.03365389921477549,-0.0009380019106707063,-0.00035994454126689335,0.04577397433072416,2023-03-29 00:00:00+00:00,2023
2050,0.11025619540321693,0.0,-0.09466687335173918,-0.0005875850817257944,0.0007645735636196832,-0.08802184527046572,2023-03-30 00:00:00+00:00,2023
2051,-0.039831458182817095,0.0,0.03205122824643937,0.0006026000777345081,-0.0002471407236783463,0.027107910498856025,2023-03-31 00:00:00+00:00,2023
2052,0.025368764159384737,0.0,-0.014571227665610146,0.0002370333743140149,7.345650451912045e-05,-0.015476427586956772,2023-04-01 00:00:00+00:00,2023
2053,0.036246245161870895,-6.938893903907228e-18,-0.021472479316061253,3.695971789615532e-05,-0.00021030281821125124,-0.026583347611136073,2023-04-02 00:00:00+00:00,2023
2054,-0.05576059590564685,6.938893903907228e-18,0.038925582921747956,0.0002892833282363283,0.002602373108934637,0.043458901675371524,2023-04-03 00:00:00+00:00,2023
2055,-0.0014425660117288654,2.168404344971009e-19,0.002709502969757286,0.0024034070243944164,-0.0022487627974354337,0.002196507917257716,2023-04-04 00:00:00+00:00,2023
2056,-0.009990290309605973,1.734723475976807e-18,0.005103745111243489,0.00014089302330334667,0.0003351568555962966,0.004368654900651366,2023-04-05 00:00:00+00:00,2023
2057,0.006882158984914857,0.0,-0.003983133610450534,-0.0009765599585617509,0.00018981134723925971,-0.007337437334199599,2023-04-06 00:00:00+00:00,2023
2058,0.009181465321814108,-1.734723475976807e-18,-0.004892047743607733,0.0015004384000307635,2.475612419028557e-05,-0.005079057362321331,2023-04-07 00:00:00+00:00,2023
2059,0.022491654805969773,0.0,-0.012281724917564647,0.0003005211711979601,0.0009696576187421396,-0.018162463727352744,2023-04-08 00:00:00+00:00,2023
2060,0.029793363914155123,0.0,-0.018149999931429586,-0.0004640881475074382,0.000621494545424886,-0.021516178086992202,2023-04-09 00:00:00+00:00,2023
2061,0.016464091532411632,0.0,-0.01441902363906442,-0.0029189278476836247,0.0007250927036978154,-0.015704557654772994,2023-04-10 00:00:00+00:00,2023
2062,0.001575799016227499,-1.3010426069826053e-18,0.0002386202790480487,0.0021547827973863007,1.5285398533458052e-05,-0.0006534089837759798,2023-04-11 00:00:00+00:00,2023
2063,0.059223076753449025,-6.938893903907228e-18,-0.03138196819834217,-0.0014668619749853978,0.0011565394967542678,-0.03885925672059633,2023-04-12 00:00:00+00:00,2023
2064,0.015420861760078118,1.734723475976807e-18,-0.008488197750922806,0.0015908655938153462,0.0015804146477449658,-0.009674260063087192,2023-04-13 00:00:00+00:00,2023
2065,0.02408928550474825,3.469446951953614e-18,-0.015249542210107006,-0.0008895433557460294,-8.254953610309021e-05,-0.020434685918815684,2023-04-14 00:00:00+00:00,2023
2066,0.02144805904020343,0.0,-0.016351435925606658,-0.0013421767326514157,-0.0006920250500504696,-0.014568605267016886,2023-04-15 00:00:00+00:00,2023
2067,0.018263768731502063,0.0,-0.010614146191732784,0.0001205649387900666,-0.0006676234211138166,-0.014242715272981767,2023-04-16 00:00:00+00:00,2023
2068,-0.036638681651556,6.938893903907228e-18,0.023584651666011834,0.0003624795059854538,-0.0008518414631894927,0.026115442030482598,2023-04-17 00:00:00+00:00,2023
2069,0.019528354817663716,0.0,-0.013059815401382915,0.0019568157066089283,-5.637310433214207e-05,-0.013965261042016347,2023-04-18 00:00:00+00:00,2023
2070,-0.02294920515595821,0.0,0.016353012632319183,5.1426737782887116e-05,-0.00031331371249217546,0.015573037747925532,2023-04-19 00:00:00+00:00,2023
2071,0.019545697329337138,-3.469446951953614e-18,-0.016295853418878754,-0.0002170784002016278,-9.7442497661724e-05,-0.01546866085302379,2023-04-20 00:00:00+00:00,2023
2072,0.008495761985667268,-1.734723475976807e-18,-0.002855083890110518,0.00191353864065405,0.0005007606784636232,-0.005106167715869609,2023-04-21 00:00:00+00:00,2023
2073,0.00019122011521283317,6.2341624917916505e-19,0.00016387355355712118,-0.0008677227042354647,0.0008437725999055387,-0.001313449118576142,2023-04-22 00:00:00+00:00,2023
2074,-0.03973491226925569,-6.938893903907228e-18,0.027283482829133086,-0.001956568568039968,-0.0006009923761123928,0.03219958544521226,2023-04-23 00:00:00+00:00,2023
2075,-0.024623980241663315,0.0,0.01940467475724952,-0.0005496306471570421,0.0007494444247322894,0.017803314520084795,2023-04-24 00:00:00+00:00,2023
2076,0.00652320104486802,0.0,-0.003942430554101563,0.0001935045304858659,-0.00025318589095552936,-0.004932567161651859,2023-04-25 00:00:00+00:00,2023
2077,-0.01902866994633394,0.0,0.013988318045189109,0.0015319924485965655,-0.00043044609518729654,0.01662000082534045,2023-04-26 00:00:00+00:00,2023
2078,0.0035724103450775146,4.336808689942018e-19,-0.002783850982067666,0.0006893828246732005,0.0009303176581478864,-0.0023970025161915444,2023-04-27 00:00:00+00:00,2023
2079,0.1063688758541556,0.0,-0.08332595055713285,-0.00013339750599679345,0.0009052045162460526,-0.0878212359971235,2023-04-28 00:00:00+00:00,2023
2080,0.048984166804481956,0.0,-0.04013357049609475,-0.0005896544683938465,0.00045328775708023544,-0.03858589302296491,2023-04-29 00:00:00+00:00,2023
2081,0.06509212010047015,0.0,-0.05097761439267104,-0.0028278552216880887,0.0007052221888447646,-0.05805839139841689,2023-04-30 00:00:00+00:00,2023
2082,-0.020208167679169598,-3.469446951953614e-18,0.017757549245658817,0.0013210666799558894,4.861683251642171e-05,0.01710834524235271,2023-05-01 00:00:00+00:00,2023
2083,0.006590909817639519,-1.734723475976807e-18,-0.005772631753670645,0.0007098600419613568,0.0001557698532619941,-0.0051704711102532,2023-05-02 00:00:00+00:00,2023
2084,0.025965775461757885,0.0,-0.019106411306834874,0.00023212128616982575,-0.00043211437815737774,-0.023202435825564003,2023-05-03 00:00:00+00:00,2023
2085,-0.03704048780833974,0.0,0.03280966586017049,0.0001908555989124927,-0.0002429375757224475,0.02816031238556549,2023-05-04 00:00:00+00:00,2023
2086,-0.058223409512463735,0.0,0.0449169480366763,-0.0010150767316323417,-0.0007665124225054928,0.04871843003724102,2023-05-05 00:00:00+00:00,2023
2087,-0.0009932209463680492,-4.336808689942018e-19,0.0005802353438367346,-0.0014074323579793236,-0.0012583216073870057,0.00014215057048211062,2023-05-06 00:00:00+00:00,2023
2088,-0.027481600817512063,0.0,0.02282591714158646,0.000565708798021345,-0.00016994604143678524,0.01898271792007567,2023-05-07 00:00:00+00:00,2023
2089,0.029297291531282313,0.0,-0.0203943892803237,0.0008435785755444222,-0.00016369017230452587,-0.021233592798497656,2023-05-08 00:00:00+00:00,2023
2090,-0.016591472385903083,0.0,0.012158087010058594,-0.00024665126817594377,-0.0002629338111795748,0.011532342112359914,2023-05-09 00:00:00+00:00,2023
2091,0.01166874734607674,-1.734723475976807e-18,-0.007424253428114573,0.0008118060892154041,-2.930119999327782e-05,-0.007179996354365533,2023-05-10 00:00:00+00:00,2023
2092,0.013483319762190419,0.0,-0.008283310431236684,0.00039254608230636194,0.00021422436417270138,-0.007400806644033683,2023-05-11 00:00:00+00:00,2023
2093,0.04426955048149154,0.0,-0.02322213412343506,-0.00036237016036358427,0.0002493147345381738,-0.024300832970937172,2023-05-12 00:00:00+00:00,2023
2094,-0.06570085195394662,0.0,0.03493669508365716,-0.0008342720783535984,-4.77850958050946e-05,0.04853512340516343,2023-05-13 00:00:00+00:00,2023
2095,-0.0020030437136542866,-4.336808689942018e-19,0.001526891611929212,8.048674651548295e-05,-4.450792156439473e-05,-0.000526089302609241,2023-05-14 00:00:00+00:00,2023
2096,-0.0006532168247290617,2.168404344971009e-19,0.0005450936942357469,0.00020329892733503117,0.00021048370797664164,0.0006036302771231236,2023-05-15 00:00:00+00:00,2023
2097,-0.0036693488558133445,4.336808689942018e-19,0.003020964169534331,0.0003355749844971513,0.0004336776455949264,0.0019387872535318515,2023-05-16 00:00:00+00:00,2023
2098,0.022564312177045003,0.0,-0.015079402172001002,0.00047231337114613664,0.0007202430440870246,-0.01972187832806114,2023-05-17 00:00:00+00:00,2023
2099,-0.005078473616214026,0.0,0.00420114934439902,-0.00011826047009115635,-0.00015301357128566333,0.003867347922120867,2023-05-18 00:00:00+00:00,2023
2100,-0.022049948218322936,0.0,0.01809111899130479,-5.893765524975919e-05,-0.0006355987697002699,0.018383896040809436,2023-05-19 00:00:00+00:00,2023
2101,-0.09012585343001131,-2.7755575615628914e-17,0.07548226648217071,-9.006522748600254e-06,0.0005420505477123361,0.08051876374534238,2023-05-20 00:00:00+00:00,2023
2102,0.004359749456246694,-8.673617379884035e-19,-0.0037618854340760906,0.0016115122662396352,0.0002665354379537228,-0.003152182770032541,2023-05-21 00:00:00+00:00,2023
2103,0.01682161930061522,-3.469446951953614e-18,-0.013227697507405944,0.0012286947190901336,-0.00028005337744725287,-0.01316848762549475,2023-05-22 00:00:00+00:00,2023
2104,0.019274577143646422,0.0,-0.013563246630056537,-8.982559233631365e-05,0.0003711593917946239,-0.013918667044361194,2023-05-23 00:00:00+00:00,2023
2105,0.0014291891739481972,-2.168404344971009e-19,-0.0009127281986278967,-0.0003023098812731332,-0.0005044019165869908,-0.0015391652732239035,2023-05-24 00:00:00+00:00,2023
2106,-0.02571617847397214,0.0,0.015576123585396649,0.0002778268314027055,0.00037316647210580353,0.018596025266500033,2023-05-25 00:00:00+00:00,2023
2107,-0.055089019948527926,0.0,0.0404036631073829,0.0015707490628029536,0.0003426346978736283,0.04216915733089546,2023-05-26 00:00:00+00:00,2023
2108,0.012212210113093966,0.0,-0.009046827462821172,0.000731421702031318,7.085030531166561e-05,-0.007753493258218903,2023-05-27 00:00:00+00:00,2023
2109,0.035025318463643394,-6.938893903907228e-18,-0.02391570028380104,-0.00018497078438847042,0.0004353482566942027,-0.025576820765550477,2023-05-28 00:00:00+00:00,2023
2110,-0.0039515722365606396,0.0,0.002818658570423584,-0.00019927333784821102,-0.0002664436405248258,0.0021438847139584223,2023-05-29 00:00:00+00:00,2023
2111,0.05026163763943173,0.0,-0.03392257061413101,-0.0009571055519077692,-0.00018347084447859624,-0.0379707761559846,2023-05-30 00:00:00+00:00,2023
2112,0.027433755142348155,-3.469446951953614e-18,-0.019754645713377695,-0.00023534675197499008,-0.0005472423775267181,-0.01561910344904706,2023-05-31 00:00:00+00:00,2023
2113,-0.03896474057719821,6.938893903907228e-18,0.01985542508027082,-0.00024033446166409067,0.00011260630088822526,0.023515303955015124,2023-06-01 00:00:00+00:00,2023
2114,-0.049169635134083886,6.938893903907228e-18,0.029448963336028647,-0.00018674002682110558,0.0005853780976482481,0.028788935896963037,2023-06-02 00:00:00+00:00,2023
2115,-0.025792698420229413,3.469446951953614e-18,0.017107358702049012,8.528576058378437e-05,-0.0004571784062829577,0.012200832869143237,2023-06-03 00:00:00+00:00,2023
2116,-0.009164446876162574,1.734723475976807e-18,0.004582861489865204,-0.00022529901146424794,-0.00017454991361669746,0.006109783527962107,2023-06-04 00:00:00+00:00,2023
2117,0.0017958471462840126,-6.505213034913027e-19,-0.0005555617509267242,0.00019560418203048535,-0.0001705758877666747,-0.00018271587592202606,2023-06-05 00:00:00+00:00,2023
2118,0.010364427807785216,0.0,-0.003964522980920195,-6.587846744615829e-05,-0.0004262063695238717,-0.006333614903535548,2023-06-06 00:00:00+00:00,2023
2119,-0.044204226916744596,6.938893903907228e-18,0.021367427390373537,0.000329617761480952,5.368339927452892e-08,0.025043966322045096,2023-06-07 00:00:00+00:00,2023
2120,0.004942561189333598,-8.673617379884035e-19,-0.0032710231280006145,0.000101008636199597,8.645219659682638e-06,-0.003434943206829829,2023-06-08 00:00:00+00:00,2023
2121,-0.002835250326565334,8.673617379884035e-19,0.0019820548344861703,-0.0008702598622484011,0.000284747402893385,0.0014936013130701338,2023-06-09 00:00:00+00:00,2023
2122,-0.02788597061520531,3.469446951953614e-18,0.0159667893456525,0.0005925409027846655,-0.00014152425935683513,0.0195825475220282,2023-06-10 00:00:00+00:00,2023
2123,-0.03990509361028671,0.0,0.027883498965696113,0.00024203295046056061,-7.416494465302403e-05,0.033048799742338736,2023-06-11 00:00:00+00:00,2023
2124,-0.024871926932107834,-3.469446951953614e-18,0.019914822040473755,0.0004792093542084798,0.0013978924823306212,0.01911776198455755,2023-06-12 00:00:00+00:00,2023
2125,0.09378696978092194,0.0,-0.07365112719190053,0.00044685780169666234,-0.0001299166748825048,-0.06471005030572242,2023-06-13 00:00:00+00:00,2023
2126,0.00840194345939727,0.0,-0.005823744894440016,0.0002936557246234657,-0.00043643744003753725,-0.004244765361650847,2023-06-14 00:00:00+00:00,2023
2127,-0.022958468823205857,3.469446951953614e-18,0.01296317334208269,-3.0057945921351664e-05,-0.0005395827825696413,0.01555795082590265,2023-06-15 00:00:00+00:00,2023
2128,-0.022823941494737352,0.0,0.015708182568830782,-0.0002198541225246521,0.000657169442185964,0.015357588626336858,2023-06-16 00:00:00+00:00,2023
2129,0.008689193143731072,0.0,-0.004921307797583353,0.0005572436821309878,0.00025644588029379023,-0.004060804601319452,2023-06-17 00:00:00+00:00,2023
2130,0.01808396230141322,-3.469446951953614e-18,-0.007789851590139965,0.0005607885128032057,-0.0003044803270311862,-0.012256846105749364,2023-06-18 00:00:00+00:00,2023
2131,0.03375336740698133,0.0,-0.020172497888957315,-0.0006401002501513348,-0.00020840147369131923,-0.022991473099732575,2023-06-19 00:00:00+00:00,2023
2132,-0.0273978944335665,0.0,0.018934663728519957,0.0008028403515495976,0.0006410930094601919,0.01451896761682768,2023-06-20 00:00:00+00:00,2023
2133,-0.03931386875254767,0.0,0.020637788619228097,0.0004996533251328053,0.00100714172273271,0.02609830858560984,2023-06-21 00:00:00+00:00,2023
2134,0.060456438335829865,6.938893903907228e-18,-0.03889283863005472,0.0020781086793844467,-0.0011224050979783684,-0.0382026074225371,2023-06-22 00:00:00+00:00,2023
2135,-0.004102590198288421,-8.673617379884035e-19,0.0052030589641374045,-0.002846969989890577,-0.0032168175756964214,0.0044774841750267885,2023-06-23 00:00:00+00:00,2023
2136,-0.04123702427236045,-6.938893903907228e-18,0.024477328701288013,-0.0004749319430216725,-0.0007019108026841692,0.02735096631842008,2023-06-24 00:00:00+00:00,2023
2137,-0.004250077576172061,0.0,0.0027960992813704463,0.0006338894139578475,4.782146694898293e-05,0.003848520169866565,2023-06-25 00:00:00+00:00,2023
2138,0.014937086803157156,0.0,-0.009024120801433881,0.00013173914757179557,-0.00032759505688979146,-0.009183387552699524,2023-06-26 00:00:00+00:00,2023
2139,0.001142907433393525,-4.336808689942018e-19,-0.0016105979391888617,0.0014105234547650337,-4.406474325933073e-05,-0.004414848549613758,2023-06-27 00:00:00+00:00,2023
2140,0.0201944756071742,0.0,-0.010568303704450548,0.0013925321268391903,-0.0006162421789712332,-0.012724000668432977,2023-06-28 00:00:00+00:00,2023
2141,0.03708292144100841,0.0,-0.02051974955095412,0.0008701505096024784,-0.00012159349244493523,-0.026011646972278486,2023-06-29 00:00:00+00:00,2023
2142,0.05449006979058429,0.0,-0.03687228257322509,-0.0010540392997539574,0.0007002720861928741,-0.03190426937260796,2023-06-30 00:00:00+00:00,2023
2143,0.011019983306163696,0.0,-0.005475721800214814,0.000472745993657233,-6.489907917593685e-06,-0.00801051236136492,2023-07-01 00:00:00+00:00,2023
2144,0.01065681402276202,0.0,-0.006311637263545806,-0.002516258288405659,0.0013360924253538308,-0.01114703119919476,2023-07-02 00:00:00+00:00,2023
2145,0.01648622823924553,0.0,-0.010587788886705972,0.002224091825437355,-0.0003299809885219211,-0.013095079200538118,2023-07-03 00:00:00+00:00,2023
2146,0.004955333543986809,0.0,-0.004060430323932686,-0.00047082653641489745,-0.0004143206973721584,-0.004321343663088146,2023-07-04 00:00:00+00:00,2023
2147,0.021639093393232764,0.0,-0.01289443120524008,0.0009474434944806501,0.0007647911512618857,-0.01498008454022034,2023-07-05 00:00:00+00:00,2023
2148,0.018388539189245642,0.0,-0.010641436026798269,0.00014799718045459959,0.00017698188856496433,-0.011409159323393555,2023-07-06 00:00:00+00:00,2023
2149,0.016245760568758337,0.0,-0.009509852030507145,-0.0007638872969050765,-3.04945960491812e-05,-0.012506180028619692,2023-07-07 00:00:00+00:00,2023
2150,-0.0026694241820312127,0.0,0.0020389760798109197,0.0006256932523653466,-0.000562336533966101,0.00112563458929898,2023-07-08 00:00:00+00:00,2023
2151,0.026058856307006464,0.0,-0.01712484985733701,-0.0007749019032199447,0.0003712924636187116,-0.01948788402711603,2023-07-09 00:00:00+00:00,2023
2152,0.044503318751516516,0.0,-0.029618239982643492,0.000541091974810913,-0.0008398821851979751,-0.035000019922574184,2023-07-10 00:00:00+00:00,2023
2153,0.013580829995434458,1.734723475976807e-18,-0.00819581974219215,0.000357844473024135,6.940283168883725e-05,-0.009472769205718655,2023-07-11 00:00:00+00:00,2023
2154,-0.0038159475093934594,-8.673617379884035e-19,0.0034841172563360606,0.0007987798052595117,0.0005215041620454607,0.0025359408355071413,2023-07-12 00:00:00+00:00,2023
2155,-0.06608661064287512,-1.3877787807814457e-17,0.04146458763440382,0.0004687154262859178,-0.00018875088424347153,0.04951584527137634,2023-07-13 00:00:00+00:00,2023
2156,-0.015215184425283794,0.0,0.012025498896195273,0.0014112813015711087,-0.00010147263497413406,0.010059996411267197,2023-07-14 00:00:00+00:00,2023
2157,0.022843481200497326,-3.469446951953614e-18,-0.016855620624409748,-0.0005521025555738635,-0.000493796454734817,-0.015942636778134633,2023-07-15 00:00:00+00:00,2023
2158,0.015263866360594586,0.0,-0.01055764246025655,-1.5503677767196578e-05,-0.000496390971944833,-0.013370752759800104,2023-07-16 00:00:00+00:00,2023
2159,0.027095299668428375,3.469446951953614e-18,-0.013701487094159479,0.0024255699610658786,-0.0016466684346642703,-0.018938596482891954,2023-07-17 00:00:00+00:00,2023
2160,-0.05038151581112931,-6.938893903907228e-18,0.029837911882341014,-0.0027343737492308492,0.000552623351770358,0.03243981583709128,2023-07-18 00:00:00+00:00,2023
2161,-0.013333076384009384,-1.734723475976807e-18,0.010599960641450665,0.0007526531039757593,0.0002388921146504932,0.007326020501043457,2023-07-19 00:00:00+00:00,2023
2162,-0.012661345484780102,1.734723475976807e-18,0.006301416986281389,-0.000603436979602797,-0.00048426481000325705,0.005732525849984071,2023-07-20 00:00:00+00:00,2023
2163,-0.034150665126195766,-6.938893903907228e-18,0.017651546227097893,-0.0002369458455419582,0.00027578255387456646,0.019807662811798972,2023-07-21 00:00:00+00:00,2023
2164,-0.030226212449190094,-3.469446951953614e-18,0.018564656080074224,0.00013130303785409067,0.0006271752760164256,0.016249178399563146,2023-07-22 00:00:00+00:00,2023
2165,-0.01970678712382461,3.469446951953614e-18,0.011315377831725643,0.00035180021632777794,-4.2026558827196886e-05,0.013167110071753422,2023-07-23 00:00:00+00:00,2023
2166,0.03109515110651652,0.0,-0.02065349803281003,0.0002671322891478062,-0.0002966371807937851,-0.01941053390466529,2023-07-24 00:00:00+00:00,2023
2167,0.035256908879135594,-6.938893903907228e-18,-0.020511919159557863,0.000670763567086681,-0.0004262119276258955,-0.020136991520188923,2023-07-25 00:00:00+00:00,2023
2168,-0.03513501449064775,0.0,0.02003553374810354,0.0006579300885732053,0.0001506434578396887,0.022597705831503605,2023-07-26 00:00:00+00:00,2023
2169,0.013884470679543235,-1.734723475976807e-18,-0.008829951710489212,0.0004047037282424483,3.692817891340003e-05,-0.008318579947640002,2023-07-27 00:00:00+00:00,2023
2170,0.04448570627154726,0.0,-0.024555493298737158,0.00031802897704080735,0.0002597646044082205,-0.027699008696674722,2023-07-28 00:00:00+00:00,2023
2171,0.02788231119965062,0.0,-0.01703046045386791,-0.0013743933807006704,0.0008353000737288986,-0.015546162004813308,2023-07-29 00:00:00+00:00,2023
2172,0.02695080583745783,-3.469446951953614e-18,-0.011906552796953053,0.0014087699416273948,0.0002392404848561465,-0.01763503798966245,2023-07-30 00:00:00+00:00,2023
2173,-0.0025971600503632516,0.0,0.0014094500752217874,9.955822159718941e-05,0.0005207312111128715,8.11124270637749e-05,2023-07-31 00:00:00+00:00,2023
2174,-0.04003121600006566,0.0,0.023554074329348973,-0.0002518343666709638,-0.00034892716387967954,0.022257942537154185,2023-08-01 00:00:00+00:00,2023
2175,0.05075600111123287,6.938893903907228e-18,-0.027463987475163845,0.0003703086316527507,0.0002238853398138438,-0.0326342647269838,2023-08-02 00:00:00+00:00,2023
2176,0.028279743772564512,3.469446951953614e-18,-0.01821835629948772,0.00036269470909821785,-0.0008527177304130072,-0.01442029849038034,2023-08-03 00:00:00+00:00,2023
2177,-0.0711615132563042,0.0,0.026026373686801524,-0.002563935289180766,-0.0006205615469971476,0.04545048510993421,2023-08-04 00:00:00+00:00,2023
2178,0.0010727279114000725,-2.168404344971009e-19,-0.0003081999966677404,-9.299288812728316e-05,-0.0003942746810010994,-0.002034206109941191,2023-08-05 00:00:00+00:00,2023
2179,0.02758218086127079,0.0,-0.01310000106087665,0.0022687601426115145,-0.0006283533209533385,-0.020706715981478448,2023-08-06 00:00:00+00:00,2023
2180,0.0028779737877123283,0.0,-0.0008610232623725363,0.00044182639693181964,6.309543869024168e-05,-0.002579145157516543,2023-08-07 00:00:00+00:00,2023
2181,-0.032344149098251805,0.0,0.01720387205507269,0.0006470423903185557,-3.264986024909683e-05,0.02204650425828593,2023-08-08 00:00:00+00:00,2023
2182,-0.035389483697486644,-6.938893903907228e-18,0.025454507787840953,4.7064363353811756e-05,-0.0006426076841058517,0.019929185098186374,2023-08-09 00:00:00+00:00,2023
2183,0.041869528365857674,0.0,-0.024029444192474436,0.0016020771393074687,0.0013796697783859738,-0.02736771388121915,2023-08-10 00:00:00+00:00,2023
2184,-0.020864018888184517,0.0,0.013028856463202839,-0.00044039328504602224,-0.0007777097347980641,0.009740472983411791,2023-08-11 00:00:00+00:00,2023
2185,0.07704444256695835,0.0,-0.038299826660963654,0.0021198727838695475,-0.0004840625763237044,-0.05905926581620016,2023-08-12 00:00:00+00:00,2023
2186,-0.007281661033630371,8.673617379884035e-19,0.005618184602154996,-0.0005632843933356946,-0.00039714865463216006,0.0023621006369370905,2023-08-13 00:00:00+00:00,2023
2187,-0.017649773395422733,0.0,0.009001649221808839,0.00046597386727554105,-0.0005616990455008034,0.008467203635636716,2023-08-14 00:00:00+00:00,2023
2188,-0.0702116456898776,1.3877787807814457e-17,0.037571050583759105,-0.0001629861337019839,-0.0002486126475453182,0.04259293146338404,2023-08-15 00:00:00+00:00,2023
2189,0.042917056517167526,-6.938893903907228e-18,-0.026546218587882274,0.0008932114177556752,-0.00024821512183115235,-0.028206857361389018,2023-08-16 00:00:00+00:00,2023
2190,0.001777708169185754,4.336808689942018e-19,-0.0032537702830531413,-0.004796884913809342,-8.227207474059933e-05,-0.005291507676826039,2023-08-17 00:00:00+00:00,2023
2191,0.015335852810830782,-1.734723475976807e-18,-0.004392882015945631,0.001423294045493309,0.00031773701877790134,-0.00789997010518531,2023-08-18 00:00:00+00:00,2023
2192,-0.043832517753947864,0.0,0.02366029656532286,0.0009633814195912846,0.00035186071094465976,0.028936511246477108,2023-08-19 00:00:00+00:00,2023
2193,0.01209533792553526,-1.734723475976807e-18,-0.008136484682274663,0.0005726018960938682,0.00037781964641662655,-0.008825733178099367,2023-08-20 00:00:00+00:00,2023
2194,-0.007411517157699122,-8.673617379884035e-19,0.004439372473778604,0.0003879175610197738,-0.00030469696458023006,0.0036282630653578654,2023-08-21 00:00:00+00:00,2023
2195,-0.03215091770345514,-6.938893903907228e-18,0.02090761336451774,-2.345656521615669e-05,0.0003145126462594655,0.021596046326511218,2023-08-22 00:00:00+00:00,2023
2196,0.02854889558582771,0.0,-0.019028380455680116,0.00027802108515871324,-0.00028045550140855594,-0.018563184912690323,2023-08-23 00:00:00+00:00,2023
2197,0.005845895264206863,0.0,-0.003908824263850996,-0.00022320745422903764,-0.000548252792663715,-0.0030506833502839913,2023-08-24 00:00:00+00:00,2023
2198,-0.029315951757314728,-3.469446951953614e-18,0.015329863013040058,0.00035457753131956996,8.817614674569776e-05,0.019924549716919468,2023-08-25 00:00:00+00:00,2023
2199,0.012063227048734339,3.469446951953614e-18,-0.008112906369907887,0.00041730642318933003,9.48201609406972e-05,-0.007181668971106284,2023-08-26 00:00:00+00:00,2023
2200,-0.004409168915050786,0.0,0.0022621161227165984,-0.00011172874779230742,-0.00014328019424527088,0.0007884690410735313,2023-08-27 00:00:00+00:00,2023
2201,0.016262319029831305,-3.469446951953614e-18,-0.008474438608530874,-0.0008318799662172961,-4.85830581848333e-05,-0.009099301045147211,2023-08-28 00:00:00+00:00,2023
2202,0.015969661677755962,-3.469446951953614e-18,-0.006003364135281956,0.0004181832410194222,-2.7029023189923534e-05,-0.010133273888526079,2023-08-29 00:00:00+00:00,2023
2203,0.0013554928506292949,2.168404344971009e-19,-0.0012830488508706439,-0.00012107535877426052,0.0003859845781893226,-0.0013789859724804526,2023-08-30 00:00:00+00:00,2023
2204,0.013752977540887938,1.734723475976807e-18,-0.00880176949550037,0.000267736973958356,-2.952761876860721e-06,-0.008627599956209226,2023-08-31 00:00:00+00:00,2023
2205,0.009411057321036734,0.0,-0.0046101678190961625,-7.769402493326347e-05,-7.324004988090368e-05,-0.004874471765190654,2023-09-01 00:00:00+00:00,2023
2206,0.01844900882825619,0.0,-0.008998582898954121,-0.0003059055503473254,-0.00032246804436588533,-0.007655045162817231,2023-09-02 00:00:00+00:00,2023
2207,0.015359119671147043,1.734723475976807e-18,-0.005479226543871131,-0.00038698822026824245,6.711763995012089e-05,-0.009117088282773439,2023-09-03 00:00:00+00:00,2023
2208,-0.03329367826624614,-6.938893903907228e-18,0.017747249269113974,0.0011190590096004788,0.00032213967901365687,0.020454364082801872,2023-09-04 00:00:00+00:00,2023
2209,-0.03246040249163388,6.938893903907228e-18,0.02063747133520557,-0.00014967398022057432,0.0005413626905840588,0.02245287303038067,2023-09-05 00:00:00+00:00,2023
2210,0.013223253144808341,1.734723475976807e-18,-0.0077617432334387195,0.0001567314579687326,-0.00011145996650245571,-0.006386695684508962,2023-09-06 00:00:00+00:00,2023
2211,0.018727458553549684,0.0,-0.008539281193511609,0.0002523008610520565,-5.308533338592783e-05,-0.011389503586264598,2023-09-07 00:00:00+00:00,2023
2212,0.011544210307392073,0.0,-0.006230647616519476,-0.00027686352724448464,0.0003834467324509219,-0.008413260839723463,2023-09-08 00:00:00+00:00,2023
2213,-0.03386420526622254,0.0,0.014448637192751631,-0.0021244528266065182,-9.180362022051525e-05,0.02296570569698976,2023-09-09 00:00:00+00:00,2023
2214,0.016674905647466213,-3.469446951953614e-18,-0.012296142188229628,-0.0010120984554897496,-0.0007137878156538817,-0.013473856493170714,2023-09-10 00:00:00+00:00,2023
2215,-0.013267446079371888,0.0,0.008715358445249552,0.0005236237303646602,0.0001699956599433665,0.0072376853834132514,2023-09-11 00:00:00+00:00,2023
2216,-0.07131803771595896,0.0,0.03851133946334121,0.0004129714867977252,-0.0007308613029908817,0.04855560869293814,2023-09-12 00:00:00+00:00,2023
2217,0.0010429267530088072,2.168404344971009e-19,-0.0003210789231561647,-0.0002880498837950276,0.00030409379070665864,-0.0035895571323238513,2023-09-13 00:00:00+00:00,2023
2218,0.007728537291656306,0.0,-0.003559005825476554,-0.00038849381360102873,-0.00025233531046254306,-0.0061201229664562245,2023-09-14 00:00:00+00:00,2023
2219,-0.059637617549778504,6.938893903907228e-18,0.0330155097678078,0.00128688791115366,0.00018671725236924647,0.030728867865375924,2023-09-15 00:00:00+00:00,2023
2220,0.037030416874238005,-6.938893903907228e-18,-0.01968796858904117,-0.0006628936835846935,5.054145705118279e-05,-0.024714437670480698,2023-09-16 00:00:00+00:00,2023
2221,-0.0025583571857876247,0.0,0.0017174619373933931,0.0001450753963346059,0.0005568739303458453,0.0007435227941805845,2023-09-17 00:00:00+00:00,2023
2222,0.01724487543106079,0.0,-0.008139024054835155,-0.0005206127799937676,0.00013407580166858307,-0.012158460926983763,2023-09-18 00:00:00+00:00,2023
2223,-0.002317805717020859,0.0,0.002748600264687287,-0.0003664153801504408,0.0004085550524987494,-0.0003251110331193995,2023-09-19 00:00:00+00:00,2023
2224,-0.013461282223830988,1.734723475976807e-18,0.006498478610962971,-0.00020410331493148255,-6.512845628540813e-05,0.005804346593165425,2023-09-20 00:00:00+00:00,2023
2225,0.0565052941257571,0.0,-0.02779242710040798,0.0016577198234672408,-0.0015586651303710897,-0.0372916306672483,2023-09-21 00:00:00+00:00,2023
2226,0.02479050459305933,0.0,-0.01468052177013688,-0.0009808488751070835,0.0003506001661713262,-0.01471513054886424,2023-09-22 00:00:00+00:00,2023
2227,0.008671071631776774,1.734723475976807e-18,-0.005133895682953576,-0.0012570117835446724,-3.079613683100793e-05,-0.00601952626916956,2023-09-23 00:00:00+00:00,2023
2228,-0.0249951390400986,3.469446951953614e-18,0.012575065085569603,0.0006609372955871488,5.685425221937587e-05,0.014614881628171716,2023-09-24 00:00:00+00:00,2023
2229,0.0011056891979615382,0.0,-0.001496168934773252,0.00029819652880905094,-0.0002679716135298274,-0.0021036784835917416,2023-09-25 00:00:00+00:00,2023
2230,0.02544033563941534,3.469446951953614e-18,-0.014280870172692712,0.00020628876550734393,-5.187960591934021e-05,-0.01339197491432199,2023-09-26 00:00:00+00:00,2023
2231,-0.04218157010575745,6.938893903907228e-18,0.0192262351542818,-0.0006705731050531544,-2.816226852199455e-06,0.025230737110037944,2023-09-27 00:00:00+00:00,2023
2232,0.025239516620987033,0.0,-0.016164352417725604,0.0001478130675497437,-6.490195685788028e-05,-0.01613603374166199,2023-09-28 00:00:00+00:00,2023
2233,-0.01600916985353809,0.0,0.0067065736899723435,-0.00037953108887901765,-0.0009711520039562202,0.005562224187564465,2023-09-29 00:00:00+00:00,2023
2234,-0.23868863787387778,0.0,0.12086278127618533,0.001298498405909454,-0.004260232697130439,0.10881653409932898,2023-09-30 00:00:00+00:00,2023
2235,0.01698316825679475,0.0,-0.018662039069045563,0.0023080539685759634,0.0005544820378476749,-0.014684219725416725,2023-10-01 00:00:00+00:00,2023
2236,0.09951168737528514,1.3877787807814457e-17,-0.04095781083379034,-0.0006889801046709859,-0.00047049207489475997,-0.06552522468353933,2023-10-02 00:00:00+00:00,2023
2237,0.0660546385437433,0.0,-0.04258459312106871,-0.001120063893886039,-0.001103141282049802,-0.0450142910978909,2023-10-03 00:00:00+00:00,2023
2238,-0.03465360256791846,-6.938893903907228e-18,0.020996297637220926,-0.00047357886592905296,-0.00033611084247462536,0.017338519747711695,2023-10-04 00:00:00+00:00,2023
2239,-0.03755752074937879,0.0,0.020242510618816094,0.00010560547377390372,2.2283447756600572e-05,0.020853617625859397,2023-10-05 00:00:00+00:00,2023
2240,-0.03533480759778637,0.0,0.020430423652307773,-0.0004690251695185707,-2.370407010549025e-05,0.02202496722335149,2023-10-06 00:00:00+00:00,2023
2241,-0.018931725639507083,0.0,0.01156817805895186,0.0012490649270535982,-0.0009186351214854199,0.011052079396486322,2023-10-07 00:00:00+00:00,2023
2242,0.013022172670422888,0.0,-0.007593794760734154,0.0010119507782624469,0.0013022341579833497,-0.00891487289597068,2023-10-08 00:00:00+00:00,2023
2243,0.030373549534499278,6.938893903907228e-18,-0.020165755198445254,-0.0035926693286031583,-0.0006547768373136205,-0.023935214729529718,2023-10-09 00:00:00+00:00,2023
2244,0.002323835539671541,0.0,-0.0004031323621223521,0.0008298267257302993,-0.0006500701227837959,-0.001382705560778449,2023-10-10 00:00:00+00:00,2023
2245,-0.02973056826854776,0.0,0.019285016648862393,0.00046241161660681013,-0.00017753856202934112,0.019530504929645802,2023-10-11 00:00:00+00:00,2023
2246,-0.035966620489132184,0.0,0.024241993849243425,0.0012118800267539448,-0.0004253911782607228,0.022458325334579768,2023-10-12 00:00:00+00:00,2023
2247,0.028826673338018312,0.0,-0.018572610654437806,-0.0007867774148668308,-0.00041133056538522964,-0.019073404060587384,2023-10-13 00:00:00+00:00,2023
2248,0.014687495363270579,0.0,-0.00917292902158878,-4.681157313082829e-05,-0.0005526706126466815,-0.007852155575432625,2023-10-14 00:00:00+00:00,2023
2249,-0.0003203541223256866,3.2526065174565133e-19,0.0005355874177854777,0.00017329192378811014,2.7400437749653815e-05,0.00010169583339591088,2023-10-15 00:00:00+00:00,2023
2250,0.03487640253605287,0.0,-0.023778984904976406,0.0005506611531978164,-0.0010348088084154508,-0.0245533617671026,2023-10-16 00:00:00+00:00,2023
2251,-0.026794949923556275,0.0,0.016721505493603274,-0.001880717959578393,0.0008055008293437367,0.015244820223949507,2023-10-17 00:00:00+00:00,2023
2252,-0.02768458617976838,-3.469446951953614e-18,0.016699369254441532,0.0003623767753094427,7.932483671557397e-05,0.01862204447808644,2023-10-18 00:00:00+00:00,2023
2253,0.003482430990488251,4.336808689942018e-19,-0.0027007704712949396,0.0002602743645813625,0.00023211438440917838,-0.0019115382197344812,2023-10-19 00:00:00+00:00,2023
2254,-0.0605768978230061,0.0,0.03716532288366965,-0.0013433396092433006,0.0005273250309245914,0.04151092209354274,2023-10-20 00:00:00+00:00,2023
2255,0.023481458608358183,3.469446951953614e-18,-0.016688432508479376,6.60642463956064e-05,-0.00039786989511986573,-0.014318973432902959,2023-10-21 00:00:00+00:00,2023
2256,0.034765916733654,6.938893903907228e-18,-0.017732139156605153,-0.0008379349395978564,0.001280408006788615,-0.027226867498754397,2023-10-22 00:00:00+00:00,2023
2257,0.0012471416245208927,-4.336808689942018e-19,-0.0022816522710208008,-0.0011151921740261543,-0.00039438596320245326,-0.003446703260175283,2023-10-23 00:00:00+00:00,2023
2258,-0.09363879967320916,0.0,0.04744578270798508,-0.0009909903138297788,-8.952711371944255e-05,0.06684759053178888,2023-10-24 00:00:00+00:00,2023
2259,-0.014358508806287145,1.734723475976807e-18,0.008206464939676604,-0.0024914523455211463,0.0004024367752569497,0.005797222804980726,2023-10-25 00:00:00+00:00,2023
2260,0.03513650221327331,0.0,-0.022038707823549244,-0.0016150695006593996,-0.0001442636923007154,-0.023968354911738193,2023-10-26 00:00:00+00:00,2023
2261,-0.003225338239611292,8.673617379884035e-19,0.002519971747132703,-0.00036486012764020987,6.787722935557017e-05,-0.002028301273482082,2023-10-27 00:00:00+00:00,2023
2262,0.12845744933087402,0.0,-0.0698585025528567,-0.006196873657334484,0.0015011480644085695,-0.10779112425071488,2023-10-28 00:00:00+00:00,2023
2263,-0.019771076784543463,0.0,0.016824626777079608,0.0007368698421468256,-0.000298265163779312,0.01257943413552046,2023-10-29 00:00:00+00:00,2023
2264,0.005745348389163339,0.0,-0.0031233103371759827,0.0018606298155125775,-0.0003751755790241968,-0.006210165310151359,2023-10-30 00:00:00+00:00,2023
2265,0.01079152003387732,0.0,-0.0031211201652421115,0.0006919545938858518,-0.0001859594476773599,-0.0068957594503978835,2023-10-31 00:00:00+00:00,2023
2266,-0.04730472462308919,0.0,0.03424346019860991,0.0013287954099032925,0.00028486767970920673,0.03445551308995464,2023-11-01 00:00:00+00:00,2023
2267,-0.01640887104946634,0.0,0.012197480759789225,0.0006741152020966583,0.00025819813139306425,0.010368715652455526,2023-11-02 00:00:00+00:00,2023
2268,-0.03315175542179842,6.938893903907228e-18,0.022849809525565333,0.0002684328151986923,-0.0003668394084895138,0.02419277580842611,2023-11-03 00:00:00+00:00,2023
2269,-0.03583041444328261,0.0,0.025674819779089694,-0.0003380606916415785,0.0003197326974323511,0.01829947920060945,2023-11-04 00:00:00+00:00,2023
2270,0.025627778553814623,-6.938893903907228e-18,-0.015181069901337524,2.6244436518000486e-05,-0.0003893608273264279,-0.01881480661386288,2023-11-05 00:00:00+00:00,2023
2271,-0.028878952405467537,3.469446951953614e-18,0.019042517457865078,0.00021622748907536293,-0.00012789104644519295,0.01992845765583956,2023-11-06 00:00:00+00:00,2023
2272,-0.019928171767951537,0.0,0.013106855311272184,-0.0004640148572278152,-0.00024706239437263106,0.011216256790161038,2023-11-07 00:00:00+00:00,2023
2273,0.02391892597542046,0.0,-0.01377777700088841,-0.0006303614547029969,0.00123162017828898,-0.013501042378541953,2023-11-08 00:00:00+00:00,2023
2274,-0.02334930215563093,3.469446951953614e-18,0.012281871926539865,-0.00031195456958221443,9.435852275196943e-05,0.011441132992717724,2023-11-09 00:00:00+00:00,2023
2275,-0.017032013916821215,3.469446951953614e-18,0.009414482898102945,0.0019014429658776519,0.0006519273307041343,0.009439570418868205,2023-11-10 00:00:00+00:00,2023
2276,-0.0669341276151053,1.3877787807814457e-17,0.0443635271036369,0.0009967002993253593,0.00024991902212835593,0.01571382632518495,2023-11-11 00:00:00+00:00,2023
2277,0.008329682098412367,-1.734723475976807e-18,-0.0015831329016206012,-0.00029442967154587156,0.0010433069866036468,-0.006040138871772857,2023-11-12 00:00:00+00:00,2023
2278,0.009642995292355554,0.0,-0.006393481366628169,0.0004415530623145432,0.0005254537241747501,-0.007298520390762687,2023-11-13 00:00:00+00:00,2023
2279,0.02849765371832048,-3.469446951953614e-18,-0.012227780109090543,0.000723515133114163,0.0007200123811843921,-0.0180548596688362,2023-11-14 00:00:00+00:00,2023
2280,0.004683997690307428,-8.673617379884035e-19,-0.002263283265238301,0.0002511658362428313,-0.000471962403475629,-0.0032804452138538915,2023-11-15 00:00:00+00:00,2023
2281,0.012087020074358638,0.0,-0.0078955862050031,-0.0003356917964901403,-0.00011779844499715947,-0.009661858283473341,2023-11-16 00:00:00+00:00,2023
2282,-0.0001496087690317853,1.3552527156068805e-19,0.001486607156447539,0.0008566353713809694,-0.0003898729487883558,-0.0002027004255403101,2023-11-17 00:00:00+00:00,2023
2283,-0.009381175411413915,0.0,0.005326180940596706,0.000778213930833653,-0.00021852455546962288,0.0034749077743053934,2023-11-18 00:00:00+00:00,2023
2284,-0.013071704355085858,1.734723475976807e-18,0.007274762583684498,0.0011950298385374983,0.00033392653238106806,0.0071436970208003745,2023-11-19 00:00:00+00:00,2023
2285,-0.0031002560017271814,-4.336808689942018e-19,0.0012258458987761695,-0.00013682774074328828,0.00040455169423008136,0.0004063335726161659,2023-11-20 00:00:00+00:00,2023
2286,-0.06599110438956977,1.3877787807814457e-17,0.03358464080736985,-0.000986340341639358,0.0007265825699464962,0.04908442474419408,2023-11-21 00:00:00+00:00,2023
2287,0.04539487487781122,-6.938893903907228e-18,-0.03369995435124953,0.00028944712668004663,0.0002772344256971662,-0.03291501381652375,2023-11-22 00:00:00+00:00,2023
2288,0.02568462990825961,0.0,-0.017622613922888296,-0.0010131802368190494,-0.0006866622635579057,-0.015865214907162535,2023-11-23 00:00:00+00:00,2023
2289,-0.02510806381332208,3.469446951953614e-18,0.01395946729928775,-0.0007783067525580431,-8.533520288255339e-05,0.01563122885067379,2023-11-24 00:00:00+00:00,2023
2290,-0.028107357691533816,0.0,0.01955109282515755,0.0002493276162308204,0.00019275628019227442,0.017242228825659622,2023-11-25 00:00:00+00:00,2023
2291,0.023103457059919463,-3.469446951953614e-18,-0.014906600025869292,-0.0011506056542042904,0.0008947388833061287,-0.019531350297353558,2023-11-26 00:00:00+00:00,2023
2292,-0.02145609055987056,3.469446951953614e-18,0.015875519437679994,-6.74834854644639e-05,-0.00012923409215334636,0.01618399636071592,2023-11-27 00:00:00+00:00,2023
2293,0.020138061935116785,0.0,-0.015597822614417054,0.00039973500376129165,-3.956299120644324e-06,-0.014930809163025457,2023-11-28 00:00:00+00:00,2023
2294,0.032568910477324305,-6.938893903907228e-18,-0.02200433614545339,-0.00016083089513928978,-0.0005722279315996601,-0.0231416970293732,2023-11-29 00:00:00+00:00,2023
2295,-0.02034943111194587,3.469446951953614e-18,0.013702336712072147,0.000759647108230295,-0.001277546310216586,0.007640165597448966,2023-11-30 00:00:00+00:00,2023
2296,-0.01861862218157845,0.0,0.0077770765253731625,0.0011934820900061892,-0.0011112499196466417,0.009533331053602882,2023-12-01 00:00:00+00:00,2023
2297,-0.018760933639099878,0.0,0.010627154029782263,0.0004509314261104888,-3.5278310863876006e-05,0.012844027354265725,2023-12-02 00:00:00+00:00,2023
2298,0.005302255568297013,-8.673617379884035e-19,-0.0038229650207383973,7.657321816911984e-06,0.0004896749188999369,-0.0031915430486098434,2023-12-03 00:00:00+00:00,2023
2299,-0.0379050248157904,6.938893903907228e-18,0.021924191947209352,0.0002453112793383144,-0.00016664738604339757,0.028361152749239855,2023-12-04 00:00:00+00:00,2023
2300,-0.03377967443525421,0.0,0.026008915784859234,0.0008690452509134694,0.0005013629407596906,0.02551207230756504,2023-12-05 00:00:00+00:00,2023
2301,-0.0006088421951909983,-1.0842021724855044e-19,0.0009727526691992402,0.0006826936661889197,0.0002772267810374453,7.772109305314982e-06,2023-12-06 00:00:00+00:00,2023
2302,-0.04728089720010757,-6.938893903907228e-18,0.025376622907104834,-0.0006011094252412474,-0.00015825997565838135,0.03631867520559732,2023-12-07 00:00:00+00:00,2023
2303,-0.03271890804171562,0.0,0.02500614390394973,-0.00018609076445572775,-0.000368148989657216,0.023273153146893155,2023-12-08 00:00:00+00:00,2023
2304,0.05882918164134025,0.0,-0.04187135799976673,-0.00016027909852667221,0.00011050342328082496,-0.04334010705535298,2023-12-09 00:00:00+00:00,2023
2305,0.008114975690841675,0.0,-0.005972124447219578,-0.0007002738141886683,3.69747517427986e-05,-0.006965491152760171,2023-12-10 00:00:00+00:00,2023
2306,-0.01821734495460987,-3.469446951953614e-18,0.009602110850459672,-0.00014062047399688443,-0.0005885860387070847,0.01245147838264618,2023-12-11 00:00:00+00:00,2023
2307,0.005608072504401207,0.0,-0.0023526644402778055,0.0010820054771256736,-0.0007871727859343775,-0.002640908421856914,2023-12-12 00:00:00+00:00,2023
2308,-0.0016070608049631118,-8.673617379884035e-19,0.0018874872343512946,0.00015552914178403694,0.00019491723883011082,-0.0007017389028340457,2023-12-13 00:00:00+00:00,2023
2309,0.0007597867399454117,-4.336808689942018e-19,-0.0003252213834951171,0.0006294496170082618,-1.3912377751041424e-05,-0.001174139841639228,2023-12-14 00:00:00+00:00,2023
2310,-0.0015377670526504517,-6.505213034913027e-19,-0.0015304849073915266,-0.0031465890764687176,0.0017029284128319514,-0.0009965437772394773,2023-12-15 00:00:00+00:00,2023
2311,0.008695082738995552,0.0,-0.006430698279296548,0.0005746146560080458,-0.0003332603638297356,-0.0061289135204506085,2023-12-16 00:00:00+00:00,2023
2312,0.032502780109643935,0.0,-0.013107429741215381,0.001249655021408863,0.0017306909372460585,-0.023893559398671917,2023-12-17 00:00:00+00:00,2023
2313,-0.010686919093132019,0.0,0.00797508729783903,0.0015631097662092766,-0.0003763274151546876,0.006749816845767427,2023-12-18 00:00:00+00:00,2023
2314,-0.00821552388370037,-1.734723475976807e-18,0.002525208727160515,-0.00044922644095357796,-0.0002781768202333324,0.002754316542465227,2023-12-19 00:00:00+00:00,2023
2315,-0.0007693018764257431,1.0842021724855044e-19,0.0004736732781502924,8.832994095243722e-05,0.00016872398483805753,-0.0006574348043265418,2023-12-20 00:00:00+00:00,2023
2316,-0.015905166417360304,-3.469446951953614e-18,0.009282320377811636,0.0011754357485670268,-0.0010633540195856134,0.009142775818358968,2023-12-21 00:00:00+00:00,2023
2317,0.04220488741993904,0.0,-0.022338419215143866,0.0009073178619455752,-0.0001101585138361394,-0.033832608668649185,2023-12-22 00:00:00+00:00,2023
2318,0.025824494287371637,0.0,-0.020154309021219317,-0.0009179080606498691,0.001534458550141525,-0.00901011344117917,2023-12-23 00:00:00+00:00,2023
2319,0.0030928954482078554,0.0,-6.9841746018900475e-06,0.0005720101060272273,-0.0008435608220556758,-0.0020329516097900013,2023-12-24 00:00:00+00:00,2023
2320,0.01862271800637245,3.469446951953614e-18,-0.010339409613643326,-7.154466704962711e-05,-0.0002675149449222619,-0.013781409006766564,2023-12-25 00:00:00+00:00,2023
2321,0.024134397879242896,3.469446951953614e-18,-0.014801841628652935,0.0005611654836318522,0.0001554529640358758,-0.014827853162727164,2023-12-26 00:00:00+00:00,2023
2322,0.010916991159319878,1.734723475976807e-18,-0.006189047518178618,0.0008897215451395841,9.661869867432296e-05,-0.006441841131716036,2023-12-27 00:00:00+00:00,2023
2323,-0.034501437470316886,-6.938893903907228e-18,0.020223061576617796,0.0003668514145319865,0.00024932389622164125,0.021115195433980292,2023-12-28 00:00:00+00:00,2023
2324,-0.0008772034198045731,1.0842021724855044e-19,-0.0003114394166522079,-0.0007397149868083926,-0.00015115610347894628,-0.000907948763266655,2023-12-29 00:00:00+00:00,2023
2325,0.004851425811648369,-8.673617379884035e-19,-0.0035408913333714247,-0.0006119259639076361,-0.0005639976606428418,-0.005359463290618596,2023-12-30 00:00:00+00:00,2023
2326,-0.005475210770964622,-8.673617379884035e-19,0.004321992964035383,-0.0003501234339603242,2.3727573245506915e-05,0.002335956089958116,2023-12-31 00:00:00+00:00,2023
2327,-0.014004558324813843,0.0,0.008735816286970368,0.00022109938118537384,-0.00011618153685322673,0.008685603009308984,2024-01-01 00:00:00+00:00,2024
2328,-0.008256752789020539,0.0,0.006063051939920509,0.00037304080811201637,-0.0005941791246246823,0.0021628809446848406,2024-01-02 00:00:00+00:00,2024
2329,0.06826559252708962,1.3877787807814457e-17,-0.024661607192837193,0.00045956642002269177,0.00015293884498902843,-0.03893771937342934,2024-01-03 00:00:00+00:00,2024
2330,-0.002272520425184718,4.336808689942018e-19,-0.001072029623389268,-0.0005750508749003034,0.0008793238049284152,-0.0028597197814596398,2024-01-04 00:00:00+00:00,2024
2331,-0.028439279247379903,-3.469446951953614e-18,0.01257273555138341,-0.00036097790004370467,2.8766051693395606e-05,0.02002367383049878,2024-01-05 00:00:00+00:00,2024
2332,0.024704496440647532,0.0,-0.01833227757230038,0.0003079142047789224,0.0004914247319358252,-0.018214209188739332,2024-01-06 00:00:00+00:00,2024
2333,0.011135458196484068,0.0,-0.00720138703057402,-0.0002774693030306707,-0.000419353507817374,-0.010574904000515046,2024-01-07 00:00:00+00:00,2024
2334,-0.016957531185270106,0.0,0.011000929895395688,0.0011069781460361673,0.0005429393093715484,0.01048693853260688,2024-01-08 00:00:00+00:00,2024
2335,-0.03371873254296165,0.0,0.02038934417977726,-0.00088194130081444,-0.000593402432473536,0.024048564057250244,2024-01-09 00:00:00+00:00,2024
2336,-0.045966987714827434,0.0,0.03687806439883534,0.0005874094625560738,-0.00030517087820704225,0.030578698441380503,2024-01-10 00:00:00+00:00,2024
2337,0.029677091154662317,0.0,-0.020502029040700608,0.00011594992210055624,7.486117879183102e-06,-0.01717177950218653,2024-01-11 00:00:00+00:00,2024
2338,-0.013513321396689745,1.734723475976807e-18,0.008221709165585595,-0.0007690958329002583,-0.0004054439274417225,0.007702284704489878,2024-01-12 00:00:00+00:00,2024
2339,0.0006615493282582025,2.168404344971009e-19,-0.00031859156231773937,0.00015553659436765932,-0.00023355728068116756,-9.717592575733615e-06,2024-01-13 00:00:00+00:00,2024
2340,-0.004417909391271243,-8.673617379884035e-19,0.0038695686836548978,0.0006367855671412246,0.0006645800683745622,0.002803333215462277,2024-01-14 00:00:00+00:00,2024
2341,-0.05088531858516189,0.0,0.02594563238297496,0.0005695183664839176,-0.0003268916365990193,0.03374795908348682,2024-01-15 00:00:00+00:00,2024
2342,0.03461093085366975,-6.938893903907228e-18,-0.023674117776241333,0.0012055271317450225,0.0006567143841694975,-0.01665324141864572,2024-01-16 00:00:00+00:00,2024
2343,0.005757472800008906,0.0,-0.0019709717127675114,0.0001107721183879291,0.0002882235994140156,-0.002708966346898313,2024-01-17 00:00:00+00:00,2024
2344,-0.016541705566382257,0.0,0.008724198314737277,0.0006120930112015026,7.432311051162183e-05,0.009129381452539673,2024-01-18 00:00:00+00:00,2024
2345,-0.05702703516438322,-6.938893903907228e-18,0.023736376640239906,0.00038497404858502116,3.877612559149285e-05,0.03766274302606116,2024-01-19 00:00:00+00:00,2024
2346,-0.012209547765599857,1.734723475976807e-18,0.007982188432000834,0.0002641985941627869,0.0008246374627811272,0.006329623049431148,2024-01-20 00:00:00+00:00,2024
2347,-0.08144772427636872,-1.3877787807814457e-17,0.044536355709089065,-0.0004209301009273497,0.0007934564928792215,0.06143939298868943,2024-01-21 00:00:00+00:00,2024
2348,-0.009201701332188252,0.0,0.0071266968633287115,0.0012167301017009368,0.00013654177060870923,0.004892023775300729,2024-01-22 00:00:00+00:00,2024
2349,0.019516706841546785,-3.469446951953614e-18,-0.010199242376844045,0.00031256664761815725,0.00010168600276487527,-0.011492488447205658,2024-01-23 00:00:00+00:00,2024
2350,-0.01412225069489869,0.0,0.008316824047157684,-0.00017968619002706535,-0.000995217571348208,0.007554799628844287,2024-01-24 00:00:00+00:00,2024
2351,-0.018732870899656282,-3.469446951953614e-18,0.012761106734661826,0.00079704957570308,-0.00041622770677193083,0.010848776431174035,2024-01-25 00:00:00+00:00,2024
2352,-0.12926883292648028,0.0,0.07033436456359836,0.0007539670187625691,-0.0011847446493490899,0.088984482695199,2024-01-26 00:00:00+00:00,2024
2353,0.08284204111159223,0.0,-0.0601049917327047,-0.0031165737415089073,-0.0002751173004881119,-0.06072429107475446,2024-01-27 00:00:00+00:00,2024
2354,-0.009445793598702868,0.0,0.008787746228827126,0.0009242614579435173,-0.0004479595787358886,0.005598405072870679,2024-01-28 00:00:00+00:00,2024
2355,-0.016077879464851237,0.0,0.007791901203509945,0.0004608749371338948,-0.00018573958030144652,0.009520868579331652,2024-01-29 00:00:00+00:00,2024
2356,0.009967580906250191,3.469446951953614e-18,-0.007243059590094382,0.0028886213954255405,0.0004948939272728676,-0.009156401384212918,2024-01-30 00:00:00+00:00,2024
2357,-0.010330391081073616,3.469446951953614e-18,0.003481820988399639,-0.0035027282503923406,2.7472084581396314e-05,-0.00039481295505289053,2024-01-31 00:00:00+00:00,2024
2358,-0.025539986367495555,0.0,0.02019797672087329,0.005663343347951412,-0.0015353802700246548,0.021039598411668116,2024-02-01 00:00:00+00:00,2024
2359,0.007434881333285158,-2.6020852139652106e-18,-0.0021411236934497065,-0.0007110951301813762,0.0004860161747059317,-0.0015222413882751825,2024-02-02 00:00:00+00:00,2024
2360,0.03526389014487173,0.0,-0.022131162050028776,0.00018345386777150752,-0.0005283878300297862,-0.026782052943116544,2024-02-03 00:00:00+00:00,2024
2361,0.035104826384899666,0.0,-0.024965085481472884,-0.0011401088578056467,-0.00020464852193608635,-0.026068003123745256,2024-02-04 00:00:00+00:00,2024
2362,-0.04204126822403054,0.0,0.028990513025603286,0.000709549913252519,-4.72891240713702e-05,0.02939277447373512,2024-02-05 00:00:00+00:00,2024
2363,0.01889614536871318,0.0,-0.0133316018632719,-0.00011907608645656681,-0.000742474371889415,-0.014067277479921104,2024-02-06 00:00:00+00:00,2024
2364,-0.014375211756213818,0.0,0.008914319023001858,2.3850177247057916e-05,0.0003915896985153284,0.00899385156091132,2024-02-07 00:00:00+00:00,2024
2365,-0.03235134657691507,-6.938893903907228e-18,0.020891750127354395,-0.00018201087568015667,-1.0648800700008287e-05,0.02198490422060531,2024-02-08 00:00:00+00:00,2024
2366,-0.0032866834815031562,0.0,0.0026430885762645123,0.0006936142666387288,0.0008476838011041493,0.0014184807508124857,2024-02-09 00:00:00+00:00,2024
2367,0.01764718146105997,0.0,-0.009714794426781605,0.00013401330504842976,0.00019151463384950787,-0.009682868472742169,2024-02-10 00:00:00+00:00,2024
2368,-0.0018550660095962824,0.0,0.0013339086190779924,0.0002402659063859068,9.380075425701167e-05,-0.00017961201571492242,2024-02-11 00:00:00+00:00,2024
2369,-0.025158892659580007,0.0,0.01765834690697542,0.0009473449477229307,0.0003246231041776314,0.017617840958153518,2024-02-12 00:00:00+00:00,2024
2370,-0.031764615594951154,-6.938893903907228e-18,0.022616160627768826,0.0006112430850193362,0.00023940597606898067,0.017611969371930644,2024-02-13 00:00:00+00:00,2024
2371,0.0001543966773288702,-5.421010862427522e-19,-0.00041130881945135734,0.0005112297565532212,-0.00011790080534334225,-0.0022503873996480486,2024-02-14 00:00:00+00:00,2024
2372,0.06836251456753101,0.0,-0.04168277250579392,0.0003642640663976404,0.0006375236899985731,-0.05380689176549747,2024-02-15 00:00:00+00:00,2024
2373,-0.01751013324151631,-3.469446951953614e-18,0.012640119118615989,-4.612914527170331e-05,-0.0006337355385220844,0.008757959283780026,2024-02-16 00:00:00+00:00,2024
2374,-0.017894305434881474,0.0,0.013161955348484824,0.0022779059220107995,0.00016773894189740443,0.011539059524833643,2024-02-17 00:00:00+00:00,2024
2375,0.010428583310320486,0.0,-0.005725592174287392,0.0011792464876247064,-0.0005664104451931044,-0.00971421361956591,2024-02-18 00:00:00+00:00,2024
2376,-0.027080556536032484,-3.469446951953614e-18,0.020751361756398058,0.0018195815381339235,0.000364896618585072,0.022098046412676063,2024-02-19 00:00:00+00:00,2024
2377,0.02666888935001273,0.0,-0.021114830548144954,0.0011653538887065745,-0.0005690870527444089,-0.014153501329920815,2024-02-20 00:00:00+00:00,2024
2378,-0.007125701951353173,0.0,0.003413967983044974,0.00039465218328486613,0.00021032999194390938,0.003674313934209853,2024-02-21 00:00:00+00:00,2024
2379,0.02856350180349852,0.0,-0.014622078737089884,0.0010903977447153206,0.0002968812956577402,-0.017415056305886436,2024-02-22 00:00:00+00:00,2024
2380,-0.013854349130078367,0.0,0.007809849302260197,0.00016343562861019512,-5.3112007422287735e-05,0.00806389246795456,2024-02-23 00:00:00+00:00,2024
2381,-0.029019108336222798,3.469446951953614e-18,0.01585881060213528,0.0002697253366076152,-0.00012648745457825156,0.018438935880961863,2024-02-24 00:00:00+00:00,2024
2382,-0.016300258275709655,0.0,0.00986601103759456,-0.00022817141526936327,0.0001081521305313013,0.010661188248756672,2024-02-25 00:00:00+00:00,2024
2383,0.004758699159873159,8.673617379884035e-19,-0.0059869782939845064,-0.0025079660554622528,-0.0008047835293582195,-0.006822400958409485,2024-02-26 00:00:00+00:00,2024
2384,0.02030522650793979,0.0,-0.01315066652283246,0.0010901278360774085,0.00042600593365781786,-0.014173614894257686,2024-02-27 00:00:00+00:00,2024
2385,0.0074762490234876935,0.0,-0.0035428611095081634,0.0009286106819153452,0.0005055822899665604,-0.004606992798116288,2024-02-28 00:00:00+00:00,2024
2386,0.02420390318883093,-3.469446951953614e-18,-0.013032321304980922,0.00501899120226168,-0.00029884380622022255,-0.02047905612670141,2024-02-29 00:00:00+00:00,2024
2387,0.00048806322248358473,-8.131516293641283e-19,-0.00022874995866411124,0.0008984752029344537,-7.436398682491793e-06,-0.00041951879299237046,2024-03-01 00:00:00+00:00,2024
2388,-0.0002180855525167365,3.2526065174565133e-19,0.0010679083193492474,-0.0007809549307399066,9.089412404804061e-05,0.00020509803708133162,2024-03-02 00:00:00+00:00,2024
2389,-0.0034723830538869694,4.336808689942018e-19,0.002586202323591572,0.0008585340554023452,0.000545357586222788,0.001720343030916204,2024-03-03 00:00:00+00:00,2024
2390,0.019757171602625596,0.0,-0.011606511115612998,0.0014728005819509109,-0.0006609374896577799,-0.014533921149971098,2024-03-04 00:00:00+00:00,2024
2391,0.038669506185933164,-6.938893903907228e-18,-0.026521553723350126,-0.000918108782228394,0.00042692419288219846,-0.027590975219605584,2024-03-05 00:00:00+00:00,2024
2392,-0.004628598297897138,8.673617379884035e-19,0.004316211863506578,0.001128072206781034,-0.00044609567455800546,0.0016557857480901826,2024-03-06 00:00:00+00:00,2024
2393,-0.04186845374734778,0.0,0.02244305637259463,-0.0011811597334066004,0.0002761745425338344,0.03040385525266914,2024-03-07 00:00:00+00:00,2024
2394,-0.019589512755996304,3.469446951953614e-18,0.015041259069333561,0.00022363369753995027,-0.0004874160509997505,0.014094149327951267,2024-03-08 00:00:00+00:00,2024
2395,-0.0016859409056211774,2.168404344971009e-19,0.002672805843624077,0.0002055559773134414,0.00019263047626834231,0.002063867248831304,2024-03-09 00:00:00+00:00,2024
2396,-0.009566022377265128,1.734723475976807e-18,0.005836131866871257,0.00024186695743479668,0.00045321536138333805,0.007139470195764849,2024-03-10 00:00:00+00:00,2024
2397,-0.03361198266870097,0.0,0.02530444404812257,-0.0003711806439454235,0.0006994286089828106,0.025283568640787468,2024-03-11 00:00:00+00:00,2024
2398,0.028107919191059313,0.0,-0.020834579703190356,0.0001436436349289312,2.490226925499009e-05,-0.020429499915841916,2024-03-12 00:00:00+00:00,2024
2399,0.0075700443826223675,-8.673617379884035e-19,-0.005709354803148491,-0.0001928782288679069,1.552348848376465e-05,-0.005663131244457013,2024-03-13 00:00:00+00:00,2024
2400,0.003441977265634035,0.0,-0.0017041952464476279,0.001038496636100224,-6.678038636083461e-05,-0.0024369245598181203,2024-03-14 00:00:00+00:00,2024
2401,-0.036908305397159176,6.938893903907228e-18,0.019537915946693185,-0.00018669670981703163,0.00010016660799574972,0.022748475021341544,2024-03-15 00:00:00+00:00,2024
2402,-0.028575517237186432,3.469446951953614e-18,0.018065172398370764,0.0008284824221512777,0.0007527986490175886,0.016768701941195105,2024-03-16 00:00:00+00:00,2024
2403,-0.0015538146621302555,-4.336808689942018e-19,0.0015246750317809174,0.0008205522058119098,-0.00022068727416160012,0.0006929321642097322,2024-03-17 00:00:00+00:00,2024
2404,-0.020978956630355435,3.469446951953614e-18,0.015296039850157369,-0.0001139943077536204,-9.73426207791922e-06,0.016107307710369553,2024-03-18 00:00:00+00:00,2024
2405,0.01670473382661217,0.0,-0.012526341353128164,-0.00011905568671078184,3.9600823478237734e-06,-0.0122436091727241,2024-03-19 00:00:00+00:00,2024
2406,0.00915178225228661,-1.734723475976807e-18,-0.004966979171276259,0.000716815251468484,0.0011503587528008744,-0.00423368931379995,2024-03-20 00:00:00+00:00,2024
2407,0.013648189402915336,0.0,-0.01005062874010187,-0.001152548003160279,-0.0006494829878961311,-0.010966251208350365,2024-03-21 00:00:00+00:00,2024
2408,-0.01591127023503587,0.0,0.008162091661638239,0.002397336740894984,-0.0005361486795074852,0.008415003061361497,2024-03-22 00:00:00+00:00,2024
2409,0.014897558737445521,3.469446951953614e-18,-0.010085447628537452,-0.0006238011161699298,0.0010295301322784719,-0.012246046145985104,2024-03-23 00:00:00+00:00,2024
2410,0.006428234077788688,0.0,-0.004131012631003335,-0.00012427740656377733,0.00038876553633529227,-0.0058645607507058165,2024-03-24 00:00:00+00:00,2024
2411,-0.005598230136407388,-8.673617379884035e-19,0.004834035018572265,0.0013207455301883098,0.00010024535350500793,0.0036812238917257284,2024-03-25 00:00:00+00:00,2024
2412,0.005549655572788135,8.673617379884035e-19,-0.004336098514732578,-0.0011542479190800583,-0.0008171392257341741,-0.005965878610838861,2024-03-26 00:00:00+00:00,2024
2413,0.03397428667223131,6.938893903907228e-18,-0.018271089276212592,0.0011862496959530039,0.0007715738698026234,-0.024741092404914476,2024-03-27 00:00:00+00:00,2024
2414,-0.018926106191970205,0.0,0.015280942003145937,0.002105046654737975,0.0005387040326504562,0.011086561812621673,2024-03-28 00:00:00+00:00,2024
2415,0.00553227638876116,-8.673617379884035e-19,-0.004108613296098695,4.388137097057279e-05,0.001159156055204275,-0.0027486866682623805,2024-03-29 00:00:00+00:00,2024
2416,0.008248312650500116,1.734723475976807e-18,-0.005018031588705079,-0.0013305266879453511,-0.0012923992421407134,-0.006025224178070933,2024-03-30 00:00:00+00:00,2024
2417,0.0033898462314863463,1.3010426069826053e-18,-0.003734148901636033,0.0005508370491127562,0.0002944730652805791,-0.004412060469972804,2024-03-31 00:00:00+00:00,2024
2418,-0.032049444478911324,0.0,0.024468823358650284,0.000103074190477212,0.0007182345972063936,0.022012074975231437,2024-04-01 00:00:00+00:00,2024
2419,0.03496312490991644,6.938893903907228e-18,-0.023577813802838608,0.0015850507021592727,-0.0009509312352625685,-0.02302948393783272,2024-04-02 00:00:00+00:00,2024
2420,-0.01897198164544138,0.0,0.013252473145234936,0.00027425850401171376,-4.323904645091303e-05,0.010742885935511353,2024-04-03 00:00:00+00:00,2024
2421,0.023972300445141436,-3.469446951953614e-18,-0.014123546637972469,-0.0012505951336969946,0.0008649759420846989,-0.017286745519017002,2024-04-04 00:00:00+00:00,2024
2422,0.03495093227243748,0.0,-0.021345684513858765,-0.00025315433554894823,0.0004988833028603396,-0.02650728169125744,2024-04-05 00:00:00+00:00,2024
2423,0.01662951140176682,0.0,-0.010854554425386145,0.0010060519282899423,0.0004181557299138827,-0.013415660739560964,2024-04-06 00:00:00+00:00,2024
2424,-0.031827714572958396,0.0,0.025242068328956563,0.0019345451441169503,-0.000137697277326862,0.02631391738090599,2024-04-07 00:00:00+00:00,2024
2425,-0.03671534896707859,0.0,0.03043508860976,0.0008434001445176975,0.00012167726207450158,0.02896991441923954,2024-04-08 00:00:00+00:00,2024
2426,0.027482267139720268,0.0,-0.021500776236163047,0.0005411276970380061,0.0013972095965648704,-0.01940380828000665,2024-04-09 00:00:00+00:00,2024
2427,-0.006946187035567096,0.0,0.005872741965826448,7.361611323029177e-05,-8.563525593749399e-05,0.005370752735968862,2024-04-10 00:00:00+00:00,2024
2428,-0.0018594224436753461,-2.168404344971009e-19,0.003432036268256728,0.0009107364930770081,-0.0005077321209766858,0.003039398691767296,2024-04-11 00:00:00+00:00,2024
2429,0.0028343805184601048,-8.673617379884035e-19,-0.0016462049991808917,6.141016642488648e-05,-0.0001221056405807915,-0.0029425810160062195,2024-04-12 00:00:00+00:00,2024
2430,0.004525814496033581,-8.673617379884035e-19,-0.0024885143150698646,0.0008766833712935164,-0.0031545295983848513,-0.002901842719822986,2024-04-13 00:00:00+00:00,2024
2431,-0.0014029128331664606,2.168404344971009e-19,0.0013717104232180682,-0.0024286304824420535,8.144805653406456e-05,0.0003582092602929807,2024-04-14 00:00:00+00:00,2024
2432,0.0072904774483214035,-8.673617379884035e-19,-0.003978411067989225,0.0009205099178821391,-2.976123701991292e-05,-0.005751531405647824,2024-04-15 00:00:00+00:00,2024
2433,-0.026477441297355273,3.469446951953614e-18,0.02108611180583145,-2.0423294004142528e-05,-0.0009819942965680652,0.01874050300480208,2024-04-16 00:00:00+00:00,2024
2434,-0.0018708140089891958,2.168404344971009e-19,0.0004762980940771189,0.0002635791068635474,4.685489137624629e-05,0.0006714901247350832,2024-04-17 00:00:00+00:00,2024
2435,-0.018902849459993668,0.0,0.012033611301890821,2.3546518261557958e-05,-6.161078678568188e-06,0.012099357706459294,2024-04-18 00:00:00+00:00,2024
2436,-0.00737819550693899,0.0,0.00462982941282992,-0.00018974310760294828,-0.0001412951343148271,0.004891993443276699,2024-04-19 00:00:00+00:00,2024
2437,0.013388871282771013,0.0,-0.009802874154107084,-0.0013781879273240243,-0.0006529390188379936,-0.00976074048198036,2024-04-20 00:00:00+00:00,2024
2438,0.016020224146220997,0.0,-0.008567564646403434,0.0005843952602882126,3.650564959040495e-05,-0.013912883239901874,2024-04-21 00:00:00+00:00,2024
2439,-0.00159301921941232,4.336808689942018e-19,0.0015111950383638476,-3.510179197624571e-05,-0.0004960361594829007,7.1115574275023e-05,2024-04-22 00:00:00+00:00,2024
2440,0.0028468582077302794,4.336808689942018e-19,-0.002259751752641376,-5.245556912686182e-07,-0.0005474348811713198,-0.002885679583629785,2024-04-23 00:00:00+00:00,2024
2441,0.024151243161464084,-3.469446951953614e-18,-0.016754775468460985,0.0005554050046307941,-0.00042635231721108516,-0.01889548104385278,2024-04-24 00:00:00+00:00,2024
2442,0.018050121224444847,0.0,-0.011584718647472066,0.0002859807482330258,-0.00018359199923188158,-0.015110803763589184,2024-04-25 00:00:00+00:00,2024
2443,0.001993097688840783,0.0,-0.0013786860258703714,0.00017843597591493026,0.0005184450893522775,-0.0025863844988562937,2024-04-26 00:00:00+00:00,2024
2444,0.034165189749952675,0.0,-0.026747383196723044,9.941786356561927e-05,-0.0006350873068630067,-0.02590113472815011,2024-04-27 00:00:00+00:00,2024
2445,-0.00567068742669147,0.0,0.004688388022315203,0.0002576669170691109,0.0003313142091052384,0.0050801060866473525,2024-04-28 00:00:00+00:00,2024
2446,0.026626406804375027,-3.469446951953614e-18,-0.02248121800997358,-6.361880358004765e-05,-0.000192491519221228,-0.02418136487354893,2024-04-29 00:00:00+00:00,2024
2447,-0.0030767101308573847,0.0,0.003237018073016315,0.0006828848235432045,0.0012996427274128894,0.0018894820193973427,2024-04-30 00:00:00+00:00,2024
2448,-0.021047339491222217,0.0,0.016881412892496676,-0.0005572558824290703,0.00034262354112298346,0.01770366474236842,2024-05-01 00:00:00+00:00,2024
2449,-0.03632626153420711,0.0,0.031132484629088977,-0.00028467959677505594,-0.000408700298267603,0.03286528076848504,2024-05-02 00:00:00+00:00,2024
2450,0.014337789321291273,1.734723475976807e-18,-0.012767252449028208,-0.0009241099500873085,0.0007467300896028782,-0.012609606889060591,2024-05-03 00:00:00+00:00,2024
2451,-0.03817410011222397,0.0,0.03136721565687437,-0.000555435755332831,-0.00012441037998836557,0.03286761702329166,2024-05-04 00:00:00+00:00,2024
2452,-0.024178829314052196,3.469446951953614e-18,0.021359722580974464,-4.333562734850846e-05,0.0005620988334745607,0.02070835435379656,2024-05-05 00:00:00+00:00,2024
2453,-0.01778602124988169,0.0,0.015243200708539156,0.0007388603312165343,0.0006641033916384709,0.014559000125067181,2024-05-06 00:00:00+00:00,2024
2454,0.0034973617049231047,4.336808689942018e-19,-0.002794420962822734,-0.0008160274422854821,-7.512503775136637e-05,-0.002303332120945256,2024-05-07 00:00:00+00:00,2024
2455,-0.01682430160218391,3.469446951953614e-18,0.012927601289924078,0.0006983594521007587,-4.1769604198698546e-05,0.0113337137709003,2024-05-08 00:00:00+00:00,2024
2456,0.014300538145977518,-1.734723475976807e-18,-0.008078831913601297,0.0012037840636359102,0.0003101127886762315,-0.010599663665271705,2024-05-09 00:00:00+00:00,2024
2457,0.015733977158864338,3.469446951953614e-18,-0.01101466490688891,0.00045268462463700365,4.749538007652043e-05,-0.012212512844191163,2024-05-10 00:00:00+00:00,2024
2458,-0.029943369868872822,0.0,0.022167633580258382,-0.001106232114883917,0.0001285683754746747,0.026347947187177517,2024-05-11 00:00:00+00:00,2024
2459,0.01623773445253787,0.0,-0.01390905513363663,-0.00016712977751560942,0.0004861166783256786,-0.01366323224485013,2024-05-12 00:00:00+00:00,2024
2460,-0.023904227260230244,-3.469446951953614e-18,0.020483115216672777,-9.859019096286614e-05,0.000560634947731866,0.021362628178635695,2024-05-13 00:00:00+00:00,2024
2461,0.015439373427543087,0.0,-0.013906441104905166,-0.0011053673764401441,0.0002381423453734592,-0.013827078602451697,2024-05-14 00:00:00+00:00,2024
2462,-0.02082349899886311,0.0,0.017069719115131197,-0.0009390581425186839,-0.0011362979715498038,0.01717311601288935,2024-05-15 00:00:00+00:00,2024
2463,-0.013998815372808655,-1.734723475976807e-18,0.010864848663028816,-0.0008757663719222725,6.752750863676417e-05,0.008770469009445059,2024-05-16 00:00:00+00:00,2024
2464,-0.012724442713296235,-1.734723475976807e-18,0.009112738466358381,-0.0016878592652176082,-0.0006835458080059423,0.007164911792915927,2024-05-17 00:00:00+00:00,2024
2465,0.005067173224776539,0.0,-0.0035753306375267187,-0.001390390217698368,0.0025348938266797428,-0.004743254877130026,2024-05-18 00:00:00+00:00,2024
2466,0.011026680024702157,0.0,-0.0068949666170909744,0.0009537252879087566,-0.0006048909462180591,-0.008852965401966955,2024-05-19 00:00:00+00:00,2024
2467,0.010010133483516636,-1.734723475976807e-18,-0.007038165340754415,0.0013840430306897578,-2.2375491375561593e-05,-0.008880932163864135,2024-05-20 00:00:00+00:00,2024
2468,-0.005545903497667455,-8.673617379884035e-19,0.004271311325189771,0.002352841821101282,0.001066619046622419,0.0020078168165907576,2024-05-21 00:00:00+00:00,2024
2469,-0.06528224028758149,0.0,0.038459435060022557,-0.0009071876901682457,0.0009225800477861146,0.04661348291380764,2024-05-22 00:00:00+00:00,2024
2470,0.008766926936249234,0.0,-0.007244990185725282,0.0008660280040050355,0.0002763682365132091,-0.0071898175200148864,2024-05-23 00:00:00+00:00,2024
2471,-0.06614322849174044,0.0,0.050173548352098564,0.0003314407460392882,0.0007123680136947447,0.056525597181226156,2024-05-24 00:00:00+00:00,2024
2472,-0.0788554922858281,1.3877787807814457e-17,0.06696897140483558,-0.0005121335958238049,-0.0002981431031267995,0.06419607822288487,2024-05-25 00:00:00+00:00,2024
2473,-0.00699967190400878,0.0,0.006212933988622154,-4.822881149478715e-06,0.0001819840202404565,0.005746122328848571,2024-05-26 00:00:00+00:00,2024
2474,0.03618271226313577,0.0,-0.029969954414572255,-0.0005758714871214182,-0.0002648908962320645,-0.03108808253233012,2024-05-27 00:00:00+00:00,2024
2475,0.00627045666993554,0.0,-0.005096900517476182,0.0010019577688381185,0.0003381303444324451,-0.005738295581282585,2024-05-28 00:00:00+00:00,2024
2476,-0.025006082520556094,3.469446951953614e-18,0.017250888115013643,0.00010726207220368086,5.95834896367671e-05,0.01760459656082957,2024-05-29 00:00:00+00:00,2024
2477,-0.021231726479174484,-3.469446951953614e-18,0.014952535358576727,0.0007658933433103074,-0.0007993634554518785,0.012969939851479487,2024-05-30 00:00:00+00:00,2024
2478,0.04176492610974098,6.938893903907228e-18,-0.027936401385899597,0.0007245866390916816,0.00012274390617295766,-0.021558231133772504,2024-05-31 00:00:00+00:00,2024
2479,-0.009578809809328905,0.0,0.00507701489189646,0.00014068516300550817,0.00020431212578877686,0.0038523093790639312,2024-06-01 00:00:00+00:00,2024
2480,0.02170779544915726,0.0,-0.010986856011555874,-0.0013020226226242264,-0.00032851958958051916,-0.0173835576654373,2024-06-02 00:00:00+00:00,2024
2481,0.014425711400473296,-1.734723475976807e-18,-0.009718506110743857,-0.00033775504778008926,-0.00025276956446022153,-0.010468505868783753,2024-06-03 00:00:00+00:00,2024
2482,0.013916868327268914,0.0,-0.009792839561503432,-0.0015337822307106928,-0.0008579174973106316,-0.01086785484658123,2024-06-04 00:00:00+00:00,2024
2483,0.0035907434883402354,-1.3010426069826053e-18,-0.002213096805852455,-0.00037638255509962965,0.0005810490871313843,-0.003460281578710304,2024-06-05 00:00:00+00:00,2024
2484,-0.015052906612851727,1.734723475976807e-18,0.010723169587137014,-8.832198012721608e-05,-0.00020746119913146906,0.012121098238697767,2024-06-06 00:00:00+00:00,2024
2485,-0.03188992169365954,0.0,0.02421563482463568,0.0008119662207841244,-0.0007777686622829974,0.023861875829902072,2024-06-07 00:00:00+00:00,2024
2486,0.003976260809073771,-1.734723475976807e-18,-0.00317204434099196,-0.0005255972721778051,0.00023985181841673728,-0.004563647142343841,2024-06-08 00:00:00+00:00,2024
2487,0.02342234294217332,-3.469446951953614e-18,-0.015435614920755375,-0.0011078531246922659,-0.001316779814991828,-0.018688929516529503,2024-06-09 00:00:00+00:00,2024
2488,-0.023692906799173,3.469446951953614e-18,0.016684087027039787,0.0009762091546485566,0.0002941833223909715,0.019702251769793025,2024-06-10 00:00:00+00:00,2024
2489,-0.005350282317713687,-8.673617379884035e-19,0.0045840785369625076,-0.00023562304014378057,0.00017275991200999246,0.0037785005489800556,2024-06-11 00:00:00+00:00,2024
2490,-0.026880922622250437,3.469446951953614e-18,0.019396091599776524,0.0009088538203501258,-8.993161043171702e-05,0.021493417245644734,2024-06-12 00:00:00+00:00,2024
2491,-0.013226657433617384,1.734723475976807e-18,0.010042120306642168,0.0010778075429655615,0.0006773725808140157,0.008968463080891727,2024-06-13 00:00:00+00:00,2024
2492,-0.02100663973872823,0.0,0.015705247201975095,-0.0012061207453483332,0.00048130680201454584,0.01564414276090877,2024-06-14 00:00:00+00:00,2024
2493,0.014215193744888879,1.734723475976807e-18,-0.011382223454259013,-0.00030102412762717835,0.00019296664545986712,-0.011829112725557617,2024-06-15 00:00:00+00:00,2024
2494,-0.011261884431193647,3.469446951953614e-18,0.009433713803237877,0.0010929133293379432,2.7644078137590428e-06,0.007867511283176247,2024-06-16 00:00:00+00:00,2024
2495,-0.006726138573840149,0.0,0.005265672442391895,0.0010746176596878772,0.0006215356494439373,0.005167810848572538,2024-06-17 00:00:00+00:00,2024
2496,0.010220911269797418,0.0,-0.007494723104220574,0.00015302848031126248,0.0008958322564262093,-0.007465468807098138,2024-06-18 00:00:00+00:00,2024
2497,-0.024873574425403337,3.469446951953614e-18,0.01609148751377425,-0.0004870097940857382,-0.0006334990757091603,0.017892448795529432,2024-06-19 00:00:00+00:00,2024
2498,0.04364904083988883,6.938893903907228e-18,-0.034100783072311486,-0.0018661073905529499,-0.0003770229926576621,-0.02948086133460408,2024-06-20 00:00:00+00:00,2024
2499,0.009705747428693269,0.0,-0.0024711865537782544,0.0017382085447652015,-0.0012194582725668958,-0.0057731111665027856,2024-06-21 00:00:00+00:00,2024
2500,0.03930161277154334,0.0,-0.02300598249517016,-0.0019289025628317358,0.00011255185355446562,-0.029256988507962153,2024-06-22 00:00:00+00:00,2024
2501,0.0036328806912988647,-8.673617379884035e-19,-0.0013404108512645907,0.001041950290207374,0.0009383834547575395,-0.0035123257357655775,2024-06-23 00:00:00+00:00,2024
2502,0.005371243433844775,-1.734723475976807e-18,-0.004201816040223953,-0.0001552021845680155,0.00028935860508320053,-0.0054637432685869574,2024-06-24 00:00:00+00:00,2024
2503,0.0013393329498463107,0.0,-0.001220511221812161,0.0010205189013520923,0.0009046927926745364,-0.0023332514973407837,2024-06-25 00:00:00+00:00,2024
2504,-0.028001285585245693,6.938893903907228e-18,0.02224991181627301,0.0008632507974160597,0.001047557764123505,0.01939961558262389,2024-06-26 00:00:00+00:00,2024
2505,-0.009336562533127634,0.0,0.006722990151828605,0.0006421748135444702,-0.00041077518213433924,0.006094494883647201,2024-06-27 00:00:00+00:00,2024
2506,0.004618668466582334,0.0,-0.0018993540987803257,0.002298320962347401,0.00037473531064230545,-0.002908587858807473,2024-06-28 00:00:00+00:00,2024
2507,0.015828479337328262,0.0,-0.009436485342893887,7.024332584476545e-05,-0.00011655359753404496,-0.012585333769665665,2024-06-29 00:00:00+00:00,2024
2508,-0.0010922669454385306,0.0,0.0016134457308186543,0.001399542342418153,0.0003789593750788254,1.1761663913872553e-05,2024-06-30 00:00:00+00:00,2024
2509,-0.007651602948894938,8.673617379884035e-19,0.00419388149968043,-0.0009630154512570406,-0.00015382415415793414,0.003236165666001041,2024-07-01 00:00:00+00:00,2024
2510,-0.020500765047000564,0.0,0.014696269851260746,0.0005890901203328934,-0.00014702855093074937,0.015032606739642872,2024-07-02 00:00:00+00:00,2024
2511,0.031106422875673716,0.0,-0.02242358365657727,0.0003362320744364697,-0.0004098015379758596,-0.017238567170381164,2024-07-03 00:00:00+00:00,2024
2512,0.0017295197676156313,-4.336808689942018e-19,-0.0012933282385579545,-0.001014613899494348,9.145429678017827e-05,-0.0022626569273676085,2024-07-04 00:00:00+00:00,2024
2513,-0.01608362179676085,0.0,0.009166449446290166,0.0004977550850788354,-0.0006293187590298809,0.009705244801561867,2024-07-05 00:00:00+00:00,2024
2514,-0.0023856995669940045,0.0,0.0014814232680236156,0.0007040160665264432,0.00021344511184740074,0.0009489786715969821,2024-07-06 00:00:00+00:00,2024
2515,0.003785135636802848,-8.673617379884035e-19,-0.002383576982545435,0.0004976350756365545,0.00013491775083486262,-0.0032890934159677007,2024-07-07 00:00:00+00:00,2024
2516,-0.006035410265886147,8.673617379884035e-19,0.0032979685663548563,-0.001215508360733514,0.00023862908199288792,0.003317655351483111,2024-07-08 00:00:00+00:00,2024
2517,0.004458300484955766,0.0,-0.0016204384582784092,0.0014082522629633538,-0.00030944993852717075,-0.0017373360017673561,2024-07-09 00:00:00+00:00,2024
2518,0.006100195509786824,8.673617379884035e-19,0.00024120996468269748,0.00020603902360583418,-0.00047604299368146034,-0.0021155372597542856,2024-07-10 00:00:00+00:00,2024
2519,-0.005203031401597817,8.673617379884035e-19,0.0026772068095605255,0.0008949286502218622,-2.4610279503898755e-06,0.00326447633474034,2024-07-11 00:00:00+00:00,2024
2520,-0.011359125603246326,3.469446951953614e-18,0.0031642984629628827,-0.00044234111782510965,-0.0008015651521227005,0.003710127173543923,2024-07-12 00:00:00+00:00,2024
2521,-0.010802496935575064,0.0,0.005111550666274988,-0.00015309167279538467,0.0009019459518950917,0.00657737955206608,2024-07-13 00:00:00+00:00,2024
2522,0.003662950664986181,0.0,-0.00035112997288188957,0.0007081988880483854,0.0009256701040578105,-0.0024793549369003815,2024-07-14 00:00:00+00:00,2024
2523,0.014085164051929503,0.0,-0.00932654680075275,-0.0006019776049015161,-0.00018865216775442242,-0.011260515008869171,2024-07-15 00:00:00+00:00,2024
2524,-0.03925190217622364,0.0,0.025667665942883673,-0.00131073061452891,0.0013931245201109846,0.021237997175072215,2024-07-16 00:00:00+00:00,2024
2525,-0.0008085570262588617,-1.0842021724855044e-18,0.0008674393203450822,0.0017125068355086715,0.00017556703697205168,-0.0005452024964028893,2024-07-17 00:00:00+00:00,2024
2526,-0.013990178363013814,1.734723475976807e-18,0.007489936012839054,0.00012061699343397445,-0.000396428846918118,0.007672793555646747,2024-07-18 00:00:00+00:00,2024
2527,0.014398107091889127,0.0,-0.006714738339144535,0.0011254102967747249,-0.00010612449942725387,-0.008599778436285756,2024-07-19 00:00:00+00:00,2024
2528,-0.0005964450253785112,1.0842021724855044e-19,-0.0017907425531337616,2.4564301577015236e-06,-0.0007684230702018942,-0.0022247597616329917,2024-07-20 00:00:00+00:00,2024
2529,-0.004741689176049851,8.673617379884035e-19,0.0035768029455287833,0.000786533315974833,-0.00016470057446087236,0.0035634647180567266,2024-07-21 00:00:00+00:00,2024
2530,0.011318040258101835,1.734723475976807e-18,-0.007550749548869776,0.00028703012243724325,-6.812880163844202e-05,-0.007815572525158392,2024-07-22 00:00:00+00:00,2024
2531,-0.0009683866537254275,-5.421010862427522e-19,0.0011797205860208451,0.0004646347773628049,0.0005407678054951552,-0.00013660961809124105,2024-07-23 00:00:00+00:00,2024
2532,-0.0015168590400055164,-2.168404344971009e-19,0.0013577914816984076,3.159656662904712e-05,-0.0003230646816908538,0.0008403714398288776,2024-07-24 00:00:00+00:00,2024
2533,0.006465310358819161,-8.673617379884035e-19,-0.0037581982875005246,0.00036711233401924385,-0.0005120762069120684,-0.006122662487752111,2024-07-25 00:00:00+00:00,2024
2534,0.007206446341885865,-8.673617379884035e-19,-0.0025254322293224926,0.000753335868414794,0.0007737942440428202,-0.006665614268660797,2024-07-26 00:00:00+00:00,2024
2535,-0.0031676419818674334,0.0,0.003341793786945514,0.0010317820413338827,-0.00029118059339616753,0.0029111233743938144,2024-07-27 00:00:00+00:00,2024
2536,0.016846448410558337,0.0,-0.011442736779388247,0.0005959273804392526,-0.00029152241054956896,-0.013555690483496172,2024-07-28 00:00:00+00:00,2024
2537,0.0016157913754004558,2.168404344971009e-19,-0.0011620919193909198,0.0001868267242639541,-0.0003983590129302912,-0.0020930426295447477,2024-07-29 00:00:00+00:00,2024
2538,-0.008364099582643,1.734723475976807e-18,0.005603434038638058,-0.00011329168909142082,0.0001514411670198272,0.00436451342152174,2024-07-30 00:00:00+00:00,2024
2539,-0.01244049308864215,1.734723475976807e-18,0.00807108620188963,-0.00012665658822634193,0.0005452535972711985,0.008294163983689437,2024-07-31 00:00:00+00:00,2024
2540,-0.018451280266274024,3.469446951953614e-18,0.01147985883703288,0.000662738673880104,0.00015711362246155491,0.012720307996909028,2024-08-01 00:00:00+00:00,2024
2541,0.0026431870824508083,0.0,-0.0015494725131317752,0.0006085023756217086,0.00033344602342957495,-0.0016534439409977397,2024-08-02 00:00:00+00:00,2024
2542,-0.000844045449759214,9.75781955236954e-19,0.0008339750118942251,0.0008805624677388177,0.0008198436339540322,-0.0016743901065762222,2024-08-03 00:00:00+00:00,2024
2543,0.0009996668073057218,-2.168404344971009e-19,0.0007797322520159266,0.0005400225299951262,0.0009283829321192936,-0.0006475425223823043,2024-08-04 00:00:00+00:00,2024
2544,-0.003702251055768428,-4.336808689942018e-19,0.001766817090773911,-0.0003230121188548241,-2.0768549651187414e-05,0.0019998928276560198,2024-08-05 00:00:00+00:00,2024
2545,0.0019055081687810768,-6.505213034913027e-19,-0.0005883448556172888,0.0009858938354057394,-0.00021155894411349825,-0.0007424577320005474,2024-08-06 00:00:00+00:00,2024
2546,-0.006432408139905857,8.673617379884035e-19,0.003998817493181464,-0.00017866510119861692,-0.00018434340948184948,0.0033571673354190704,2024-08-07 00:00:00+00:00,2024
2547,0.05184214533740328,0.0,-0.02766056982592647,0.00043743799290719976,0.001970072219199079,-0.04013353400160995,2024-08-08 00:00:00+00:00,2024
2548,0.05292185754266404,-1.3877787807814457e-17,-0.04095663359407696,0.0013946302576334016,0.006267813061619991,-0.04179258309520137,2024-08-09 00:00:00+00:00,2024
2549,0.08897650833348282,-1.3877787807814457e-17,-0.06500201061397329,0.0009632025233499569,-0.0021554681389555214,-0.07079415951328728,2024-08-10 00:00:00+00:00,2024
2550,-0.021191487785514076,3.469446951953614e-18,0.016554182931231537,-0.0009565267964401249,0.0004111656535812809,0.016972589542864625,2024-08-11 00:00:00+00:00,2024
2551,0.025925532552122158,-3.469446951953614e-18,-0.021834307353132895,-5.053240422876748e-05,-0.0003351195729881344,-0.02204133938588617,2024-08-12 00:00:00+00:00,2024
2552,-0.01326445086311748,0.0,0.010853721493137826,-0.0002749518895986437,0.0003883615419673428,0.006125272322094441,2024-08-13 00:00:00+00:00,2024
2553,-0.014707421073476777,1.734723475976807e-18,0.00895789269611998,-8.715799115824839e-05,0.0004203209398209399,0.01036972211521578,2024-08-14 00:00:00+00:00,2024
2554,0.020715268758627083,3.469446951953614e-18,-0.015273985271236846,0.00012309184598890618,0.0008432328901727369,-0.01651852741253706,2024-08-15 00:00:00+00:00,2024
2555,0.0013721899221871645,4.336808689942018e-19,0.0002710345742894789,0.00258530937377222,-0.00030357029599161357,-7.779922516666215e-05,2024-08-16 00:00:00+00:00,2024
2556,-0.03149600429389313,6.938893903907228e-18,0.021012912662241544,0.00014187527297107594,0.0004208381083619858,0.023239999479250314,2024-08-17 00:00:00+00:00,2024
2557,0.00397949728346963,-8.673617379884035e-19,-0.003130861260099889,-0.0005802575382224057,-0.0001697257153291951,-0.003822873783736199,2024-08-18 00:00:00+00:00,2024
2558,-0.019423764625578436,0.0,0.013437753593856464,-0.0003015632847635681,-0.00046460877529171454,0.015787813066707228,2024-08-19 00:00:00+00:00,2024
2559,0.010654002200556165,0.0,-0.008970342355986283,-0.0009197835687416566,-0.00011018162398814674,-0.0077135245836051185,2024-08-20 00:00:00+00:00,2024
